"Brand_Reg","Model_No","SoldIn","Screen_Tech","Pasv_stnd_power","ExpDate","Availability Status","Product Website","Registration Number","Submit_ID","screensize","Screen_Area","Avg_mode_power","Labelled energy consumption (kWh/year)","Star2","Star Rating Index","Screen Size (inches)","Screen Size Band"
"PHILIPS","24HFL3011T/12","Australia,Fiji,New Zealand","LCD (LED)","-","2027-08-21","Available","https://www.westan.net.nz","ATV5188",140130,59.687,1523.6000000000001,17.38,65,6,6.206406424105242,23.498818897637793,"1. ≤43 inches"
"PHILIPS","43HFL5011T/12","Australia,Fiji,New Zealand","LCD (LED)","-","2027-08-21","Available","https://www.westan.net.nz","ATV5189",140286,108.037,4983.18,43.23,160,6,6.374499841331531,42.53425196850394,"1. ≤43 inches"
"PHILIPS","49HFL5011T/12","Australia,Fiji,New Zealand","LCD (LED)","-","2027-08-22","Available","https://www.westan.net.nz","ATV5190",140289,123.17,6476.22,47.37,175,7,7.01820175064728,48.49212598425197,"2. 44–55 inches"
"PHILIPS","55HFL5011T/12","Australia,Fiji,New Zealand","LCD (LED)","-","2027-08-21","Available","https://www.westan.net.nz","ATV5186",140292,138.935,8246.909999999998,54.84,202,7,7.363472126667125,54.69881889763779,"2. 44–55 inches"
"PHILIPS","65HFL7111T/12","Australia,Fiji,New Zealand","LCD (LED)","-","2027-08-21","Available","https://www.westan.net.nz","ATV5185",140296,163.655,11450.779999999999,131.3,483,4.5,4.8284525181425515,64.43110236220473,"3. 56–65 inches"
"PHILIPS","55HFL7011T/12","Australia,Fiji,New Zealand","LCD (LED)","-","2027-08-28","Available","https://www.westan.net.nz","ATV5200",140297,138.798,8228,140.3,514,3,3.1685433369151603,54.64488188976378,"2. 44–55 inches"
"HISENSE","65U9G","Australia,New Zealand","LCD (LED)","0.33","2026-10-18","Available","https://global.hisense.com/","ATV4635",141068,163.896,11478.122496000002,152.07,649,3.5,3.514641825425533,64.5259842519685,"3. 56–65 inches"
"HISENSE","70A6G","Australia,New Zealand","LCD (LED)","0.32","2026-10-21","Available","https://global.hisense.com/","ATV4644",141093,176.57,13119.418367999999,106.02,422,6,6.01015601007195,69.51574803149606,"4. >65 inches"
"POLAROID","PL6521OS","Australia","LCD (LED)","0.3594","2026-10-06","Available",,"ATV4616",141716,163.896,11478.122496000002,95.274,367,6,6.0693688847202,64.5259842519685,"3. 56–65 inches"
"AKAI","AK3221S6WOS","Australia,Fiji,New Zealand","LCD (LED)","0.36","2026-10-10","Available",,"ATV4620",141748,80.054,2736.1600000000003,25.5,98,6,6.316630932016583,31.517322834645668,"1. ≤43 inches"
"PHILIPS","50HFL5214U/97","Australia,New Zealand","LCD (LED)","0.39","2026-10-06","Available",,"ATV4615",141784,125.741,6756.2235,62.33,253,5.5,5.537859061582124,49.50433070866141,"2. 44–55 inches"
"PHILIPS","50BFL2214/97","Australia,New Zealand","LCD (LED)","0.39","2026-10-06","Available",,"ATV4615",141784,125.741,6756.2235,62.33,253,5.5,5.537859061582124,49.50433070866141,"2. 44–55 inches"
"PHILIPS","65HFL5214U/97","Australia,New Zealand","LCD (LED)","0.41","2026-10-06","Available",,"ATV4614",141792,163.897,11477.9975,94.45,382,5.5,5.889802753064086,64.52637795275591,"3. 56–65 inches"
"PHILIPS","65BFL2214/97","Australia,New Zealand","LCD (LED)","0.41","2026-10-06","Available",,"ATV4614",141792,163.897,11477.9975,94.45,382,5.5,5.889802753064086,64.52637795275591,"3. 56–65 inches"
"PHILIPS","55HFL5214U/97","Australia,Fiji,New Zealand","LCD (LED)","0.4","2026-10-06","Available",,"ATV4613",141806,138.783,8230.118400000001,70.66,286,5.5,5.796755940359919,54.63897637795275,"2. 44–55 inches"
"PHILIPS","55BFL2214/97","Australia,Fiji,New Zealand","LCD (LED)","0.4","2026-10-06","Available",,"ATV4613",141806,138.783,8230.118400000001,70.66,286,5.5,5.796755940359919,54.63897637795275,"2. 44–55 inches"
"POLAROID","PL3221OS","Australia,Fiji,New Zealand","LCD (LED)","0.36","2026-10-10","Available",,"ATV4622",142044,80.054,2736.1600000000003,25.5,98,6,6.316630932016583,31.517322834645668,"1. ≤43 inches"
"SAMSUNG","QA55Q95TDW","Australia,Fiji,New Zealand","LCD (LED)","0.5","2026-10-12","Available",,"ATV4625",142136,138.783,8230.118400000001,140,514,3,3.169606505914303,54.63897637795275,"2. 44–55 inches"
"SAMSUNG","QA55Q95TDS","Australia,Fiji,New Zealand","LCD (LED)","0.5","2026-10-12","Available",,"ATV4625",142136,138.783,8230.118400000001,140,514,3,3.169606505914303,54.63897637795275,"2. 44–55 inches"
"SAMSUNG","QA65Q95TDW","Australia,Fiji,New Zealand","LCD (LED)","0.5","2026-10-14","Available",,"ATV4628",142137,163.897,11477.9975,205,751,2.5,2.8604297813769004,64.52637795275591,"3. 56–65 inches"
"SAMSUNG","QA65Q95TDS","Australia,Fiji,New Zealand","LCD (LED)","0.5","2026-10-14","Available",,"ATV4628",142137,163.897,11477.9975,205,751,2.5,2.8604297813769004,64.52637795275591,"3. 56–65 inches"
"SAMSUNG","QA75Q95TDW","Australia,Fiji,New Zealand","LCD (LED)","0.5","2026-10-12","Available",,"ATV4624",142140,189.338,15318.8066,237,868,3,3.4400576356692643,74.54251968503937,"4. >65 inches"
"SHARETV","ST1922G","Australia,New Zealand","LCD","0.25","2026-10-13","Available",,"ATV4626",142168,54.392,1258.75,28.1,106,3,3.44650912314627,21.414173228346456,"1. ≤43 inches"
"KOGAN","KAQLED55XQ9610STA","Australia,Fiji,New Zealand","LCD","0.4","2026-10-14","Available",,"ATV4631",142171,138.711,8221.2,113,415,4,4.123905176605657,54.61062992125985,"2. 44–55 inches"
"PHILIPS","55OLED706/75","Australia,Fiji,New Zealand","LCD (LED)","0.29","2026-10-12","Available",,"ATV4623",142174,138.783,8230.118400000001,148,596,2.5,2.5062783445651067,54.63897637795275,"2. 44–55 inches"
"PHILIPS","55OLED706/79","Australia,Fiji,New Zealand","LCD (LED)","0.29","2026-10-12","Available",,"ATV4623",142174,138.783,8230.118400000001,148,596,2.5,2.5062783445651067,54.63897637795275,"2. 44–55 inches"
"BLAUPUNKT","BP4000F","Australia","LCD (LED)","0.28","2026-10-14","Available","https://www.ayonz.com/","ATV4632",142181,100.332,4261.934154240001,57.3,211,4.5,4.526400619045754,39.5007874015748,"1. ≤43 inches"
"VEON","VN40WOS2021","Australia,Fiji,New Zealand","LCD (LED)","0.408","2026-10-14","Available",,"ATV4627",142195,100.353,4267.08,47.3,175,5,5.3693943713016585,39.50905511811023,"1. ≤43 inches"
"PHILIPS","75PUT7906/79","Australia,Fiji,New Zealand","LCD (LED)","0.41","2026-10-14","Available",,"ATV4633",142225,189.275,15307.5663,169.26,682,4.5,4.517660502557614,74.51771653543307,"4. >65 inches"
"PHILIPS","75PUT7906/75","Australia,Fiji,New Zealand","LCD (LED)","0.41","2026-10-14","Available",,"ATV4633",142225,189.275,15307.5663,169.26,682,4.5,4.517660502557614,74.51771653543307,"4. >65 inches"
"EKO","K32HSW","Australia","LCD (LED)","0.39","2026-10-14","Available","https://www.ayonz.com/","ATV4634",142237,80.039,2736.70931232,36.2,135,4.5,4.881915640744987,31.511417322834646,"1. ≤43 inches"
"KOGAN","KALED43XT9610STA","Australia,Fiji,New Zealand","LCD","0.45","2026-10-18","Available",,"ATV4636",142382,107.95,4977.889999999999,65,240,4.5,4.553267260591147,42.5,"1. ≤43 inches"
"PHILIPS","65PML9506/79","Australia,Fiji,New Zealand","LCD (LED)","0.28","2026-10-21","Available",,"ATV4643",142395,163.897,11477.9975,180,725,3,3.0183281239547997,64.52637795275591,"3. 56–65 inches"
"PHILIPS","65PML9506/75","Australia,Fiji,New Zealand","LCD (LED)","0.28","2026-10-21","Available",,"ATV4643",142395,163.897,11477.9975,180,725,3,3.0183281239547997,64.52637795275591,"3. 56–65 inches"
"SAMSUNG","HG43AJ690YK","Australia,Fiji,New Zealand","LCD (LED)","0.5","2026-10-19","Available",,"ATV4637",142402,107.987,4982.7128,69,255,4,4.285387548332183,42.514566929133856,"1. ≤43 inches"
"SAMSUNG","HG55AJ690YK","Australia,Fiji,New Zealand","LCD (LED)","0.5","2026-10-21","Available",,"ATV4645",142403,138.783,8230.118400000001,91,335,5,5.088069894655924,54.63897637795275,"2. 44–55 inches"
"SAMSUNG","HG50AJ690YK","Australia,Fiji,New Zealand","LCD (LED)","0.5","2026-10-19","Available",,"ATV4638",142408,125.727,6754.5112,85,313,4.5,4.5831222380335825,49.4988188976378,"2. 44–55 inches"
"SAMSUNG","HG65AJ690YK","Australia,Fiji,New Zealand","LCD (LED)","0.5","2026-10-21","Available",,"ATV4646",142409,163.897,11477.9975,116,426,5,5.401243988893101,64.52637795275591,"3. 56–65 inches"
"SAMSUNG","HG75AJ690YK","Australia,Fiji,New Zealand","LCD (LED)","0.5","2026-10-19","Available",,"ATV4639",142410,189.333,15317.1564,154,565,5,5.363765317705205,74.54055118110236,"4. >65 inches"
"SAMSUNG","UA50AU7002S","Australia,Fiji,New Zealand","LCD (LED)","0.5","2026-10-21","Available",,"ATV4647",142421,125.727,6754.5112,71,262,5,5.380181735077315,49.4988188976378,"2. 44–55 inches"
"WALTON","43D210N","Australia,Fiji,New Zealand","LCD (LED)","-","2026-11-09","Available",,"ATV4676",141823,109.275,5130,36.4,140,7,7.087207125920074,43.02165354330709,"2. 44–55 inches"
"WALTON","W43D210N","Australia,Fiji,New Zealand","LCD (LED)","-","2026-11-09","Available",,"ATV4676",141823,109.275,5130,36.4,140,7,7.087207125920074,43.02165354330709,"2. 44–55 inches"
"WALTON","W43D210NAU","Australia,Fiji,New Zealand","LCD (LED)","-","2026-11-09","Available",,"ATV4676",141823,109.275,5130,36.4,140,7,7.087207125920074,43.02165354330709,"2. 44–55 inches"
"KOGAN","KAQLED75XQ9610STA","Australia,Fiji,New Zealand","LCD","0.45","2026-10-24","Available",,"ATV4655",142463,189.306,15312,182,667,4.5,4.618566592645355,74.52992125984252,"4. >65 inches"
"PHILIPS","43HFL6214U/12","Australia,Fiji,New Zealand","LCD (LED)","0.31","2026-10-24","Available",,"ATV4652",142475,107.987,4982.7128,53.2,216,5,5.029236682652613,42.514566929133856,"1. ≤43 inches"
"PHILIPS","50HFL6214U/12","Australia,Fiji,New Zealand","LCD (LED)","0.28","2026-10-20","Available",,"ATV4640",142478,125.741,6756.2235,64.01,259,5,5.43282096913457,49.50433070866141,"2. 44–55 inches"
"PHILIPS","75HFL6214U/12","Australia,Fiji,New Zealand","LCD (LED)","0.28","2026-10-24","Available",,"ATV4653",142481,189.275,15307.5663,109.86,443,6,6.451213523728212,74.51771653543307,"4. >65 inches"
"PHILIPS","75PML9506/79","Australia,Fiji,New Zealand","LCD (LED)","0.28","2026-10-20","Available",,"ATV4641",142508,189.274,15307.855004000001,195,785,3.5,3.8874113908802133,74.51732283464567,"4. >65 inches"
"PHILIPS","75PML9506/75","Australia,Fiji,New Zealand","LCD (LED)","0.28","2026-10-20","Available",,"ATV4641",142508,189.274,15307.855004000001,195,785,3.5,3.8874113908802133,74.51732283464567,"4. >65 inches"
"PHILIPS","58HFL6214U/12","Australia,Fiji,New Zealand","LCD (LED)","0.28","2026-10-24","Available",,"ATV4654",142509,146.068,9162.501400000001,72.81,294,6,6.118158093653914,57.50708661417323,"3. 56–65 inches"
"PHILIPS","65HFL6214U/12","Australia,Fiji,New Zealand","LCD (LED)","0.28","2026-10-20","Available",,"ATV4642",142510,163.897,11477.9975,94.36,381,5.5,5.9015496015140485,64.52637795275591,"3. 56–65 inches"
"KOGAN","KALED24EH7520SVA","Australia,Fiji,New Zealand","LCD (LED)","0.6","2026-11-02","Available",,"ATV4660",142563,59.824,1528.86953664,18.4,84,5,5.067844048828729,23.55275590551181,"1. ≤43 inches"
"MYVI","UR-LED2402NS","Australia,New Zealand","LCD (LED)","0.32","2026-11-03","Available",,"ATV4663",142575,60.095,1548.08,20.12,85,5,5.053262883445185,23.659448818897637,"1. ≤43 inches"
"SAMSUNG","UA55AU7002S","Australia,Fiji,New Zealand","LCD (LED)","0.5","2026-11-02","Available",,"ATV4659",142636,138.783,8230.118400000001,77,284,5.5,5.828204631649972,54.63897637795275,"2. 44–55 inches"
"CAIXUN","LE-40V1","Australia,Fiji,New Zealand","LCD (LED)","0.34","2026-11-04","Available",,"ATV4670",142241,100.332,4261.934154240001,38.92,151,6,6.025786528657009,39.5007874015748,"1. ≤43 inches"
"CHIQ","U75F8T","Australia,Fiji,New Zealand","LCD (LED)","-","2026-10-27","Available",,"ATV4656",142654,189.324,15313.856,138,506,5.5,5.857093446876125,74.53700787401576,"4. >65 inches"
"STAN CASH","TV185CLEARA","Australia","LCD (LED)","0.26","2026-11-08","Available",,"ATV4675",142214,46.787,934.3199999999998,16.1569,60,5,5.185512454710998,18.42007874015748,"1. ≤43 inches"
"KOGAN","KAQLED65XQ9610STA","Australia,Fiji,New Zealand","LCD","0.43","2026-11-03","Available",,"ATV4661",142663,163.829,11466.84,156,572,4,4.076463412951497,64.4996062992126,"3. 56–65 inches"
"EKO","K58USG","Australia","LCD","0.35","2026-11-03","Available","https://www.ayonz.com/","ATV4665",142691,146.068,9162.865152,94.12,346,5,5.388483736880021,57.50708661417323,"3. 56–65 inches"
"EKO","K75USW","Australia","LCD","0.34","2026-11-04","Available","https://www.ayonz.com/","ATV4671",142701,189.274,15307.826135039999,206.62,756,4,4.056094456069051,74.51732283464567,"4. >65 inches"
"EKO","K700USG","Australia","LCD","0.31","2026-11-03","Available","https://www.ayonz.com/","ATV4666",142703,176.538,13380.468019200001,126.96,465,5.5,5.659177175959103,69.50314960629922,"4. >65 inches"
"EKO","K70USW","Australia","LCD","0.29","2026-11-03","Available","https://www.ayonz.com/","ATV4668",142704,176.538,13380.468019200001,167.26,612,4,4.428154028271673,69.50314960629922,"4. >65 inches"
"SHENZHEN XINCHAODA TECHNOLOGY CO., LTD","LEQ65W722","Australia,Fiji,New Zealand","LCD (LED)","-","2026-11-03","Available",,"ATV4662",140784,163.896,11478.122496000002,100.64,369,6,6.045013280653004,64.5259842519685,"3. 56–65 inches"
"SHENZHEN XINCHAODA TECHNOLOGY CO., LTD","LEQ55A722","Australia,Fiji,New Zealand","LCD (LED)","-","2026-11-11","Available",,"ATV4680",142739,138.783,8230.118400000001,103.61,381,4.5,4.511450751759631,54.63897637795275,"2. 44–55 inches"
"SHENZHEN XINCHAODA TECHNOLOGY CO., LTD","LEQ55W722","Australia,Fiji,New Zealand","LCD (LED)","-","2026-11-11","Available",,"ATV4681",142745,138.783,8230.118400000001,98.45,362,4.5,4.740698529701904,54.63897637795275,"2. 44–55 inches"
"SHENZHEN XINCHAODA TECHNOLOGY CO., LTD","LEQ65A722","Australia,Fiji,New Zealand","LCD (LED)","-","2026-11-11","Available",,"ATV4682",142747,163.896,11478.122496000002,109.48,402,5.5,5.661155248126301,64.5259842519685,"3. 56–65 inches"
"LG","50UR767H3VC","Australia,New Zealand","LCD (LED)","0.4","2026-11-07","Available",,"ATV4672",142796,125.727,6754.5112,78,287,4.5,4.971755359043742,49.4988188976378,"2. 44–55 inches"
"LG","55UR767H3VC","Australia,New Zealand","LCD (LED)","0.4","2026-11-09","Available",,"ATV4677",142797,138.783,8230.118400000001,101,371,4.5,4.630644483160877,54.63897637795275,"2. 44–55 inches"
"LG","65UR767H3VC","Australia,New Zealand","LCD (LED)","0.4","2026-11-07","Available",,"ATV4673",142798,163.897,11477.9975,118,433,5,5.328204093107946,64.52637795275591,"3. 56–65 inches"
"KOGAN","KALED40RF9220STB","Australia,Fiji,New Zealand","LCD (LED)","0.3","2026-11-09","Available",,"ATV4678",142807,100.305,4258.3,40,149,6,6.082256469696936,39.49015748031496,"1. ≤43 inches"
"KOGAN","KALED40RF9210STB","Australia,Fiji,New Zealand","LCD (LED)","0.3","2026-11-09","Available",,"ATV4678",142807,100.305,4258.3,40,149,6,6.082256469696936,39.49015748031496,"1. ≤43 inches"
"AKAI","AK6521S6WOS","Australia","LCD (LED)","0.3594","2026-11-07","Available",,"ATV4674",142810,163.896,11478.122496000002,95.274,367,6,6.0693688847202,64.5259842519685,"3. 56–65 inches"
"LINSAR","LS65UHDNF","Australia","LCD (LED)","0.3594","2026-11-11","Available",,"ATV4679",142813,163.896,11478.122496000002,95.274,367,6,6.0693688847202,64.5259842519685,"3. 56–65 inches"
"PHILIPS","19HFL5214W/12","Australia,Fiji,New Zealand","LCD (LED)","0.32","2026-11-15","Available",,"ATV4683",142849,47.013,944.1791999999999,15.12,62,5,5.065515602883841,18.509055118110236,"1. ≤43 inches"
"JVC","LT-32N3115AM","Australia,Fiji","LCD","0.31","2026-11-22","Available",,"ATV4696",142898,79.744,2717.4500000000003,32.7,130,5,5.025863763302918,31.39527559055118,"1. ≤43 inches"
"SONY","KD-43X75K","Australia,New Zealand","LCD (LED)","0.5","2026-11-15","Available","https://www.sony.com.au/","ATV4687",142970,107.95,4977.889999999999,70,261,4,4.177359090775439,42.5,"1. ≤43 inches"
"SONY","KD-50X75K","Australia,New Zealand","LCD (LED)","0.5","2026-11-15","Available","https://www.sony.com.au/","ATV4686",142973,125.725,6751.36,84,312,4.5,4.595568072425353,49.49803149606299,"2. 44–55 inches"
"JVC","LT-42N5125A","Australia,Fiji","LCD","0.36","2026-11-23","Available",,"ATV4698",142983,105.396,4684.68,57.6,230,4.5,4.506395613917393,41.494488188976376,"1. ≤43 inches"
"JVC","LT-55NQ7105AM","Australia,Fiji","LCD","0.374","2026-11-24","Available",,"ATV4703",142985,138.798,8228,100.2,400,4,4.292298502011051,54.64488188976378,"2. 44–55 inches"
"JVC","LT-50NQ7115A","Australia,Fiji","LCD","0.411","2026-11-22","Available",,"ATV4695",142986,125.365,6711.0199999999995,84.4,354,4,4.005266563232905,49.35629921259842,"2. 44–55 inches"
"KOGAN","KALED43RT9220SVA","Australia,Fiji,New Zealand","LCD (LED)","-","2026-11-24","Available","https://www.expressluck.com","ATV4699",143011,107.987,4982.77868544,47.23,194,5.5,5.51068390027356,42.514566929133856,"1. ≤43 inches"
"KOGAN","KALED43RT9220SVB","Australia,Fiji,New Zealand","LCD (LED)","-","2026-11-24","Available","https://www.expressluck.com","ATV4699",143011,107.987,4982.77868544,47.23,194,5.5,5.51068390027356,42.514566929133856,"1. ≤43 inches"
"KOGAN","KALED43RT9220SVC","Australia,Fiji,New Zealand","LCD (LED)","-","2026-11-24","Available","https://www.expressluck.com","ATV4699",143011,107.987,4982.77868544,47.23,194,5.5,5.51068390027356,42.514566929133856,"1. ≤43 inches"
"KOGAN","KALED43RT9220SVD","Australia,Fiji,New Zealand","LCD (LED)","-","2026-11-24","Available","https://www.expressluck.com","ATV4699",143011,107.987,4982.77868544,47.23,194,5.5,5.51068390027356,42.514566929133856,"1. ≤43 inches"
"KOGAN","KALED50RT9220SVA","Australia,Fiji,New Zealand","LCD (LED)","-","2026-11-22","Available","https://www.expressluck.com","ATV4691",143012,125.731,6754.867344,50.6,210,6,6.371851645208939,49.5003937007874,"2. 44–55 inches"
"KOGAN","KALED50RT9220SVB","Australia,Fiji,New Zealand","LCD (LED)","-","2026-11-22","Available","https://www.expressluck.com","ATV4691",143012,125.731,6754.867344,50.6,210,6,6.371851645208939,49.5003937007874,"2. 44–55 inches"
"KOGAN","KALED50RT9220SVC","Australia,Fiji,New Zealand","LCD (LED)","-","2026-11-22","Available","https://www.expressluck.com","ATV4691",143012,125.731,6754.867344,50.6,210,6,6.371851645208939,49.5003937007874,"2. 44–55 inches"
"KOGAN","KALED50RT9220SVD","Australia,Fiji,New Zealand","LCD (LED)","-","2026-11-22","Available","https://www.expressluck.com","ATV4691",143012,125.731,6754.867344,50.6,210,6,6.371851645208939,49.5003937007874,"2. 44–55 inches"
"KOGAN","LE-50series","Australia,Fiji,New Zealand","LCD (LED)","-","2026-11-22","Available","https://www.expressluck.com","ATV4691",143012,125.731,6754.867344,50.6,210,6,6.371851645208939,49.5003937007874,"2. 44–55 inches"
"KOGAN","KAQLED55RQ9510SVA","Australia,Fiji,New Zealand","LCD (LED)","-","2026-11-24","Available","https://www.expressluck.com","ATV4700",143013,138.783,8230.118400000001,53.64,247,6,6.453747698931702,54.63897637795275,"2. 44–55 inches"
"KOGAN","KAQLED55RQ9510SVB","Australia,Fiji,New Zealand","LCD (LED)","-","2026-11-24","Available","https://www.expressluck.com","ATV4700",143013,138.783,8230.118400000001,53.64,247,6,6.453747698931702,54.63897637795275,"2. 44–55 inches"
"KOGAN","KAQLED55RQ9510SVC","Australia,Fiji,New Zealand","LCD (LED)","-","2026-11-24","Available","https://www.expressluck.com","ATV4700",143013,138.783,8230.118400000001,53.64,247,6,6.453747698931702,54.63897637795275,"2. 44–55 inches"
"KOGAN","KAQLED55RQ9510SVD","Australia,Fiji,New Zealand","LCD (LED)","-","2026-11-24","Available","https://www.expressluck.com","ATV4700",143013,138.783,8230.118400000001,53.64,247,6,6.453747698931702,54.63897637795275,"2. 44–55 inches"
"KOGAN","KALED58RT9220SVA","Australia,Fiji,New Zealand","LCD (LED)","-","2026-11-21","Available","https://www.expressluck.com","ATV4690",143014,146.068,9162.865152,65.21,271,6,6.483384094694954,57.50708661417323,"3. 56–65 inches"
"KOGAN","KALED58RT9220SVB","Australia,Fiji,New Zealand","LCD (LED)","-","2026-11-21","Available","https://www.expressluck.com","ATV4690",143014,146.068,9162.865152,65.21,271,6,6.483384094694954,57.50708661417323,"3. 56–65 inches"
"KOGAN","KALED58RT9220SVC","Australia,Fiji,New Zealand","LCD (LED)","-","2026-11-21","Available","https://www.expressluck.com","ATV4690",143014,146.068,9162.865152,65.21,271,6,6.483384094694954,57.50708661417323,"3. 56–65 inches"
"KOGAN","KALED58RT9220SVD","Australia,Fiji,New Zealand","LCD (LED)","-","2026-11-21","Available","https://www.expressluck.com","ATV4690",143014,146.068,9162.865152,65.21,271,6,6.483384094694954,57.50708661417323,"3. 56–65 inches"
"KOGAN","LE-58series","Australia,Fiji,New Zealand","LCD (LED)","-","2026-11-21","Available","https://www.expressluck.com","ATV4690",143014,146.068,9162.865152,65.21,271,6,6.483384094694954,57.50708661417323,"3. 56–65 inches"
"BLAUPUNKT","BP3200HDV7100","Australia","LCD","0.27","2026-11-22","Available","https://www.ayonz.com/","ATV4692",143083,80.039,2736.7112736,34.48,128,5,5.120529236509593,31.511417322834646,"1. ≤43 inches"
"KOGAN","LE-55series","Australia,Fiji,New Zealand","LCD (LED)","-","2026-11-24","Available","https://www.expressluck.com","ATV4700",143013,138.783,8230.118400000001,53.64,247,6,6.453747698931702,54.63897637795275,"2. 44–55 inches"
"KOGAN","LE-43series","Australia,Fiji,New Zealand","LCD (LED)","-","2026-11-24","Available","https://www.expressluck.com","ATV4699",143011,107.987,4982.77868544,47.23,194,5.5,5.51068390027356,42.514566929133856,"1. ≤43 inches"
"KOGAN","KALED40RT9220SVA","Australia,Fiji,New Zealand","LCD (LED)","-","2026-11-22","Available","https://www.expressluck.com","ATV4694",143136,100.332,4261.934154240001,34.52,151,6,6.025786528657009,39.5007874015748,"1. ≤43 inches"
"KOGAN","KALED40RT9220SVB","Australia,Fiji,New Zealand","LCD (LED)","-","2026-11-22","Available","https://www.expressluck.com","ATV4694",143136,100.332,4261.934154240001,34.52,151,6,6.025786528657009,39.5007874015748,"1. ≤43 inches"
"KOGAN","KALED40RT9220SVC","Australia,Fiji,New Zealand","LCD (LED)","-","2026-11-22","Available","https://www.expressluck.com","ATV4694",143136,100.332,4261.934154240001,34.52,151,6,6.025786528657009,39.5007874015748,"1. ≤43 inches"
"KOGAN","KALED40RT9220SVD","Australia,Fiji,New Zealand","LCD (LED)","-","2026-11-22","Available","https://www.expressluck.com","ATV4694",143136,100.332,4261.934154240001,34.52,151,6,6.025786528657009,39.5007874015748,"1. ≤43 inches"
"KOGAN","*****40*****","Australia,Fiji,New Zealand","LCD (LED)","-","2026-11-22","Available","https://www.expressluck.com","ATV4694",143136,100.332,4261.934154240001,34.52,151,6,6.025786528657009,39.5007874015748,"1. ≤43 inches"
"LG","55UP801C0TB","Australia,New Zealand","LCD (LED)","0.4","2026-11-24","Available",,"ATV4701",143167,138.783,8230.118400000001,115,422,4,4.053423000980519,54.63897637795275,"2. 44–55 inches"
"LG","65UP801C0TB","Australia,New Zealand","LCD (LED)","0.4","2026-11-24","Available",,"ATV4702",143169,163.897,11477.9975,144,528,4,4.439276071054277,64.52637795275591,"3. 56–65 inches"
"CAIXUN","EC40V1FA","Australia,Fiji,New Zealand","LCD (LED)","-","2026-11-25","Available","https://www.expressluck.com","ATV4706",143170,100.332,4261.934154240001,34.52,151,6,6.025786528657009,39.5007874015748,"1. ≤43 inches"
"CAIXUN","LE-40T1","Australia,Fiji,New Zealand","LCD (LED)","-","2026-11-25","Available","https://www.expressluck.com","ATV4706",143170,100.332,4261.934154240001,34.52,151,6,6.025786528657009,39.5007874015748,"1. ≤43 inches"
"CAIXUN","LE-40T2","Australia,Fiji,New Zealand","LCD (LED)","-","2026-11-25","Available","https://www.expressluck.com","ATV4706",143170,100.332,4261.934154240001,34.52,151,6,6.025786528657009,39.5007874015748,"1. ≤43 inches"
"CAIXUN","LE-40T3","Australia,Fiji,New Zealand","LCD (LED)","-","2026-11-25","Available","https://www.expressluck.com","ATV4706",143170,100.332,4261.934154240001,34.52,151,6,6.025786528657009,39.5007874015748,"1. ≤43 inches"
"CAIXUN","LE-40V1","Australia,Fiji,New Zealand","LCD (LED)","-","2026-11-25","Available","https://www.expressluck.com","ATV4706",143170,100.332,4261.934154240001,34.52,151,6,6.025786528657009,39.5007874015748,"1. ≤43 inches"
"CAIXUN","LE-40V2","Australia,Fiji,New Zealand","LCD (LED)","-","2026-11-25","Available","https://www.expressluck.com","ATV4706",143170,100.332,4261.934154240001,34.52,151,6,6.025786528657009,39.5007874015748,"1. ≤43 inches"
"CAIXUN","LE-40V3","Australia,Fiji,New Zealand","LCD (LED)","-","2026-11-25","Available","https://www.expressluck.com","ATV4706",143170,100.332,4261.934154240001,34.52,151,6,6.025786528657009,39.5007874015748,"1. ≤43 inches"
"CAIXUN","*****40*****","Australia,Fiji,New Zealand","LCD (LED)","-","2026-11-25","Available","https://www.expressluck.com","ATV4706",143170,100.332,4261.934154240001,34.52,151,6,6.025786528657009,39.5007874015748,"1. ≤43 inches"
"BLAUPUNKT","BP2400HDV7100","Australia","LCD (LED)","0.49","2026-11-25","Available","https://www.ayonz.com/","ATV4704",143215,59.824,1528.86807072,20.5,78,5,5.399950059130963,23.55275590551181,"1. ≤43 inches"
"SAMSUNG","UA65AU7002S","Australia,Fiji,New Zealand","LCD (LED)","0.5","2026-11-30","Available",,"ATV4721",143234,163.896,11478.122496000002,113,416,5.5,5.50774202403524,64.5259842519685,"3. 56–65 inches"
"EKO","K430USGQ","Australia","LCD","0.41","2026-11-28","Available","https://www.ayonz.com/","ATV4707",143237,107.987,4982.77868544,51.49,191,5.5,5.580525627381117,42.514566929133856,"1. ≤43 inches"
"EKO","K75QHZ","Australia","LCD","0.35","2026-11-25","Available","https://www.ayonz.com/","ATV4705",143238,189.34,15318.517823999999,227.32,832,3.5,3.6298065505640733,74.54330708661418,"4. >65 inches"
"EKO","K750USG","Australia","LCD","0.26","2026-11-28","Available","https://www.ayonz.com/","ATV4708",143239,189.274,15307.826135039999,174.22,638,4.5,4.816605310338746,74.51732283464567,"4. >65 inches"
"EKO","K500USG","Australia","LCD","0.41","2026-11-29","Available","https://www.ayonz.com/","ATV4709",143240,125.731,6754.867344,54.82,203,6,6.523778740910417,49.5003937007874,"2. 44–55 inches"
"LG","65QNED91SQA","Australia,New Zealand","LCD (LED)","0.4","2026-11-30","Available",,"ATV4714",143272,163.897,11477.9975,120,440,5,5.256335563565565,64.52637795275591,"3. 56–65 inches"
"LG","75QNED91SQA","Australia,New Zealand","LCD (LED)","0.4","2026-11-30","Available",,"ATV4715",143273,189.275,15307.5663,158,579,5,5.25139078204,74.51771653543307,"4. >65 inches"
"LG","75QNED916QA","Australia,New Zealand","LCD (LED)","0.4","2026-11-30","Available",,"ATV4713",143274,189.275,15307.5663,158,579,5,5.25139078204,74.51771653543307,"4. >65 inches"
"LG","86QNED91SQA","Australia,New Zealand","LCD (LED)","0.4","2026-11-30","Available",,"ATV4716",143275,217.425,20200.7,184,674,5.5,5.765807692130701,85.60039370078741,"4. >65 inches"
"LG","86QNED916QA","Australia,New Zealand","LCD (LED)","0.4","2026-11-30","Available",,"ATV4712",143276,217.425,20200.7,184,674,5.5,5.765807692130701,85.60039370078741,"4. >65 inches"
"LG","OLED48A2PSA","Australia,New Zealand","OLED","0.4","2026-11-30","Available",,"ATV4717",143277,120.721,6226.9196,76,280,4.5,4.753473125119566,47.52795275590551,"2. 44–55 inches"
"LG","OLED55A2PSA","Australia,New Zealand","OLED","0.4","2026-11-30","Available",,"ATV4711",143278,138.783,8230.118400000001,86,316,5,5.349732478648492,54.63897637795275,"2. 44–55 inches"
"LG","OLED55A26LA","Australia,New Zealand","OLED","0.4","2026-11-30","Available",,"ATV4718",143279,138.783,8230.118400000001,86,316,5,5.349732478648492,54.63897637795275,"2. 44–55 inches"
"LG","OLED55B2PSA","Australia,New Zealand","OLED","0.4","2026-11-30","Available",,"ATV4710",143280,138.783,8230.118400000001,102,375,4.5,4.582585898004297,54.63897637795275,"2. 44–55 inches"
"LG","OLED55C2PSC","Australia,New Zealand","OLED","0.4","2026-11-30","Available",,"ATV4719",143281,138.783,8230.118400000001,95,349,4.5,4.904594324171205,54.63897637795275,"2. 44–55 inches"
"LG","OLED55C24LA","Australia,New Zealand","OLED","0.4","2026-12-02","Available",,"ATV4730",143282,138.783,8230.118400000001,95,349,4.5,4.904594324171205,54.63897637795275,"2. 44–55 inches"
"LG","OLED65A2PSA","Australia,New Zealand","OLED","0.4","2026-12-02","Available",,"ATV4722",143283,163.897,11477.9975,107,393,5.5,5.762579702720538,64.52637795275591,"3. 56–65 inches"
"LG","OLED65A26LA","Australia,New Zealand","OLED","0.4","2026-12-02","Available",,"ATV4729",143284,163.897,11477.9975,107,393,5.5,5.762579702720538,64.52637795275591,"3. 56–65 inches"
"LG","OLED65B2PSA","Australia,New Zealand","OLED","0.4","2026-12-02","Available",,"ATV4723",143285,163.897,11477.9975,126,462,5,5.037686340309588,64.52637795275591,"3. 56–65 inches"
"LG","OLED65C2PSC","Australia,New Zealand","OLED","0.4","2026-12-05","Available",,"ATV4731",143286,163.897,11477.9975,112,411,5.5,5.561885564963837,64.52637795275591,"3. 56–65 inches"
"LG","OLED65C24LA","Australia,New Zealand","OLED","0.4","2026-12-02","Available",,"ATV4724",143287,163.897,11477.9975,112,411,5.5,5.561885564963837,64.52637795275591,"3. 56–65 inches"
"LG","OLED77C2PSC","Australia,New Zealand","OLED","0.4","2026-12-02","Available",,"ATV4728",143288,194.738,16204.123099999999,140,513,6,6.037976930458328,76.66850393700787,"4. >65 inches"
"LG","OLED77C24LA","Australia,New Zealand","OLED","0.4","2026-12-02","Available",,"ATV4725",143289,194.738,16204.123099999999,140,513,6,6.037976930458328,76.66850393700787,"4. >65 inches"
"LG","OLED83C2PSA","Australia,New Zealand","OLED","0.4","2026-12-02","Available",,"ATV4727",143290,209.585,18769.3425,179,656,5.5,5.569202635476063,82.51377952755905,"4. >65 inches"
"LG","OLED83C24LA","Australia,New Zealand","OLED","0.4","2026-12-02","Available",,"ATV4726",143291,209.585,18769.3425,179,656,5.5,5.569202635476063,82.51377952755905,"4. >65 inches"
"BAUHN","ATV42FHDW-1221","Australia","LCD","0.4","2026-11-30","Available",,"ATV4720",143338,105.396,4684.68,42.3,157,6,6.2175519584591425,41.494488188976376,"1. ≤43 inches"
"LG","OLED42C2PSA","Australia,New Zealand","OLED","0.4","2026-12-14","Available",,"ATV4762",143446,105.52,4757.6080999999995,63,232,4.5,4.527878970799845,41.54330708661417,"1. ≤43 inches"
"LG","OLED42C24LA","Australia,New Zealand","OLED","0.4","2026-12-14","Available",,"ATV4755",143447,105.52,4757.6080999999995,63,232,4.5,4.527878970799845,41.54330708661417,"1. ≤43 inches"
"LG","OLED48C2PSA","Australia,New Zealand","OLED","0.4","2026-12-14","Available",,"ATV4761",143448,120.721,6226.9196,77,284,4.5,4.689905816504032,47.52795275590551,"2. 44–55 inches"
"LG","OLED48C24LA","Australia,New Zealand","OLED","0.4","2026-12-14","Available",,"ATV4756",143449,120.721,6226.9196,77,284,4.5,4.689905816504032,47.52795275590551,"2. 44–55 inches"
"LG","43NANO75SQA","Australia,New Zealand","LCD (LED)","0.4","2026-12-13","Available",,"ATV4742",143450,107.987,4982.7128,75,276,3.5,3.9307399679175017,42.514566929133856,"1. ≤43 inches"
"LG","43NANO756QA","Australia,New Zealand","LCD (LED)","0.4","2026-12-14","Available",,"ATV4757",143451,107.987,4982.7128,75,276,3.5,3.9307399679175017,42.514566929133856,"1. ≤43 inches"
"LG","43UQ75006LF","Australia,New Zealand","LCD (LED)","0.4","2026-12-14","Available",,"ATV4760",143454,107.987,4982.7128,77,284,3.5,3.8026906818154727,42.514566929133856,"1. ≤43 inches"
"LG","50NANO75SQA","Australia,New Zealand","LCD (LED)","0.4","2026-12-13","Available",,"ATV4743",143455,125.727,6754.5112,90,331,4,4.332542803819169,49.4988188976378,"2. 44–55 inches"
"LG","50NANO756QA","Australia,New Zealand","LCD (LED)","0.4","2026-12-15","Available",,"ATV4763",143457,125.727,6754.5112,90,331,4,4.332542803819169,49.4988188976378,"2. 44–55 inches"
"LG","50QNED80SQA","Australia,New Zealand","LCD (LED)","0.4","2026-12-14","Available",,"ATV4759",143458,125.727,6754.5112,80,295,4.5,4.8485470457482105,49.4988188976378,"2. 44–55 inches"
"LG","50QNED806QA","Australia,New Zealand","LCD (LED)","0.4","2027-01-13","Available",,"ATV4828",143459,125.727,6754.5112,80,295,4.5,4.8485470457482105,49.4988188976378,"2. 44–55 inches"
"LG","50UQ80006LB","Australia,New Zealand","LCD (LED)","0.4","2027-01-18","Available",,"ATV4854",143460,125.727,6754.5112,78,287,4.5,4.971755359043742,49.4988188976378,"2. 44–55 inches"
"LG","55NANO75SQA","Australia,New Zealand","LCD (LED)","0.4","2026-12-13","Available",,"ATV4741",143462,138.783,8230.118400000001,114,419,4,4.08539521829021,54.63897637795275,"2. 44–55 inches"
"LG","55NANO756QA","Australia,New Zealand","LCD (LED)","0.4","2027-01-13","Available",,"ATV4827",143463,138.783,8230.118400000001,114,419,4,4.08539521829021,54.63897637795275,"2. 44–55 inches"
"LG","55QNED80SQA","Australia,New Zealand","LCD (LED)","0.4","2026-12-13","Available",,"ATV4740",143464,138.783,8230.118400000001,94,346,4.5,4.9432830834647525,54.63897637795275,"2. 44–55 inches"
"LG","55QNED806QA","Australia,New Zealand","LCD (LED)","0.4","2027-01-13","Available",,"ATV4826",143465,138.783,8230.118400000001,94,346,4.5,4.9432830834647525,54.63897637795275,"2. 44–55 inches"
"LG","55UQ80006LB","Australia,New Zealand","LCD (LED)","0.4","2027-01-13","Available",,"ATV4825",143466,138.783,8230.118400000001,98,360,4.5,4.765526405493008,54.63897637795275,"2. 44–55 inches"
"LG","65NANO75SQA","Australia,New Zealand","LCD (LED)","0.4","2026-12-13","Available",,"ATV4744",143467,163.897,11477.9975,144,528,4,4.439276071054277,64.52637795275591,"3. 56–65 inches"
"LG","65NANO756QA","Australia,New Zealand","LCD (LED)","0.4","2027-01-13","Available",,"ATV4824",143469,163.897,11477.9975,144,528,4,4.439276071054277,64.52637795275591,"3. 56–65 inches"
"LG","65QNED80SQA","Australia,New Zealand","LCD (LED)","0.4","2026-12-13","Available",,"ATV4739",143470,163.897,11477.9975,118,433,5,5.328204093107946,64.52637795275591,"3. 56–65 inches"
"LG","65QNED806QA","Australia,New Zealand","LCD (LED)","0.4","2027-01-13","Available",,"ATV4823",143471,163.897,11477.9975,118,433,5,5.328204093107946,64.52637795275591,"3. 56–65 inches"
"LG","65UQ91006LA","Australia,New Zealand","LCD (LED)","0.4","2027-01-13","Available",,"ATV4822",143472,163.897,11477.9975,148,543,4,4.313737886945033,64.52637795275591,"3. 56–65 inches"
"LG","75NANO75SQA","Australia,New Zealand","LCD (LED)","0.4","2026-12-13","Available",,"ATV4745",143473,189.275,15307.5663,181,663,4.5,4.644281538618003,74.51771653543307,"4. >65 inches"
"LG","75NANO756QA","Australia,New Zealand","LCD (LED)","0.4","2027-01-18","Available",,"ATV4853",143474,189.275,15307.5663,181,663,4.5,4.644281538618003,74.51771653543307,"4. >65 inches"
"LG","75QNED80SQA","Australia,New Zealand","LCD (LED)","0.4","2026-12-13","Available",,"ATV4746",143475,189.275,15307.5663,134,492,5.5,5.981072460590566,74.51771653543307,"4. >65 inches"
"LG","75QNED806QA","Australia,New Zealand","LCD (LED)","0.4","2027-01-16","Available",,"ATV4839",143476,189.275,15307.5663,134,492,5.5,5.981072460590566,74.51771653543307,"4. >65 inches"
"LG","75QNED96SQA","Australia,New Zealand","LCD (LED)","0.4","2027-01-16","Available",,"ATV4838",143477,189.275,15307.5663,172,630,4.5,4.873081208156259,74.51771653543307,"4. >65 inches"
"LG","86NANO75SQA","Australia,New Zealand","LCD (LED)","0.4","2026-12-13","Available",,"ATV4747",143479,217.425,20200.7,250,915,4,4.395864655180622,85.60039370078741,"4. >65 inches"
"LG","86NANO756QA","Australia,New Zealand","LCD (LED)","0.4","2027-01-16","Available",,"ATV4837",143480,217.425,20200.7,250,915,4,4.395864655180622,85.60039370078741,"4. >65 inches"
"LG","86UQ9000PSD","Australia,New Zealand","LCD (LED)","0.4","2026-12-15","Available",,"ATV4764",143481,217.425,20200.7,250,915,4,4.395864655180622,85.60039370078741,"4. >65 inches"
"METZ","86MUC8500A","Australia,Fiji,New Zealand","LCD (LED)","0.41","2026-12-05","Available",,"ATV4732",143486,217.427,20200.368384,214.72,893,4.5,4.504860044520296,85.6011811023622,"4. >65 inches"
"SAMSUNG","QA55Q70BAW","Australia,Fiji,New Zealand","LCD (LED)","0.5","2026-12-14","Available",,"ATV4751",143524,138.783,8230.118400000001,114,419,4,4.08539521829021,54.63897637795275,"2. 44–55 inches"
"SAMSUNG","QA55Q70BAS","Australia,Fiji,New Zealand","LCD (LED)","0.5","2026-12-14","Available",,"ATV4751",143524,138.783,8230.118400000001,114,419,4,4.08539521829021,54.63897637795275,"2. 44–55 inches"
"SAMSUNG","QA55Q70BA*","Australia,Fiji,New Zealand","LCD (LED)","0.5","2026-12-14","Available",,"ATV4751",143524,138.783,8230.118400000001,114,419,4,4.08539521829021,54.63897637795275,"2. 44–55 inches"
"SAMSUNG","UA75BU8000W","Australia,Fiji,New Zealand","LCD (LED)","0.5","2026-12-12","Available",,"ATV4736",143525,189.338,15318.8066,157,576,5,5.277816565063631,74.54251968503937,"4. >65 inches"
"SAMSUNG","UA75BU8000S","Australia,Fiji,New Zealand","LCD (LED)","0.5","2026-12-12","Available",,"ATV4736",143525,189.338,15318.8066,157,576,5,5.277816565063631,74.54251968503937,"4. >65 inches"
"SAMSUNG","UA75BU8000*","Australia,Fiji,New Zealand","LCD (LED)","0.5","2026-12-12","Available",,"ATV4736",143525,189.338,15318.8066,157,576,5,5.277816565063631,74.54251968503937,"4. >65 inches"
"SAMSUNG","UA85BU8000W","Australia,Fiji,New Zealand","LCD (LED)","0.5","2026-12-12","Available",,"ATV4734",143529,214.783,19712.16,202,740,5,5.241160861305282,84.56023622047243,"4. >65 inches"
"SAMSUNG","UA85BU8000S","Australia,Fiji,New Zealand","LCD (LED)","0.5","2026-12-12","Available",,"ATV4734",143529,214.783,19712.16,202,740,5,5.241160861305282,84.56023622047243,"4. >65 inches"
"SAMSUNG","UA85BU8000*","Australia,Fiji,New Zealand","LCD (LED)","0.5","2026-12-12","Available",,"ATV4734",143529,214.783,19712.16,202,740,5,5.241160861305282,84.56023622047243,"4. >65 inches"
"SAMSUNG","UA60BU8000S","Australia,Fiji,New Zealand","LCD (LED)","0.5","2026-12-12","Available",,"ATV4735",143527,152.663,9958.2104,104,383,5,5.280728755120342,60.10354330708662,"3. 56–65 inches"
"SAMSUNG","UA65BU8000W","Australia,Fiji,New Zealand","LCD (LED)","0.5","2026-12-14","Available",,"ATV4752",143530,163.897,11477.9975,119,437,5,5.286995341885052,64.52637795275591,"3. 56–65 inches"
"SAMSUNG","UA65BU8000S","Australia,Fiji,New Zealand","LCD (LED)","0.5","2026-12-14","Available",,"ATV4752",143530,163.897,11477.9975,119,437,5,5.286995341885052,64.52637795275591,"3. 56–65 inches"
"SAMSUNG","UA65BU8000*","Australia,Fiji,New Zealand","LCD (LED)","0.5","2026-12-14","Available",,"ATV4752",143530,163.897,11477.9975,119,437,5,5.286995341885052,64.52637795275591,"3. 56–65 inches"
"SAMSUNG","UA65BU8500S","Australia,Fiji,New Zealand","LCD (LED)","0.5","2026-12-14","Available",,"ATV4753",143532,163.897,11477.9975,119,437,5,5.286995341885052,64.52637795275591,"3. 56–65 inches"
"SAMSUNG","QA75QN85BAW","Australia,Fiji,New Zealand","LCD (LED)","0.5","2026-12-14","Available",,"ATV4754",143534,189.338,15318.8066,167,613,4.5,4.998815559326946,74.54251968503937,"4. >65 inches"
"SAMSUNG","QA75QN85BAS","Australia,Fiji,New Zealand","LCD (LED)","0.5","2026-12-14","Available",,"ATV4754",143534,189.338,15318.8066,167,613,4.5,4.998815559326946,74.54251968503937,"4. >65 inches"
"SAMSUNG","QA75QN85BA*","Australia,Fiji,New Zealand","LCD (LED)","0.5","2026-12-14","Available",,"ATV4754",143534,189.338,15318.8066,167,613,4.5,4.998815559326946,74.54251968503937,"4. >65 inches"
"SAMSUNG","QA75QN90BAW","Australia,Fiji,New Zealand","LCD (LED)","0.5","2026-12-12","Available",,"ATV4733",143535,189.338,15318.8066,212,777,3.5,3.9363810276760227,74.54251968503937,"4. >65 inches"
"SAMSUNG","QA75QN90BAS","Australia,Fiji,New Zealand","LCD (LED)","0.5","2026-12-12","Available",,"ATV4733",143535,189.338,15318.8066,212,777,3.5,3.9363810276760227,74.54251968503937,"4. >65 inches"
"SAMSUNG","QA75QN90BA*","Australia,Fiji,New Zealand","LCD (LED)","0.5","2026-12-12","Available",,"ATV4733",143535,189.338,15318.8066,212,777,3.5,3.9363810276760227,74.54251968503937,"4. >65 inches"
"LG","43UQ9000PSD","Australia,New Zealand","LCD (LED)","0.4","2026-12-13","Available",,"ATV4748",143545,107.987,4982.7128,75,276,3.5,3.9307399679175017,42.514566929133856,"1. ≤43 inches"
"LG","43UQ91006LA","Australia,New Zealand","LCD (LED)","0.4","2027-01-16","Available",,"ATV4836",143546,107.987,4982.7128,75,276,3.5,3.9307399679175017,42.514566929133856,"1. ≤43 inches"
"LG","50UQ9000PSD","Australia,New Zealand","LCD (LED)","0.4","2026-12-13","Available",,"ATV4749",143547,125.727,6754.5112,90,331,4,4.332542803819169,49.4988188976378,"2. 44–55 inches"
"LG","50UQ91006LA","Australia,New Zealand","LCD (LED)","0.4","2027-01-16","Available",,"ATV4835",143548,125.727,6754.5112,90,331,4,4.332542803819169,49.4988188976378,"2. 44–55 inches"
"LG","55NANO806QA","Australia,New Zealand","LCD (LED)","0.4","2027-01-16","Available",,"ATV4834",143549,138.783,8230.118400000001,97,357,4.5,4.803028047916603,54.63897637795275,"2. 44–55 inches"
"LG","55UQ9000PSD","Australia,New Zealand","LCD (LED)","0.4","2026-12-13","Available",,"ATV4738",143550,138.783,8230.118400000001,114,419,4,4.08539521829021,54.63897637795275,"2. 44–55 inches"
"LG","55UQ91006LA","Australia,New Zealand","LCD (LED)","0.4","2027-01-16","Available",,"ATV4833",143551,138.783,8230.118400000001,114,419,4,4.08539521829021,54.63897637795275,"2. 44–55 inches"
"LG","65UQ9000PSD","Australia,New Zealand","LCD (LED)","0.4","2026-12-13","Available",,"ATV4737",143552,163.897,11477.9975,148,543,4,4.313737886945033,64.52637795275591,"3. 56–65 inches"
"LG","75UQ9000PSD","Australia,New Zealand","LCD (LED)","0.4","2026-12-13","Available",,"ATV4750",143553,189.275,15307.5663,165,605,5,5.054540009525431,74.51771653543307,"4. >65 inches"
"LG","75UQ91006LA","Australia,New Zealand","LCD (LED)","0.4","2027-01-13","Available",,"ATV4821",143554,189.275,15307.5663,165,605,5,5.054540009525431,74.51771653543307,"4. >65 inches"
"LG","86QNED80SQA","Australia,New Zealand","LCD (LED)","0.4","2026-12-15","Available",,"ATV4765",143555,217.425,20200.7,198,725,5,5.438925989689485,85.60039370078741,"4. >65 inches"
"LG","86QNED806QA","Australia,New Zealand","LCD (LED)","0.4","2027-01-16","Available",,"ATV4832",143556,217.425,20200.7,198,725,5,5.438925989689485,85.60039370078741,"4. >65 inches"
"METZ","32MTD6500A","Australia,Fiji,New Zealand","LCD (LED)","0.37","2026-12-14","Available",,"ATV4758",143631,80.054,2736.1600000000003,27.2,115,5.5,5.5997621327590545,31.517322834645668,"1. ≤43 inches"
"SAMSUNG","QA85Q60BAW","Australia,Fiji,New Zealand","LCD (LED)","0.5","2026-12-19","Available",,"ATV4775",143636,214.783,19712.16,178,653,5.5,5.801665774779875,84.56023622047243,"4. >65 inches"
"SAMSUNG","QA85Q60BAS","Australia,Fiji,New Zealand","LCD (LED)","0.5","2026-12-19","Available",,"ATV4775",143636,214.783,19712.16,178,653,5.5,5.801665774779875,84.56023622047243,"4. >65 inches"
"SAMSUNG","QA85Q60BA*","Australia,Fiji,New Zealand","LCD (LED)","0.5","2026-12-19","Available",,"ATV4775",143636,214.783,19712.16,178,653,5.5,5.801665774779875,84.56023622047243,"4. >65 inches"
"SAMSUNG","UA43BU8000S","Australia,Fiji,New Zealand","LCD (LED)","0.5","2026-12-20","Available",,"ATV4786",143639,107.987,4982.7128,73,270,4,4.029236682652612,42.514566929133856,"1. ≤43 inches"
"SAMSUNG","UA43BU8500S","Australia,Fiji,New Zealand","LCD (LED)","0.5","2026-12-20","Available",,"ATV4786",143639,107.987,4982.7128,73,270,4,4.029236682652612,42.514566929133856,"1. ≤43 inches"
"SAMSUNG","UA43BU8*00*","Australia,Fiji,New Zealand","LCD (LED)","0.5","2026-12-20","Available",,"ATV4786",143639,107.987,4982.7128,73,270,4,4.029236682652612,42.514566929133856,"1. ≤43 inches"
"KOGAN","KALED65RT9220SVA","Australia,Fiji,New Zealand","LCD (LED)","0.35","2026-12-16","Available",,"ATV4766",143647,163.896,11478.122496000002,99.95,386,5.5,5.8431668676196225,64.5259842519685,"3. 56–65 inches"
"TEAC","LE65GA522","Australia,Fiji,New Zealand","LCD (LED)","0.35","2027-03-27","Available",,"ATV4990",143649,163.896,11478.122496000002,99.95,386,5.5,5.8431668676196225,64.5259842519685,"3. 56–65 inches"
"KOGAN","KAQLED65RQ9510SVA","Australia,Fiji,New Zealand","LCD (LED)","0.35","2026-12-16","Available",,"ATV4766",143647,163.896,11478.122496000002,99.95,386,5.5,5.8431668676196225,64.5259842519685,"3. 56–65 inches"
"POLAROID","PL6521UHDG","Australia,Fiji","LCD","0.39","2026-12-20","Available",,"ATV4783",143650,163.682,11424,93,370,6,6.012924571152087,64.44173228346456,"3. 56–65 inches"
"SAMSUNG","UA50BU8000W","Australia,Fiji,New Zealand","LCD (LED)","0.5","2026-12-19","Available",,"ATV4777",143652,125.727,6754.5112,94,346,4,4.13392447306466,49.4988188976378,"2. 44–55 inches"
"SAMSUNG","UA50BU8000S","Australia,Fiji,New Zealand","LCD (LED)","0.5","2026-12-19","Available",,"ATV4777",143652,125.727,6754.5112,94,346,4,4.13392447306466,49.4988188976378,"2. 44–55 inches"
"SAMSUNG","UA50BU8500S","Australia,Fiji,New Zealand","LCD (LED)","0.5","2026-12-19","Available",,"ATV4777",143652,125.727,6754.5112,94,346,4,4.13392447306466,49.4988188976378,"2. 44–55 inches"
"SAMSUNG","UA50BU8*00*","Australia,Fiji,New Zealand","LCD (LED)","0.5","2026-12-19","Available",,"ATV4777",143652,125.727,6754.5112,94,346,4,4.13392447306466,49.4988188976378,"2. 44–55 inches"
"SAMSUNG","UA55BU8000W","Australia,Fiji,New Zealand","LCD (LED)","0.5","2026-12-19","Available",,"ATV4778",143656,138.783,8230.118400000001,113,416,4,4.1175971780535745,54.63897637795275,"2. 44–55 inches"
"SAMSUNG","UA55BU8000S","Australia,Fiji,New Zealand","LCD (LED)","0.5","2026-12-19","Available",,"ATV4778",143656,138.783,8230.118400000001,113,416,4,4.1175971780535745,54.63897637795275,"2. 44–55 inches"
"SAMSUNG","UA55BU8500S","Australia,Fiji,New Zealand","LCD (LED)","0.5","2026-12-19","Available",,"ATV4778",143656,138.783,8230.118400000001,113,416,4,4.1175971780535745,54.63897637795275,"2. 44–55 inches"
"SAMSUNG","UA55BU8*00*","Australia,Fiji,New Zealand","LCD (LED)","0.5","2026-12-19","Available",,"ATV4778",143656,138.783,8230.118400000001,113,416,4,4.1175971780535745,54.63897637795275,"2. 44–55 inches"
"SAMSUNG","QA65Q70BAW","Australia,Fiji,New Zealand","LCD (LED)","0.5","2026-12-20","Available",,"ATV4787",143669,163.897,11477.9975,150,551,4,4.248194925327537,64.52637795275591,"3. 56–65 inches"
"SAMSUNG","QA65Q70BAS","Australia,Fiji,New Zealand","LCD (LED)","0.5","2026-12-20","Available",,"ATV4787",143669,163.897,11477.9975,150,551,4,4.248194925327537,64.52637795275591,"3. 56–65 inches"
"SAMSUNG","QA65Q70BA*","Australia,Fiji,New Zealand","LCD (LED)","0.5","2026-12-20","Available",,"ATV4787",143669,163.897,11477.9975,150,551,4,4.248194925327537,64.52637795275591,"3. 56–65 inches"
"SAMSUNG","QA75Q70BAW","Australia,Fiji,New Zealand","LCD (LED)","0.5","2026-12-19","Available",,"ATV4779",143670,189.338,15318.8066,173,635,4.5,4.840800403841541,74.54251968503937,"4. >65 inches"
"SAMSUNG","QA75Q70BAS","Australia,Fiji,New Zealand","LCD (LED)","0.5","2026-12-19","Available",,"ATV4779",143670,189.338,15318.8066,173,635,4.5,4.840800403841541,74.54251968503937,"4. >65 inches"
"SAMSUNG","QA75Q70BA*","Australia,Fiji,New Zealand","LCD (LED)","0.5","2026-12-19","Available",,"ATV4779",143670,189.338,15318.8066,173,635,4.5,4.840800403841541,74.54251968503937,"4. >65 inches"
"SAMSUNG","QA85Q70BAW","Australia,Fiji,New Zealand","LCD (LED)","0.5","2026-12-20","Available",,"ATV4788",143671,214.783,19712.16,223,817,4.5,4.79754997459675,84.56023622047243,"4. >65 inches"
"SAMSUNG","QA85Q70BAS","Australia,Fiji,New Zealand","LCD (LED)","0.5","2026-12-20","Available",,"ATV4788",143671,214.783,19712.16,223,817,4.5,4.79754997459675,84.56023622047243,"4. >65 inches"
"SAMSUNG","QA85Q70BA*","Australia,Fiji,New Zealand","LCD (LED)","0.5","2026-12-20","Available",,"ATV4788",143671,214.783,19712.16,223,817,4.5,4.79754997459675,84.56023622047243,"4. >65 inches"
"SAMSUNG","UA43BU8000W","Australia,Fiji,New Zealand","LCD (LED)","0.5","2026-12-20","Available",,"ATV4786",143639,107.987,4982.7128,73,270,4,4.029236682652612,42.514566929133856,"1. ≤43 inches"
"SAMSUNG","QA65QN800BW","Australia,Fiji,New Zealand","LCD (LED)","0.5","2026-12-20","Available",,"ATV4789",143673,163.897,11477.9975,306,1120,1,1.069303351009141,64.52637795275591,"3. 56–65 inches"
"SAMSUNG","QA65QN800BS","Australia,Fiji,New Zealand","LCD (LED)","0.5","2026-12-20","Available",,"ATV4789",143673,163.897,11477.9975,306,1120,1,1.069303351009141,64.52637795275591,"3. 56–65 inches"
"SAMSUNG","QA65QN800B*","Australia,Fiji,New Zealand","LCD (LED)","0.5","2026-12-20","Available",,"ATV4789",143673,163.897,11477.9975,306,1120,1,1.069303351009141,64.52637795275591,"3. 56–65 inches"
"MYVI","UR-LED2403DVDNS","Australia,New Zealand","LCD (LED)","0.46","2027-01-24","Available",,"ATV4870",143688,60.269,1554,24.2,95,4.5,4.566598076666048,23.727952755905513,"1. ≤43 inches"
"SAMSUNG","QA50QN90BAW","Australia,Fiji,New Zealand","LCD (LED)","0.5","2026-12-19","Available",,"ATV4780",143736,125.727,6754.5112,112,412,3,3.3515376495890017,49.4988188976378,"2. 44–55 inches"
"SAMSUNG","QA50QN90BAS","Australia,Fiji,New Zealand","LCD (LED)","0.5","2026-12-19","Available",,"ATV4780",143736,125.727,6754.5112,112,412,3,3.3515376495890017,49.4988188976378,"2. 44–55 inches"
"SAMSUNG","QA50QN90BA*","Australia,Fiji,New Zealand","LCD (LED)","0.5","2026-12-19","Available",,"ATV4780",143736,125.727,6754.5112,112,412,3,3.3515376495890017,49.4988188976378,"2. 44–55 inches"
"SAMSUNG","QA75QN95BAW","Australia,Fiji,New Zealand","LCD (LED)","0.5","2026-12-19","Available",,"ATV4781",143738,189.338,15318.8066,245,897,3,3.2927795843660035,74.54251968503937,"4. >65 inches"
"SAMSUNG","QA75QN95BAS","Australia,Fiji,New Zealand","LCD (LED)","0.5","2026-12-19","Available",,"ATV4781",143738,189.338,15318.8066,245,897,3,3.2927795843660035,74.54251968503937,"4. >65 inches"
"SAMSUNG","QA75QN95BA*","Australia,Fiji,New Zealand","LCD (LED)","0.5","2026-12-19","Available",,"ATV4781",143738,189.338,15318.8066,245,897,3,3.2927795843660035,74.54251968503937,"4. >65 inches"
"EKO","K550USG","Australia","LCD","0.36","2026-12-20","Available","https://www.ayonz.com/","ATV4782",143744,138.783,8230.118400000001,115.1,422,4,4.053423000980519,54.63897637795275,"2. 44–55 inches"
"BLAUPUNKT","BP550USG9500","Australia","LCD","0.36","2026-12-19","Available","https://www.ayonz.com/","ATV4768",143745,138.783,8230.118400000001,115.1,422,4,4.053423000980519,54.63897637795275,"2. 44–55 inches"
"LG","65UQ75006LF","Australia,New Zealand","LCD (LED)","0.4","2027-01-16","Available",,"ATV4831",143752,163.897,11477.9975,145,532,4,4.405453871887269,64.52637795275591,"3. 56–65 inches"
"LG","OLED55G2PSA","Australia,New Zealand","OLED","0.4","2026-12-19","Available",,"ATV4769",143753,138.783,8230.118400000001,95,349,4.5,4.904594324171205,54.63897637795275,"2. 44–55 inches"
"LG","OLED55G26LA","Australia,New Zealand","OLED","0.4","2027-01-18","Available",,"ATV4852",143754,138.783,8230.118400000001,95,349,4.5,4.904594324171205,54.63897637795275,"2. 44–55 inches"
"LG","OLED77G2PSA","Australia,New Zealand","OLED","0.4","2026-12-19","Available",,"ATV4770",143755,194.738,16204.123099999999,152,557,5.5,5.669203581321107,76.66850393700787,"4. >65 inches"
"LG","OLED77G26LA","Australia,New Zealand","OLED","0.4","2027-01-18","Available",,"ATV4851",143756,194.738,16204.123099999999,152,557,5.5,5.669203581321107,76.66850393700787,"4. >65 inches"
"LG","OLED65G2PSA","Australia,New Zealand","OLED","0.4","2026-12-19","Available",,"ATV4771",143757,163.897,11477.9975,109,400,5.5,5.68346052076461,64.52637795275591,"3. 56–65 inches"
"LG","OLED65G26LA","Australia,New Zealand","OLED","0.4","2027-01-18","Available",,"ATV4850",143758,163.897,11477.9975,109,400,5.5,5.68346052076461,64.52637795275591,"3. 56–65 inches"
"LG","OLED77A2PSA","Australia,New Zealand","OLED","0.4","2026-12-19","Available",,"ATV4772",143759,194.738,16204.123099999999,126,462,6,6.507230706659042,76.66850393700787,"4. >65 inches"
"SAMSUNG","QA75QN800BW","Australia,Fiji,New Zealand","LCD (LED)","0.5","2027-01-10","Available",,"ATV4802",143826,189.338,15318.8066,339,1240,1.5,1.8416473664139523,74.54251968503937,"4. >65 inches"
"SAMSUNG","QA75QN800BS","Australia,Fiji,New Zealand","LCD (LED)","0.5","2027-01-10","Available",,"ATV4802",143826,189.338,15318.8066,339,1240,1.5,1.8416473664139523,74.54251968503937,"4. >65 inches"
"SAMSUNG","QA75QN800B*","Australia,Fiji,New Zealand","LCD (LED)","0.5","2027-01-10","Available",,"ATV4802",143826,189.338,15318.8066,339,1240,1.5,1.8416473664139523,74.54251968503937,"4. >65 inches"
"SAMSUNG","QA85QN800BW","Australia,Fiji,New Zealand","LCD (LED)","0.5","2027-01-10","Available",,"ATV4801",143827,214.783,19712.16,389,1423,2,2.310883880229027,84.56023622047243,"4. >65 inches"
"SAMSUNG","QA85QN800BS","Australia,Fiji,New Zealand","LCD (LED)","0.5","2027-01-10","Available",,"ATV4801",143827,214.783,19712.16,389,1423,2,2.310883880229027,84.56023622047243,"4. >65 inches"
"SAMSUNG","QA85QN800B*","Australia,Fiji,New Zealand","LCD (LED)","0.5","2027-01-10","Available",,"ATV4801",143827,214.783,19712.16,389,1423,2,2.310883880229027,84.56023622047243,"4. >65 inches"
"SAMSUNG","QA55QN90BAW","Australia,Fiji,New Zealand","LCD (LED)","0.5","2027-01-10","Available",,"ATV4800",143828,138.783,8230.118400000001,162,594,2.5,2.5213419557826757,54.63897637795275,"2. 44–55 inches"
"SAMSUNG","QA55QN90BAS","Australia,Fiji,New Zealand","LCD (LED)","0.5","2027-01-10","Available",,"ATV4800",143828,138.783,8230.118400000001,162,594,2.5,2.5213419557826757,54.63897637795275,"2. 44–55 inches"
"SAMSUNG","QA55QN90BA*","Australia,Fiji,New Zealand","LCD (LED)","0.5","2027-01-10","Available",,"ATV4800",143828,138.783,8230.118400000001,162,594,2.5,2.5213419557826757,54.63897637795275,"2. 44–55 inches"
"SAMSUNG","QA85QN90BAW","Australia,Fiji,New Zealand","LCD (LED)","0.5","2027-01-10","Available",,"ATV4799",143830,214.783,19712.16,304,1113,3,3.4120057605934937,84.56023622047243,"4. >65 inches"
"SAMSUNG","QA85QN90BAS","Australia,Fiji,New Zealand","LCD (LED)","0.5","2027-01-10","Available",,"ATV4799",143830,214.783,19712.16,304,1113,3,3.4120057605934937,84.56023622047243,"4. >65 inches"
"SAMSUNG","QA85QN90BA*","Australia,Fiji,New Zealand","LCD (LED)","0.5","2027-01-10","Available",,"ATV4799",143830,214.783,19712.16,304,1113,3,3.4120057605934937,84.56023622047243,"4. >65 inches"
"AKAI","AK5021S6WOS","Australia,Fiji,New Zealand","LCD (LED)","0.35","2027-01-31","Available",,"ATV4884",143833,125.774,6762.32,54.8,202,6,6.550386915674646,49.51732283464567,"2. 44–55 inches"
"SAMSUNG","QA43QN90BAW","Australia,Fiji,New Zealand","LCD (LED)","0.5","2027-01-10","Available",,"ATV4798",143840,107.987,4982.7128,99,364,2.5,2.6904934974743866,42.514566929133856,"1. ≤43 inches"
"SAMSUNG","QA43QN90BAS","Australia,Fiji,New Zealand","LCD (LED)","0.5","2027-01-10","Available",,"ATV4798",143840,107.987,4982.7128,99,364,2.5,2.6904934974743866,42.514566929133856,"1. ≤43 inches"
"SAMSUNG","QA43QN90BA*","Australia,Fiji,New Zealand","LCD (LED)","0.5","2027-01-10","Available",,"ATV4798",143840,107.987,4982.7128,99,364,2.5,2.6904934974743866,42.514566929133856,"1. ≤43 inches"
"SAMSUNG","QA50LS03BAW","Australia,Fiji,New Zealand","LCD (LED)","0.5","2027-01-10","Available",,"ATV4797",143841,125.727,6754.5112,96,353,4,4.044164846323894,49.4988188976378,"2. 44–55 inches"
"SAMSUNG","QA50LS03BAS","Australia,Fiji,New Zealand","LCD (LED)","0.5","2027-01-10","Available",,"ATV4797",143841,125.727,6754.5112,96,353,4,4.044164846323894,49.4988188976378,"2. 44–55 inches"
"SAMSUNG","QA50LS03BA*","Australia,Fiji,New Zealand","LCD (LED)","0.5","2027-01-10","Available",,"ATV4797",143841,125.727,6754.5112,96,353,4,4.044164846323894,49.4988188976378,"2. 44–55 inches"
"SAMSUNG","QA55LS03BAW","Australia,Fiji,New Zealand","LCD (LED)","0.5","2027-01-12","Available",,"ATV4814",143842,138.783,8230.118400000001,140,514,3,3.169606505914303,54.63897637795275,"2. 44–55 inches"
"SAMSUNG","QA55LS03BAS","Australia,Fiji,New Zealand","LCD (LED)","0.5","2027-01-12","Available",,"ATV4814",143842,138.783,8230.118400000001,140,514,3,3.169606505914303,54.63897637795275,"2. 44–55 inches"
"SAMSUNG","QA55LS03BA*","Australia,Fiji,New Zealand","LCD (LED)","0.5","2027-01-12","Available",,"ATV4814",143842,138.783,8230.118400000001,140,514,3,3.169606505914303,54.63897637795275,"2. 44–55 inches"
"SAMSUNG","QA55QN85BAW","Australia,Fiji,New Zealand","LCD (LED)","0.5","2027-01-10","Available",,"ATV4796",143843,138.783,8230.118400000001,136,499,3,3.302333486054286,54.63897637795275,"2. 44–55 inches"
"SAMSUNG","QA55QN85BAS","Australia,Fiji,New Zealand","LCD (LED)","0.5","2027-01-10","Available",,"ATV4796",143843,138.783,8230.118400000001,136,499,3,3.302333486054286,54.63897637795275,"2. 44–55 inches"
"SAMSUNG","QA55QN85BA*","Australia,Fiji,New Zealand","LCD (LED)","0.5","2027-01-10","Available",,"ATV4796",143843,138.783,8230.118400000001,136,499,3,3.302333486054286,54.63897637795275,"2. 44–55 inches"
"SAMSUNG","QA65LS03BAW","Australia,Fiji,New Zealand","LCD (LED)","0.5","2027-01-10","Available",,"ATV4795",143844,163.897,11477.9975,158,580,4,4.0183281239548,64.52637795275591,"3. 56–65 inches"
"SAMSUNG","QA65LS03BAS","Australia,Fiji,New Zealand","LCD (LED)","0.5","2027-01-10","Available",,"ATV4795",143844,163.897,11477.9975,158,580,4,4.0183281239548,64.52637795275591,"3. 56–65 inches"
"SAMSUNG","QA65LS03BA*","Australia,Fiji,New Zealand","LCD (LED)","0.5","2027-01-10","Available",,"ATV4795",143844,163.897,11477.9975,158,580,4,4.0183281239548,64.52637795275591,"3. 56–65 inches"
"SAMSUNG","QA65QN85BAW","Australia,Fiji,New Zealand","LCD (LED)","0.5","2027-01-10","Available",,"ATV4794",143845,163.897,11477.9975,158,580,4,4.0183281239548,64.52637795275591,"3. 56–65 inches"
"SAMSUNG","QA65QN85BAS","Australia,Fiji,New Zealand","LCD (LED)","0.5","2027-01-10","Available",,"ATV4794",143845,163.897,11477.9975,158,580,4,4.0183281239548,64.52637795275591,"3. 56–65 inches"
"SAMSUNG","QA65QN85BA*","Australia,Fiji,New Zealand","LCD (LED)","0.5","2027-01-10","Available",,"ATV4794",143845,163.897,11477.9975,158,580,4,4.0183281239548,64.52637795275591,"3. 56–65 inches"
"SAMSUNG","QA75LS03BAW","Australia,Fiji,New Zealand","LCD (LED)","0.5","2027-01-12","Available",,"ATV4813",143846,189.338,15318.8066,195,715,4,4.309046099930541,74.54251968503937,"4. >65 inches"
"SAMSUNG","QA75LS03BAS","Australia,Fiji,New Zealand","LCD (LED)","0.5","2027-01-12","Available",,"ATV4813",143846,189.338,15318.8066,195,715,4,4.309046099930541,74.54251968503937,"4. >65 inches"
"SAMSUNG","QA75LS03BA*","Australia,Fiji,New Zealand","LCD (LED)","0.5","2027-01-12","Available",,"ATV4813",143846,189.338,15318.8066,195,715,4,4.309046099930541,74.54251968503937,"4. >65 inches"
"SAMSUNG","QA85LS03BAW","Australia,Fiji,New Zealand","LCD (LED)","0.5","2027-01-10","Available",,"ATV4793",143847,214.783,19712.16,250,916,4,4.284977376641311,84.56023622047243,"4. >65 inches"
"SAMSUNG","QA85LS03BAS","Australia,Fiji,New Zealand","LCD (LED)","0.5","2027-01-10","Available",,"ATV4793",143847,214.783,19712.16,250,916,4,4.284977376641311,84.56023622047243,"4. >65 inches"
"SAMSUNG","QA85LS03BA*","Australia,Fiji,New Zealand","LCD (LED)","0.5","2027-01-10","Available",,"ATV4793",143847,214.783,19712.16,250,916,4,4.284977376641311,84.56023622047243,"4. >65 inches"
"LG","43UP801C0TB","Australia,New Zealand","LCD (LED)","0.4","2027-01-10","Available",,"ATV4792",143886,107.987,4982.7128,78,287,3.5,3.755600019609336,42.514566929133856,"1. ≤43 inches"
"LG","50UP801C0TB","Australia,New Zealand","LCD (LED)","0.4","2027-01-10","Available",,"ATV4791",143887,125.727,6754.5112,93,342,4,4.186034596465652,49.4988188976378,"2. 44–55 inches"
"LG","75UP801C0TB","Australia,New Zealand","LCD (LED)","0.4","2027-01-13","Available",,"ATV4820",143888,189.275,15307.5663,169,619,4.5,4.95201939210664,74.51771653543307,"4. >65 inches"
"LG","86UP801C0TB","Australia,New Zealand","LCD (LED)","0.4","2027-01-13","Available",,"ATV4819",143889,217.425,20200.7,250,915,4,4.395864655180622,85.60039370078741,"4. >65 inches"
"METZ","40MTD6500A","Australia,Fiji,New Zealand","LCD (LED)","0.26","2027-01-10","Available",,"ATV4790",143898,100.645,4319.76,28.2,122,7,7.033409441022956,39.624015748031496,"1. ≤43 inches"
"EKO","K500USG","Australia","LCD","0.36","2027-01-12","Available","https://www.ayonz.com/","ATV4811",143946,125.638,6745.2,59.9,226,6,6.03697736111736,49.463779527559055,"2. 44–55 inches"
"EKO","K550USG","Australia","LCD","-","2027-01-12","Available","https://www.ayonz.com/","ATV4810",143947,138.783,8230.118400000001,87.2,321,5,5.279379069595689,54.63897637795275,"2. 44–55 inches"
"EKO","K550USG","Australia","LCD","0.36","2027-01-12","Available","https://www.ayonz.com/","ATV4809",143949,138.783,8230.118400000001,115.1,455,3.5,3.7160074473088853,54.63897637795275,"2. 44–55 inches"
"BLAUPUNKT","BP550USG9500","Australia","LCD","0.36","2027-01-12","Available","https://www.ayonz.com/","ATV4808",143950,138.783,8230.118400000001,115.1,455,3.5,3.7160074473088853,54.63897637795275,"2. 44–55 inches"
"BLAUPUNKT","BP2400HDV7100","Australia","LCD","0.23","2027-01-20","Available","https://www.ayonz.com/","ATV4868",143954,60.47,1562.462784,23.28,87,4.5,4.977614981385587,23.807086614173226,"1. ≤43 inches"
"SONY","KD-65X75K","Australia,New Zealand","LCD (LED)","0.5","2027-01-12","Available","https://www.sony.com.au/","ATV4807",144002,163.878,11481.120000000003,129.6,478,4.5,4.88626150283395,64.51889763779526,"3. 56–65 inches"
"SONY","KD-55X75K","Australia,New Zealand","LCD (LED)","0.5","2027-01-13","Available","https://www.sony.com.au/","ATV4818",144004,138.798,8228,101.4,376,4.5,4.569588181025617,54.64488188976378,"2. 44–55 inches"
"SONY","XR-85X90K","Australia,New Zealand","LCD (LED)","0.5","2027-01-12","Available","https://www.sony.com.au/","ATV4804",144009,214.783,19712.16,235.8,869,4.5,4.5210282913933515,84.56023622047243,"4. >65 inches"
"SONY","KD-55X80K","Australia,New Zealand","LCD (LED)","0.5","2027-01-13","Available","https://www.sony.com.au/","ATV4816",144021,138.798,8228,126.2,467,3.5,3.5982846725777753,54.64488188976378,"2. 44–55 inches"
"SONY","KD-75X80K","Australia,New Zealand","LCD (LED)","0.5","2027-01-12","Available","https://www.sony.com.au/","ATV4803",144023,189.306,15312,191.3,704,4,4.376622293003026,74.52992125984252,"4. >65 inches"
"KOGAN","KAQLED85XQ9610STA","Australia,Fiji,New Zealand","LCD (LED)","0.32","2027-01-13","Available",,"ATV4815",144031,214.783,19712.16,260.1,970,4,4.0282829461460175,84.56023622047243,"4. >65 inches"
"SAMSUNG","QA65QN900BW","Australia,Fiji,New Zealand","LCD (LED)","0.5","2027-01-18","Available",,"ATV4849",144046,163.897,11477.9975,310,1135,1,1.0096826918056427,64.52637795275591,"3. 56–65 inches"
"SAMSUNG","QA65QN900BS","Australia,Fiji,New Zealand","LCD (LED)","0.5","2027-01-18","Available",,"ATV4849",144046,163.897,11477.9975,310,1135,1,1.0096826918056427,64.52637795275591,"3. 56–65 inches"
"SAMSUNG","QA65QN900B*","Australia,Fiji,New Zealand","LCD (LED)","0.5","2027-01-18","Available",,"ATV4849",144046,163.897,11477.9975,310,1135,1,1.0096826918056427,64.52637795275591,"3. 56–65 inches"
"SAMSUNG","QA85QN900BW","Australia,Fiji,New Zealand","LCD (LED)","0.5","2027-01-18","Available",,"ATV4848",144049,214.783,19712.16,439,1605,1.5,1.7715161200342038,84.56023622047243,"4. >65 inches"
"SAMSUNG","QA85QN900BS","Australia,Fiji,New Zealand","LCD (LED)","0.5","2027-01-18","Available",,"ATV4848",144049,214.783,19712.16,439,1605,1.5,1.7715161200342038,84.56023622047243,"4. >65 inches"
"SAMSUNG","QA85QN900B*","Australia,Fiji,New Zealand","LCD (LED)","0.5","2027-01-18","Available",,"ATV4848",144049,214.783,19712.16,439,1605,1.5,1.7715161200342038,84.56023622047243,"4. >65 inches"
"SONY","KD-65X80K","Australia,New Zealand","LCD (LED)","0.5","2027-01-16","Available","https://www.sony.com.au/","ATV4830",144057,163.878,11481.120000000003,147.6,544,4,4.306641282564334,64.51889763779526,"3. 56–65 inches"
"SAMSUNG","QA75QN900BW","Australia,Fiji,New Zealand","LCD (LED)","0.5","2027-01-18","Available",,"ATV4847",144065,189.338,15318.8066,395,1445,1,1.1559993114001974,74.54251968503937,"4. >65 inches"
"SAMSUNG","QA75QN900BS","Australia,Fiji,New Zealand","LCD (LED)","0.5","2027-01-18","Available",,"ATV4847",144065,189.338,15318.8066,395,1445,1,1.1559993114001974,74.54251968503937,"4. >65 inches"
"SAMSUNG","QA75QN900B*","Australia,Fiji,New Zealand","LCD (LED)","0.5","2027-01-18","Available",,"ATV4847",144065,189.338,15318.8066,395,1445,1,1.1559993114001974,74.54251968503937,"4. >65 inches"
"SAMSUNG","QA43LS03BAW","Australia,Fiji,New Zealand","LCD (LED)","0.5","2027-01-18","Available",,"ATV4846",144102,107.987,4982.7128,92,339,3,3.009363390138676,42.514566929133856,"1. ≤43 inches"
"SAMSUNG","QA43LS03BAS","Australia,Fiji,New Zealand","LCD (LED)","0.5","2027-01-18","Available",,"ATV4846",144102,107.987,4982.7128,92,339,3,3.009363390138676,42.514566929133856,"1. ≤43 inches"
"SAMSUNG","QA43LS03BA*","Australia,Fiji,New Zealand","LCD (LED)","0.5","2027-01-18","Available",,"ATV4846",144102,107.987,4982.7128,92,339,3,3.009363390138676,42.514566929133856,"1. ≤43 inches"
"SAMSUNG","QA65QN90BAW","Australia,Fiji,New Zealand","LCD (LED)","0.5","2027-01-18","Available",,"ATV4845",144104,163.897,11477.9975,203,744,2.5,2.9023965640864606,64.52637795275591,"3. 56–65 inches"
"SAMSUNG","QA65QN90BAS","Australia,Fiji,New Zealand","LCD (LED)","0.5","2027-01-18","Available",,"ATV4845",144104,163.897,11477.9975,203,744,2.5,2.9023965640864606,64.52637795275591,"3. 56–65 inches"
"SAMSUNG","QA65QN90BA*","Australia,Fiji,New Zealand","LCD (LED)","0.5","2027-01-18","Available",,"ATV4845",144104,163.897,11477.9975,203,744,2.5,2.9023965640864606,64.52637795275591,"3. 56–65 inches"
"SAMSUNG","QA65QN95BAW","Australia,Fiji,New Zealand","LCD (LED)","0.5","2027-01-19","Available",,"ATV4866",144105,163.897,11477.9975,213,781,2.5,2.684894804699953,64.52637795275591,"3. 56–65 inches"
"SAMSUNG","QA65QN95BAS","Australia,Fiji,New Zealand","LCD (LED)","0.5","2027-01-19","Available",,"ATV4866",144105,163.897,11477.9975,213,781,2.5,2.684894804699953,64.52637795275591,"3. 56–65 inches"
"SAMSUNG","QA65QN95BA*","Australia,Fiji,New Zealand","LCD (LED)","0.5","2027-01-19","Available",,"ATV4866",144105,163.897,11477.9975,213,781,2.5,2.684894804699953,64.52637795275591,"3. 56–65 inches"
"SAMSUNG","QA85QN85BAW","Australia,Fiji,New Zealand","LCD (LED)","0.5","2027-01-19","Available",,"ATV4865",144106,214.783,19712.16,195,715,5,5.395176710303825,84.56023622047243,"4. >65 inches"
"SAMSUNG","QA85QN85BAS","Australia,Fiji,New Zealand","LCD (LED)","0.5","2027-01-19","Available",,"ATV4865",144106,214.783,19712.16,195,715,5,5.395176710303825,84.56023622047243,"4. >65 inches"
"SAMSUNG","QA85QN85BA*","Australia,Fiji,New Zealand","LCD (LED)","0.5","2027-01-19","Available",,"ATV4865",144106,214.783,19712.16,195,715,5,5.395176710303825,84.56023622047243,"4. >65 inches"
"SAMSUNG","QA65Q80BAW","Australia,Fiji,New Zealand","LCD (LED)","0.5","2027-01-19","Available",,"ATV4864",144119,163.897,11477.9975,206,755,2.5,2.8366240408408006,64.52637795275591,"3. 56–65 inches"
"SAMSUNG","QA65Q80BAS","Australia,Fiji,New Zealand","LCD (LED)","0.5","2027-01-19","Available",,"ATV4864",144119,163.897,11477.9975,206,755,2.5,2.8366240408408006,64.52637795275591,"3. 56–65 inches"
"SAMSUNG","QA65Q80BA*","Australia,Fiji,New Zealand","LCD (LED)","0.5","2027-01-19","Available",,"ATV4864",144119,163.897,11477.9975,206,755,2.5,2.8366240408408006,64.52637795275591,"3. 56–65 inches"
"SAMSUNG","QA55QN95BAW","Australia,Fiji,New Zealand","LCD (LED)","0.5","2027-01-19","Available",,"ATV4863",144120,138.783,8230.118400000001,173,635,2,2.2222265247655284,54.63897637795275,"2. 44–55 inches"
"SAMSUNG","QA55QN95BAS","Australia,Fiji,New Zealand","LCD (LED)","0.5","2027-01-19","Available",,"ATV4863",144120,138.783,8230.118400000001,173,635,2,2.2222265247655284,54.63897637795275,"2. 44–55 inches"
"SAMSUNG","QA55QN95BA*","Australia,Fiji,New Zealand","LCD (LED)","0.5","2027-01-19","Available",,"ATV4863",144120,138.783,8230.118400000001,173,635,2,2.2222265247655284,54.63897637795275,"2. 44–55 inches"
"SAMSUNG","QA55QN700BS","Australia,Fiji,New Zealand","LCD (LED)","0.5","2027-01-19","Available",,"ATV4862",144123,138.783,8230.118400000001,223,817,1,1.0928454851474543,54.63897637795275,"2. 44–55 inches"
"SAMSUNG","QA75Q80BAW","Australia,Fiji,New Zealand","LCD (LED)","0.5","2027-01-19","Available",,"ATV4861",144138,189.338,15318.8066,267,978,2.5,2.9053437500483668,74.54251968503937,"4. >65 inches"
"SAMSUNG","QA75Q80BAS","Australia,Fiji,New Zealand","LCD (LED)","0.5","2027-01-19","Available",,"ATV4861",144138,189.338,15318.8066,267,978,2.5,2.9053437500483668,74.54251968503937,"4. >65 inches"
"SAMSUNG","QA75Q80BA*","Australia,Fiji,New Zealand","LCD (LED)","0.5","2027-01-19","Available",,"ATV4861",144138,189.338,15318.8066,267,978,2.5,2.9053437500483668,74.54251968503937,"4. >65 inches"
"SAMSUNG","QA85Q80BAW","Australia,Fiji,New Zealand","LCD (LED)","0.5","2027-01-19","Available",,"ATV4860",144139,214.783,19712.16,337,1233,2.5,2.9531479926420383,84.56023622047243,"4. >65 inches"
"SAMSUNG","QA85Q80BAS","Australia,Fiji,New Zealand","LCD (LED)","0.5","2027-01-19","Available",,"ATV4860",144139,214.783,19712.16,337,1233,2.5,2.9531479926420383,84.56023622047243,"4. >65 inches"
"SAMSUNG","QA85Q80BA*","Australia,Fiji,New Zealand","LCD (LED)","0.5","2027-01-19","Available",,"ATV4860",144139,214.783,19712.16,337,1233,2.5,2.9531479926420383,84.56023622047243,"4. >65 inches"
"SAMSUNG","QA65QN700BW","Australia,Fiji,New Zealand","LCD (LED)","0.5","2027-01-19","Available",,"ATV4859",144140,163.897,11477.9975,245,897,2,2.0643045550444086,64.52637795275591,"3. 56–65 inches"
"SAMSUNG","QA65QN700BS","Australia,Fiji,New Zealand","LCD (LED)","0.5","2027-01-19","Available",,"ATV4859",144140,163.897,11477.9975,245,897,2,2.0643045550444086,64.52637795275591,"3. 56–65 inches"
"SAMSUNG","QA65QN700B*","Australia,Fiji,New Zealand","LCD (LED)","0.5","2027-01-19","Available",,"ATV4859",144140,163.897,11477.9975,245,897,2,2.0643045550444086,64.52637795275591,"3. 56–65 inches"
"SAMSUNG","QA65LS01BAW","Australia,Fiji,New Zealand","LCD (LED)","0.5","2027-01-19","Available",,"ATV4858",144141,163.897,11477.9975,134,492,4.5,4.755743057431653,64.52637795275591,"3. 56–65 inches"
"SAMSUNG","QA65LS01BBW","Australia,Fiji,New Zealand","LCD (LED)","0.5","2027-01-19","Available",,"ATV4858",144141,163.897,11477.9975,134,492,4.5,4.755743057431653,64.52637795275591,"3. 56–65 inches"
"SAMSUNG","QA55LS01BAW","Australia,Fiji,New Zealand","LCD (LED)","0.5","2027-01-19","Available",,"ATV4857",144142,138.783,8230.118400000001,116,426,4,4.0111451391386845,54.63897637795275,"2. 44–55 inches"
"SAMSUNG","QA55LS01BBW","Australia,Fiji,New Zealand","LCD (LED)","0.5","2027-01-19","Available",,"ATV4857",144142,138.783,8230.118400000001,116,426,4,4.0111451391386845,54.63897637795275,"2. 44–55 inches"
"FURRION","FDFD24D3D","Australia,Fiji,New Zealand","LCD (LED)","-","2027-01-19","Available",,"ATV4856",144145,60.47,1562.462784,28.58,107,4,4.050316322792688,23.807086614173226,"1. ≤43 inches"
"SONY","XR-55A80K","Australia,New Zealand","OLED","0.5","2027-01-18","Available","https://www.sony.com.au/","ATV4844",144165,138.798,8228,103.7,387,4,4.440363968763781,54.64488188976378,"2. 44–55 inches"
"KOGAN","KALED32EH7520SVA","Australia,Fiji,New Zealand","LCD (LED)","-","2027-01-18","Available","https://www.expressluck.com","ATV4843",144166,80.039,2736.7112736,24.61,110,5.5,5.799687998815937,31.511417322834646,"1. ≤43 inches"
"SONY","XR-65A80K","Australia,New Zealand","OLED","0.5","2027-01-18","Available","https://www.sony.com.au/","ATV4842",144167,163.878,11481.120000000003,121.1,451,5,5.146826473886623,64.51889763779526,"3. 56–65 inches"
"SONY","XR-77A80K","Australia,New Zealand","OLED","0.5","2027-01-19","Available","https://www.sony.com.au/","ATV4855",144168,194.726,16206.349999999999,169.7,629,5,5.1250055072718785,76.66377952755906,"4. >65 inches"
"SONY","XR-75X90K","Australia,New Zealand","LCD (LED)","0.5","2027-01-18","Available","https://www.sony.com.au/","ATV4841",144170,189.306,15312,198.1,732,4,4.201837238388788,74.52992125984252,"4. >65 inches"
"SONY","XR-65X90K","Australia,New Zealand","LCD (LED)","0.5","2027-01-18","Available","https://www.sony.com.au/","ATV4840",144171,163.878,11481.120000000003,149.8,555,4,4.216928329747233,64.51889763779526,"3. 56–65 inches"
"LG","43UQ80006LB","Australia,New Zealand","LCD (LED)","0.4","2027-02-14","Available",,"ATV4920",144176,107.987,4982.7128,73,269,4,4.045865347808662,42.514566929133856,"1. ≤43 inches"
"LG","50NANO806QA","Australia,New Zealand","LCD (LED)","0.4","2027-02-16","Available",,"ATV4935",144177,125.727,6754.5112,75,276,5,5.146895307351907,49.4988188976378,"2. 44–55 inches"
"LG","50UQ75006LF","Australia,New Zealand","LCD (LED)","0.4","2027-02-14","Available",,"ATV4921",144178,125.727,6754.5112,93,342,4,4.186034596465652,49.4988188976378,"2. 44–55 inches"
"LG","55UQ75006LF","Australia,New Zealand","LCD (LED)","0.4","2027-02-17","Available",,"ATV4941",144179,138.783,8230.118400000001,114,419,4,4.08539521829021,54.63897637795275,"2. 44–55 inches"
"LG","65NANO806QA","Australia,New Zealand","LCD (LED)","0.4","2027-02-14","Available",,"ATV4922",144180,163.897,11477.9975,114,419,5,5.475494068044627,64.52637795275591,"3. 56–65 inches"
"LG","65QNED96SQA","Australia,New Zealand","LCD (LED)","0.4","2027-03-14","Available",,"ATV4973",144181,163.897,11477.9975,152,557,4,4.199659214971653,64.52637795275591,"3. 56–65 inches"
"LG","65QNED99SQB","Australia,New Zealand","LCD (LED)","0.4","2027-02-14","Available",,"ATV4923",144182,163.897,11477.9975,212,776,2.5,2.7136773064511392,64.52637795275591,"3. 56–65 inches"
"LG","65QNED996QB","Australia,New Zealand","LCD (LED)","0.4","2027-03-14","Available",,"ATV4974",144183,163.897,11477.9975,212,776,2.5,2.7136773064511392,64.52637795275591,"3. 56–65 inches"
"LG","65UQ80006LB","Australia,New Zealand","LCD (LED)","0.4","2027-02-14","Available",,"ATV4924",144184,163.897,11477.9975,127,466,4.5,4.99905316900289,64.52637795275591,"3. 56–65 inches"
"LG","75NANO816QA","Australia,New Zealand","LCD (LED)","0.4","2027-03-14","Available",,"ATV4975",144185,189.275,15307.5663,126,462,6,6.263015743468501,74.51771653543307,"4. >65 inches"
"LG","75QNED99SQB","Australia,New Zealand","LCD (LED)","0.4","2027-02-14","Available",,"ATV4925",144186,189.275,15307.5663,232,849,3.5,3.536097167305912,74.51771653543307,"4. >65 inches"
"LG","75QNED996QB","Australia,New Zealand","LCD (LED)","0.4","2027-02-17","Available",,"ATV4942",144187,189.275,15307.5663,232,849,3.5,3.536097167305912,74.51771653543307,"4. >65 inches"
"LG","75UQ80006LB","Australia,New Zealand","LCD (LED)","0.4","2027-02-14","Available",,"ATV4926",144188,189.275,15307.5663,165,605,5,5.054540009525431,74.51771653543307,"4. >65 inches"
"LG","86QNED99SQB","Australia,New Zealand","LCD (LED)","0.4","2027-02-20","Available",,"ATV4943",144189,217.425,20200.7,328,1200,3,3.180715174482618,85.60039370078741,"4. >65 inches"
"LG","86QNED996QB","Australia,New Zealand","LCD (LED)","0.4","2027-02-14","Available",,"ATV4927",144190,217.425,20200.7,328,1200,3,3.180715174482618,85.60039370078741,"4. >65 inches"
"LG","OLED77Z2PSA","Australia,New Zealand","OLED","0.4","2027-02-20","Available",,"ATV4944",144191,194.738,16204.123099999999,262,959,3,3.234332254069108,76.66850393700787,"4. >65 inches"
"LG","OLED88Z2PSA","Australia,New Zealand","OLED","0.4","2027-02-14","Available",,"ATV4928",144192,222.494,21152.793599999997,320,1171,3,3.4899731293288854,87.59606299212598,"4. >65 inches"
"LG","OLED88Z26LA","Australia,New Zealand","OLED","0.4","2027-02-20","Available",,"ATV4945",144193,222.494,21152.793599999997,320,1171,3,3.4899731293288854,87.59606299212598,"4. >65 inches"
"EKO","K500USG","Australia","LCD (LED)","-","2027-01-30","Available","https://www.ayonz.com/","ATV4882",144195,125.731,6754.867344,50.6,210,6,6.371851645208939,49.5003937007874,"2. 44–55 inches"
"BLAUPUNKT","BP500USG9500","Australia","LCD (LED)","-","2027-01-24","Available","https://www.ayonz.com/","ATV4872",144196,125.731,6754.867344,50.6,210,6,6.371851645208939,49.5003937007874,"2. 44–55 inches"
"EKO","K65USW","Australia","LCD","0.18","2027-01-30","Available","https://www.ayonz.com/","ATV4881",144197,163.896,11478.122496000002,108.2,396,5.5,5.728546294275628,64.5259842519685,"3. 56–65 inches"
"SAMSUNG","QA55LS01BAS","Australia,Fiji,New Zealand","LCD (LED)","0.5","2027-01-19","Available",,"ATV4857",144142,138.783,8230.118400000001,116,426,4,4.0111451391386845,54.63897637795275,"2. 44–55 inches"
"SAMSUNG","QA55LS01B**","Australia,Fiji,New Zealand","LCD (LED)","0.5","2027-01-19","Available",,"ATV4857",144142,138.783,8230.118400000001,116,426,4,4.0111451391386845,54.63897637795275,"2. 44–55 inches"
"SAMSUNG","QA65LS01BAS","Australia,Fiji,New Zealand","LCD (LED)","0.5","2027-01-19","Available",,"ATV4858",144141,163.897,11477.9975,134,492,4.5,4.755743057431653,64.52637795275591,"3. 56–65 inches"
"SAMSUNG","QA65LS01B**","Australia,Fiji,New Zealand","LCD (LED)","0.5","2027-01-19","Available",,"ATV4858",144141,163.897,11477.9975,134,492,4.5,4.755743057431653,64.52637795275591,"3. 56–65 inches"
"SAMSUNG","QA50Q80BAS","Australia,Fiji,New Zealand","LCD (LED)","0.5","2027-01-31","Available",,"ATV4885",144201,125.727,6754.5112,138,507,2,2.4216983016909657,49.4988188976378,"2. 44–55 inches"
"SAMSUNG","QA75QN700BW","Australia,Fiji,New Zealand","LCD (LED)","0.5","2027-01-24","Available",,"ATV4873",144204,189.338,15318.8066,273,1000,2.5,2.805651830580815,74.54251968503937,"4. >65 inches"
"SAMSUNG","QA75QN700BS","Australia,Fiji,New Zealand","LCD (LED)","0.5","2027-01-24","Available",,"ATV4873",144204,189.338,15318.8066,273,1000,2.5,2.805651830580815,74.54251968503937,"4. >65 inches"
"SAMSUNG","QA75QN700B*","Australia,Fiji,New Zealand","LCD (LED)","0.5","2027-01-24","Available",,"ATV4873",144204,189.338,15318.8066,273,1000,2.5,2.805651830580815,74.54251968503937,"4. >65 inches"
"LINSAR","LS32C12V","Australia,Fiji,New Zealand","LCD","0.29","2027-02-09","Available",,"ATV4909",144209,80.054,2736.1600000000003,26.7,99,6,6.271133890295119,31.517322834645668,"1. ≤43 inches"
"SAMSUNG","QA43LS01BAW","Australia,Fiji,New Zealand","LCD (LED)","0.5","2027-02-01","Available",,"ATV4887",144211,107.987,4982.7128,82,302,3.5,3.527294960757275,42.514566929133856,"1. ≤43 inches"
"SAMSUNG","QA43LS01BBW","Australia,Fiji,New Zealand","LCD (LED)","0.5","2027-02-01","Available",,"ATV4887",144211,107.987,4982.7128,82,302,3.5,3.527294960757275,42.514566929133856,"1. ≤43 inches"
"SAMSUNG","QA43LS01BAS","Australia,Fiji,New Zealand","LCD (LED)","0.5","2027-02-01","Available",,"ATV4887",144211,107.987,4982.7128,82,302,3.5,3.527294960757275,42.514566929133856,"1. ≤43 inches"
"SAMSUNG","QA43LS01B**","Australia,Fiji,New Zealand","LCD (LED)","0.5","2027-02-01","Available",,"ATV4887",144211,107.987,4982.7128,82,302,3.5,3.527294960757275,42.514566929133856,"1. ≤43 inches"
"SAMSUNG","QA50LS01BAS","Australia,Fiji,New Zealand","LCD (LED)","0.5","2027-01-24","Available",,"ATV4874",144212,125.736,6755.127600000001,96,353,4,4.0445353755346325,49.50236220472441,"2. 44–55 inches"
"SAMSUNG","HG43AU800AW","Australia,Fiji,New Zealand","LCD (LED)","0.5","2027-02-01","Available",,"ATV4888",144231,107.987,4982.7128,68,251,4,4.356241516253395,42.514566929133856,"1. ≤43 inches"
"SAMSUNG","HG50AU800AW","Australia,Fiji,New Zealand","LCD (LED)","0.5","2027-01-26","Available",,"ATV4876",144232,125.727,6754.5112,79,291,4.5,4.909727792796122,49.4988188976378,"2. 44–55 inches"
"SAMSUNG","QA55Q80BAW","Australia,Fiji,New Zealand","LCD (LED)","0.5","2027-01-26","Available",,"ATV4877",144236,138.783,8230.118400000001,158,580,2.5,2.6282292742003825,54.63897637795275,"2. 44–55 inches"
"SAMSUNG","QA55Q80BAS","Australia,Fiji,New Zealand","LCD (LED)","0.5","2027-01-26","Available",,"ATV4877",144236,138.783,8230.118400000001,158,580,2.5,2.6282292742003825,54.63897637795275,"2. 44–55 inches"
"SAMSUNG","QA55Q80BA*","Australia,Fiji,New Zealand","LCD (LED)","0.5","2027-01-26","Available",,"ATV4877",144236,138.783,8230.118400000001,158,580,2.5,2.6282292742003825,54.63897637795275,"2. 44–55 inches"
"SAMSUNG","HG55AU800AW","Australia,Fiji,New Zealand","LCD (LED)","0.5","2027-02-01","Available",,"ATV4889",144269,138.783,8230.118400000001,86,317,5,5.33557316160007,54.63897637795275,"2. 44–55 inches"
"SAMSUNG","HG65AU800AW","Australia,Fiji,New Zealand","LCD (LED)","0.5","2027-01-26","Available",,"ATV4878",144270,163.897,11477.9975,114,419,5,5.475494068044627,64.52637795275591,"3. 56–65 inches"
"SAMSUNG","HG75AU800AW","Australia,Fiji,New Zealand","LCD (LED)","0.5","2027-02-01","Available",,"ATV4890",144271,189.338,15318.8066,157,576,5,5.277816565063631,74.54251968503937,"4. >65 inches"
"SONY","XR-55X90K","Australia,New Zealand","LCD (LED)","0.5","2027-01-20","Available","https://www.sony.com.au/","ATV4867",144272,138.798,8228,126.7,471,3.5,3.5600633737892173,54.64488188976378,"2. 44–55 inches"
"SAMSUNG","QA55Q6*BA*","Australia,Fiji,New Zealand","LCD (LED)","0.5","2026-12-20","Available",,"ATV4784",143613,138.783,8230.1184,87,321,5,5.27937906959569,54.63897637795275,"2. 44–55 inches"
"SAMSUNG","QA55Q63BAS","Australia,Fiji,New Zealand","LCD (LED)","0.5","2026-12-20","Available",,"ATV4784",143613,138.783,8230.1184,87,321,5,5.27937906959569,54.63897637795275,"2. 44–55 inches"
"SAMSUNG","QA55Q60BAW","Australia,Fiji,New Zealand","LCD (LED)","0.5","2026-12-20","Available",,"ATV4784",143613,138.783,8230.1184,87,321,5,5.27937906959569,54.63897637795275,"2. 44–55 inches"
"SAMSUNG","QA55Q60BAS","Australia,Fiji,New Zealand","LCD (LED)","0.5","2026-12-20","Available",,"ATV4784",143613,138.783,8230.1184,87,321,5,5.27937906959569,54.63897637795275,"2. 44–55 inches"
"SAMSUNG","QA43Q6*BAS","Australia,Fiji,New Zealand","LCD (LED)","0.5","2026-12-20","Available",,"ATV4785",143637,107.987,4982.7128,70,259,4,4.21563641078219,42.514566929133856,"1. ≤43 inches"
"SAMSUNG","QA43Q63BAS","Australia,Fiji,New Zealand","LCD (LED)","0.5","2026-12-20","Available",,"ATV4785",143637,107.987,4982.7128,70,259,4,4.21563641078219,42.514566929133856,"1. ≤43 inches"
"SAMSUNG","QA43Q60BAS","Australia,Fiji,New Zealand","LCD (LED)","0.5","2026-12-20","Available",,"ATV4785",143637,107.987,4982.7128,70,259,4,4.21563641078219,42.514566929133856,"1. ≤43 inches"
"SAMSUNG","QA50Q6*BAS","Australia,Fiji,New Zealand","LCD (LED)","0.5","2026-12-19","Available",,"ATV4776",143638,125.727,6754.5112,80,295,4.5,4.84854704574821,49.4988188976378,"2. 44–55 inches"
"SAMSUNG","QA50Q63BAS","Australia,Fiji,New Zealand","LCD (LED)","0.5","2026-12-19","Available",,"ATV4776",143638,125.727,6754.5112,80,295,4.5,4.84854704574821,49.4988188976378,"2. 44–55 inches"
"SAMSUNG","QA50Q60BAS","Australia,Fiji,New Zealand","LCD (LED)","0.5","2026-12-19","Available",,"ATV4776",143638,125.727,6754.5112,80,295,4.5,4.84854704574821,49.4988188976378,"2. 44–55 inches"
"SAMSUNG","QA75Q63BAS","Australia,Fiji,New Zealand","LCD (LED)","0.5","2026-12-19","Available",,"ATV4774",143622,189.338,15318.8066,183,671,4.5,4.59367635407977,74.54251968503937,"4. >65 inches"
"SAMSUNG","QA75Q6*BA*","Australia,Fiji,New Zealand","LCD (LED)","0.5","2026-12-19","Available",,"ATV4774",143622,189.338,15318.8066,183,671,4.5,4.59367635407977,74.54251968503937,"4. >65 inches"
"SAMSUNG","QA75Q63BAK","Australia,Fiji,New Zealand","LCD (LED)","0.5","2026-12-19","Available",,"ATV4774",143622,189.338,15318.8066,183,671,4.5,4.59367635407977,74.54251968503937,"4. >65 inches"
"SAMSUNG","QA75Q60BAW","Australia,Fiji,New Zealand","LCD (LED)","0.5","2026-12-19","Available",,"ATV4774",143622,189.338,15318.8066,183,671,4.5,4.59367635407977,74.54251968503937,"4. >65 inches"
"SAMSUNG","QA75Q60BAS","Australia,Fiji,New Zealand","LCD (LED)","0.5","2026-12-19","Available",,"ATV4774",143622,189.338,15318.8066,183,671,4.5,4.59367635407977,74.54251968503937,"4. >65 inches"
"SAMSUNG","QA65Q63BAS","Australia,Fiji,New Zealand","LCD (LED)","0.5","2026-12-19","Available",,"ATV4773",143616,163.897,11477.9975,117,430,5,5.35936125303452,64.52637795275591,"3. 56–65 inches"
"SAMSUNG","QA65Q6*BA*","Australia,Fiji,New Zealand","LCD (LED)","0.5","2026-12-19","Available",,"ATV4773",143616,163.897,11477.9975,117,430,5,5.35936125303452,64.52637795275591,"3. 56–65 inches"
"SAMSUNG","QA65Q63BAK","Australia,Fiji,New Zealand","LCD (LED)","0.5","2026-12-19","Available",,"ATV4773",143616,163.897,11477.9975,117,430,5,5.35936125303452,64.52637795275591,"3. 56–65 inches"
"SAMSUNG","QA65Q60BAW","Australia,Fiji,New Zealand","LCD (LED)","0.5","2026-12-19","Available",,"ATV4773",143616,163.897,11477.9975,117,430,5,5.35936125303452,64.52637795275591,"3. 56–65 inches"
"SAMSUNG","QA65Q60BAS","Australia,Fiji,New Zealand","LCD (LED)","0.5","2026-12-19","Available",,"ATV4773",143616,163.897,11477.9975,117,430,5,5.35936125303452,64.52637795275591,"3. 56–65 inches"
"LG","65QNED966QA","Australia,New Zealand","LCD (LED)","0.4","2027-02-20","Available",,"ATV4946",144325,163.897,11477.9975,152,557,4,4.199659214971653,64.52637795275591,"3. 56–65 inches"
"LG","75QNED966QA","Australia,New Zealand","LCD (LED)","0.4","2027-02-20","Available",,"ATV4947",144327,189.275,15307.5663,172,630,4.5,4.873081208156259,74.51771653543307,"4. >65 inches"
"LG","86UQ91006LA","Australia,New Zealand","LCD (LED)","0.4","2027-01-26","Available",,"ATV4875",144328,217.425,20200.7,250,915,4,4.395864655180622,85.60039370078741,"4. >65 inches"
"POLAROID","PL5021WOS","Australia,Fiji,New Zealand","LCD (LED)","0.35","2027-02-01","Available",,"ATV4886",144343,125.774,6762.32,54.8,202,6,6.550386915674646,49.51732283464567,"2. 44–55 inches"
"EKO","K650USG","Australia","LCD (LED)","-","2027-02-10","Available","https://www.ayonz.com/","ATV4918",144350,163.896,11478.122496000002,137.7,520,4.5,4.507742024035239,64.5259842519685,"3. 56–65 inches"
"EKO","K240HSG","Australia","LCD","0.227","2027-02-09","Available","https://www.ayonz.com/","ATV4912",144351,59.774,1526.53,22,84,5,5.063138326718788,23.53307086614173,"1. ≤43 inches"
"BLAUPUNKT","BP240HSG9200","Australia","LCD","0.227","2027-02-09","Available","https://www.ayonz.com/","ATV4914",144352,59.774,1526.53,22,84,5,5.063138326718788,23.53307086614173,"1. ≤43 inches"
"EKO","K58USG","Australia","LCD","0.35","2027-02-09","Available","https://www.ayonz.com/","ATV4913",144353,145.865,9142.279999999999,105.8,468,4,4.025599758439423,57.42716535433071,"3. 56–65 inches"
"EKO","K40FSW","Australia","LCD (LED)","-","2027-02-16","Available","https://www.ayonz.com/","ATV4938",144361,100.332,4261.934154240001,36.32,151,6,6.025786528657009,39.5007874015748,"1. ≤43 inches"
"BLAUPUNKT","BP4000F","Australia","LCD (LED)","0.33","2027-02-09","Available","https://www.ayonz.com/","ATV4915",144362,100.332,4261.906885,25.92,151,6,6.025761901698537,39.5007874015748,"1. ≤43 inches"
"EKO","K400FSG","Australia","LCD","0.38","2027-02-16","Available","https://www.ayonz.com/","ATV4939",144365,100.305,4258.3,35.8,151,6,6.022503316218213,39.49015748031496,"1. ≤43 inches"
"SONY","XR-65X95K","Australia,New Zealand","LCD (LED)","0.5","2027-01-26","Available","https://www.sony.com.au/","ATV4879",144366,163.878,11481.120000000003,226,835,2,2.3864312855854646,64.51889763779526,"3. 56–65 inches"
"SONY","XR-75X95K","Australia,New Zealand","LCD (LED)","0.5","2027-01-27","Available","https://www.sony.com.au/","ATV4880",144368,189.306,15312,242,894,3,3.3058881507510876,74.52992125984252,"4. >65 inches"
"SONY","XR-85X95K","Australia,New Zealand","LCD (LED)","0.5","2027-02-01","Available","https://www.sony.com.au/","ATV4891",144369,214.783,19712.16,292,1076,3.5,3.5635163480816754,84.56023622047243,"4. >65 inches"
"EKO","K700USG","Australia","LCD (LED)","-","2027-02-16","Available","https://www.ayonz.com/","ATV4940",144389,177.538,13429.306367999998,160,590,4.5,4.607734314278893,69.89685039370079,"4. >65 inches"
"LG","OLED83G2PSA","Australia,New Zealand","OLED","0.4","2027-02-14","Available",,"ATV4929",144396,209.585,18769.3425,181,663,5.5,5.521635940497602,82.51377952755905,"4. >65 inches"
"LG","OLED83G26LA","Australia,New Zealand","OLED","0.4","2027-02-20","Available",,"ATV4948",144397,209.585,18769.3425,181,663,5.5,5.521635940497602,82.51377952755905,"4. >65 inches"
"SONY","XR-65A95K","Australia,New Zealand","OLED","0.5","2027-02-01","Available","https://www.sony.com.au/","ATV4892",144403,163.878,11481.120000000003,136,507,4.5,4.622304642988203,64.51889763779526,"3. 56–65 inches"
"SAMSUNG","QA43LS05BAW","Australia,Fiji,New Zealand","LCD (LED)","0.5","2027-02-06","Available",,"ATV4895",144425,107.987,4982.7128,83,306,3,3.468328055820896,42.514566929133856,"1. ≤43 inches"
"SAMSUNG","QA43LS05BBW","Australia,Fiji,New Zealand","LCD (LED)","0.5","2027-02-06","Available",,"ATV4895",144425,107.987,4982.7128,83,306,3,3.468328055820896,42.514566929133856,"1. ≤43 inches"
"SAMSUNG","QA43LS05BAS","Australia,Fiji,New Zealand","LCD (LED)","0.5","2027-02-06","Available",,"ATV4895",144425,107.987,4982.7128,83,306,3,3.468328055820896,42.514566929133856,"1. ≤43 inches"
"SAMSUNG","QA43LS05B**","Australia,Fiji,New Zealand","LCD (LED)","0.5","2027-02-06","Available",,"ATV4895",144425,107.987,4982.7128,83,306,3,3.468328055820896,42.514566929133856,"1. ≤43 inches"
"KOGAN","KAQLED50XQ9610STA","Australia,Fiji,New Zealand","LCD (LED)","0.4","2027-02-08","Available",,"ATV4902",144436,125.638,6745.2,90,331,4,4.3269419428521605,49.463779527559055,"2. 44–55 inches"
"DGTEC","DG5521WOS","Australia,Fiji,New Zealand","LCD","0.33","2027-02-09","Available",,"ATV4908",144561,138.798,8228,69.6,256,6,6.292298502011051,54.64488188976378,"2. 44–55 inches"
"AKAI","AK4021S6WOS","Australia,Fiji,New Zealand","LCD","0.33","2027-02-06","Available",,"ATV4897",144564,100.305,4258.3,35.3,131,6,6.659234751103845,39.49015748031496,"1. ≤43 inches"
"JVC","LT-40N5115AM","Australia","LCD (LED)","0.37","2027-02-16","Available",,"ATV4931",144599,100.344,4254.360000000001,35,151,6,6.01894107318675,39.50551181102362,"1. ≤43 inches"
"JVC","LT-55N7115AM","Australia,Fiji","LCD (LED)","0.34","2027-02-10","Available",,"ATV4919",144600,138.886,8234.8,87.3,360,4.5,4.767875082608744,54.67952755905512,"2. 44–55 inches"
"LG","55UP751C0VG","Australia,New Zealand","LCD (LED)","0.4","2027-02-09","Available",,"ATV4910",144611,138.783,8230.118400000001,115,422,4,4.053423000980519,54.63897637795275,"2. 44–55 inches"
"LG","65UP751C0VG","Australia,New Zealand","LCD (LED)","0.4","2027-02-08","Available",,"ATV4903",144612,163.897,11477.9975,145,532,4,4.405453871887269,64.52637795275591,"3. 56–65 inches"
"LG","75UP751C0VC","Australia,New Zealand","LCD (LED)","0.4","2027-02-09","Available",,"ATV4911",144613,189.275,15307.5663,171,627,4.5,4.894472275585927,74.51771653543307,"4. >65 inches"
"CHIQ","L24D6C","Australia,Fiji,New Zealand","LCD","-","2027-02-09","Available",,"ATV4907",144615,59.774,1526.53,20.2,82,5,5.171129579153095,23.53307086614173,"1. ≤43 inches"
"POLAROID","PL3221HDC","Australia,Fiji,New Zealand","LCD","0.29","2027-02-08","Available",,"ATV4904",144674,80.054,2736.1600000000003,26.7,99,6,6.271133890295119,31.517322834645668,"1. ≤43 inches"
"EKO","K55USW","Australia","LCD","0.4","2027-03-17","Available","https://www.ayonz.com/","ATV4982",144679,138.798,8228,100.9,385,4,4.4635838140673165,54.64488188976378,"2. 44–55 inches"
"SONY","XR-48A90K","Australia,New Zealand","OLED","0.5","2027-02-09","Available","https://www.sony.com.au/","ATV4905",144694,120.713,6227.84,84,315,4,4.226233251794239,47.5248031496063,"2. 44–55 inches"
"SONY","KD-50X85K","Australia,New Zealand","LCD (LED)","0.5","2027-02-09","Available","https://www.sony.com.au/","ATV4906",144696,125.725,6751.36,93.6,347,4,4.119096350472407,49.49803149606299,"2. 44–55 inches"
"SONY","KD-55X85K","Australia,New Zealand","LCD (LED)","0.5","2027-02-16","Available","https://www.sony.com.au/","ATV4936",144699,138.798,8228,136.6,504,3,3.2565897862437874,54.64488188976378,"2. 44–55 inches"
"SONY","KD-65X85K","Australia,New Zealand","LCD (LED)","0.5","2027-02-09","Available","https://www.sony.com.au/","ATV4916",144702,163.878,11481.120000000003,179.5,661,3,3.4336400604880652,64.51889763779526,"3. 56–65 inches"
"SONY","KD-75X85K","Australia,New Zealand","LCD (LED)","0.5","2027-02-16","Available","https://www.sony.com.au/","ATV4937",144703,189.306,15312,224.4,826,3.5,3.6604177850901025,74.52992125984252,"4. >65 inches"
"SONY","KD-85X85K","Australia,New Zealand","LCD (LED)","0.5","2027-02-09","Available","https://www.sony.com.au/","ATV4917",144704,214.783,19712.16,237.7,875,4,4.49019271020941,84.56023622047243,"4. >65 inches"
"JVC","LT-75N7125A","Australia","LCD (LED)","0.85","2027-02-16","Available",,"ATV4933",144727,188.974,15220.27,189.3,758,4,4.01967621728369,74.3992125984252,"4. >65 inches"
"JVC","LT-65N7115AM","Australia,Fiji","LCD (LED)","0.39","2027-02-16","Available",,"ATV4934",144733,163.682,11424,93,370,6,6.012924571152087,64.44173228346456,"3. 56–65 inches"
"AKAI","AK8521S6WOS","Australia","LCD","0.33","2027-02-24","Available",,"ATV4957",144741,214.783,19712.16,159.1,600,6,6.1810066679482025,84.56023622047243,"4. >65 inches"
"JVC","LT-55NQ7105AT2","Australia,Fiji","LCD (LED)","-","2027-02-16","Available",,"ATV4932",144723,138.783,8230.118400000001,63.94,320,5,5.293361671010193,54.63897637795275,"2. 44–55 inches"
"LINSAR","LS85UHDNF","Australia","LCD","0.33","2027-02-14","Available",,"ATV4930",144762,214.783,19712.16,159.1,600,6,6.1810066679482025,84.56023622047243,"4. >65 inches"
"KOGAN","KALED50XU9220STD","Australia,Fiji,New Zealand","LCD (LED)","0.4","2027-02-21","Available",,"ATV4950",144837,125.638,6745.2,77,284,5,5.01324516028287,49.463779527559055,"2. 44–55 inches"
"KOGAN","KALED75XU9220STA","Australia,Fiji,New Zealand","LCD (LED)","0.45","2027-03-15","Available",,"ATV4980",144838,189.306,15312,146,536,5.5,5.598455473847803,74.52992125984252,"4. >65 inches"
"KOGAN","KAQLED65XQ9610STB","Australia,Fiji,New Zealand","LCD (LED)","0.43","2027-02-23","Available",,"ATV4956",144851,163.829,11466.84,156,572,4,4.076463412951497,64.4996062992126,"3. 56–65 inches"
"KOGAN","KALED32RH9310STA","Australia,Fiji,New Zealand","LCD (LED)","0.35","2027-02-21","Available",,"ATV4949",144853,79.967,2732.2400000000002,28,104,6,6.04521473860549,31.48307086614173,"1. ≤43 inches"
"SAMSUNG","QA32LS03BBK","Australia,Fiji,New Zealand","LCD (LED)","0.5","2027-02-06","Available",,"ATV4894",144421,80.008,2735.5079,39,145,4.5,4.56011124992726,31.499212598425196,"1. ≤43 inches"
"SAMSUNG","QA32LS03BBW","Australia,Fiji,New Zealand","LCD (LED)","0.5","2027-02-06","Available",,"ATV4894",144421,80.008,2735.5079,39,145,4.5,4.56011124992726,31.499212598425196,"1. ≤43 inches"
"SAMSUNG","QA32LS03BBS","Australia,Fiji,New Zealand","LCD (LED)","0.5","2027-02-06","Available",,"ATV4894",144421,80.008,2735.5079,39,145,4.5,4.56011124992726,31.499212598425196,"1. ≤43 inches"
"SAMSUNG","QA32LS03B**","Australia,Fiji,New Zealand","LCD (LED)","0.5","2027-02-06","Available",,"ATV4894",144421,80.008,2735.5079,39,145,4.5,4.56011124992726,31.499212598425196,"1. ≤43 inches"
"SONY","KD-43X85K","Australia,New Zealand","LCD (LED)","0.5","2027-02-23","Available","https://www.sony.com.au/","ATV4955",144891,107.95,4977.889999999999,76.9,286,3.5,3.76743730294677,42.5,"1. ≤43 inches"
"AVEL INNOVATIONS","AVS240WS","Australia","LCD (LED)","-","2027-04-04","Available","https://www.aviselectronics.tech/","ATV4997",144907,60.22,1548.75,24.01,90,4.5,4.798447235076666,23.708661417322833,"1. ≤43 inches"
"LG","55QNED85SQA","Australia,New Zealand","LCD (LED)","0.4","2027-02-21","Available",,"ATV4951",144912,138.783,8230.118400000001,102,375,4.5,4.582585898004297,54.63897637795275,"2. 44–55 inches"
"LG","55QNED866QA","Australia,New Zealand","LCD (LED)","0.4","2027-02-24","Available",,"ATV4961",144913,138.783,8230.118400000001,102,375,4.5,4.582585898004297,54.63897637795275,"2. 44–55 inches"
"LG","65QNED85SQA","Australia,New Zealand","LCD (LED)","0.4","2027-02-21","Available",,"ATV4952",144914,163.897,11477.9975,132,484,4.5,4.829210606366519,64.52637795275591,"3. 56–65 inches"
"LG","65QNED866QA","Australia,New Zealand","LCD (LED)","0.4","2027-02-24","Available",,"ATV4960",144915,163.897,11477.9975,132,484,4.5,4.829210606366519,64.52637795275591,"3. 56–65 inches"
"LG","75QNED85SQA","Australia,New Zealand","LCD (LED)","0.4","2027-02-21","Available",,"ATV4953",144916,189.275,15307.5663,160,587,5,5.189895201395687,74.51771653543307,"4. >65 inches"
"LG","75QNED866QA","Australia,New Zealand","LCD (LED)","0.4","2027-02-24","Available",,"ATV4959",144917,189.275,15307.5663,160,587,5,5.189895201395687,74.51771653543307,"4. >65 inches"
"LG","86QNED85SQA","Australia,New Zealand","LCD (LED)","0.4","2027-02-21","Available",,"ATV4954",144918,217.425,20200.7,206,754,5,5.263161496732867,85.60039370078741,"4. >65 inches"
"LG","86QNED866QA","Australia,New Zealand","LCD (LED)","0.4","2027-02-24","Available",,"ATV4958",144919,217.425,20200.7,206,754,5,5.263161496732867,85.60039370078741,"4. >65 inches"
"SONY","XR-42A90K","Australia,New Zealand","OLED","0.5","2027-02-28","Available","https://www.sony.com.au/","ATV4963",145052,105.531,4756.400000000001,68,256,4,4.085735586348889,41.54763779527559,"1. ≤43 inches"
"AVEL INNOVATIONS","AVS240KS","Australia","LCD (LED)","-","2027-03-07","Available","https://www.aviselectronics.tech/","ATV4964",145125,60.22,1548.75,24.37,91,4.5,4.748928276892544,23.708661417322833,"1. ≤43 inches"
"AVEL INNOVATIONS","AVS325KS","Australia","LCD (LED)","-","2027-03-08","Available","https://www.aviselectronics.tech/","ATV4965",145126,80.103,2743.14,39.33,145,4.5,4.570054909528788,31.536614173228344,"1. ≤43 inches"
"EKO","K40FSW","Australia","LCD","0.44","2027-03-14","Available","https://www.ayonz.com/","ATV4976",145221,100.332,4261.934154240001,68.2,252,3.5,3.7306305733081637,39.5007874015748,"1. ≤43 inches"
"EKO","K650USG","Australia","LCD","0.44","2027-03-14","Available","https://www.ayonz.com/","ATV4978",145222,163.896,11478.122496000002,137.3,505,4.5,4.638914904128455,64.5259842519685,"3. 56–65 inches"
"KOGAN","KALED58XU9230STA","Australia,Fiji,New Zealand","LCD (LED)","0.4","2027-03-09","Available",,"ATV4968",145328,146.039,9156.699999999999,122,448,4,4.227886810654365,57.49566929133858,"3. 56–65 inches"
"KOGAN","KALED24RH9310STA","Australia,Fiji,New Zealand","LCD (LED)","0.4","2027-03-15","Available",,"ATV4979",145329,59.774,1526.53,18,68,6,6.010103150137152,23.53307086614173,"1. ≤43 inches"
"POLAROID","PL2421FHDC","Australia,Fiji,New Zealand","LCD (LED)","0.33","2027-03-08","Available",,"ATV4966",145334,59.774,1526.53,18,68,6,6.010103150137152,23.53307086614173,"1. ≤43 inches"
"TEAC","LE50GA522","Australia,Fiji,New Zealand","LCD (LED)","-","2027-03-10","Available","https://www.expressluck.com","ATV4969",145374,125.731,6754.867344,50.6,210,6,6.371851645208939,49.5003937007874,"2. 44–55 inches"
"TEAC","LE55GA522","Australia,Fiji,New Zealand","LCD (LED)","-","2027-03-14","Available","https://www.expressluck.com","ATV4972",145383,138.783,8230.118400000001,53.64,247,6,6.453747698931702,54.63897637795275,"2. 44–55 inches"
"CHIQ","L24G5W","Australia,Fiji,New Zealand","LCD (LED)","0.3","2027-03-10","Available",,"ATV4970",145384,59.774,1526.53,22,82,5,5.171129579153095,23.53307086614173,"1. ≤43 inches"
"CHIQ","L32G5W","Australia,Fiji,New Zealand","LCD (LED)","0.45","2027-03-14","Available",,"ATV4977",145385,79.967,2732.2400000000002,35,131,5,5.0108741865239335,31.48307086614173,"1. ≤43 inches"
"CHIQ","L40G5W","Australia,Fiji,New Zealand","LCD (LED)","0.44","2027-03-10","Available",,"ATV4971",145386,100.305,4258.3,50,185,5,5.112434496987815,39.49015748031496,"1. ≤43 inches"
"EKO","K400DVD","Australia","LCD","0.27","2027-03-30","Available","https://www.ayonz.com/","ATV4994",145414,100.332,4261.934154240001,41.95,155,5.5,5.908618544413956,39.5007874015748,"1. ≤43 inches"
"JVC","LT-43N7125A","Australia,Fiji","LCD","0.365","2027-03-21","Available",,"ATV4985",145467,107.814,4963.2,49.98,235,4.5,4.636007606228578,42.44645669291338,"1. ≤43 inches"
"JVC","LT-50NQ7115A","Australia,Fiji","LCD","0.313","2027-03-24","Available",,"ATV4989",145635,125.589,6734.25,86.3,354,4,4.019291093555415,49.44448818897638,"2. 44–55 inches"
"LG","65ART90ESQA","Australia,New Zealand","OLED","0.4","2027-03-27","Available",,"ATV4991",145730,163.897,11477.9975,126,462,5,5.037686340309588,64.52637795275591,"3. 56–65 inches"
"LG","65ART90ESQB","Australia,New Zealand","OLED","0.4","2027-03-27","Available",,"ATV4991",145730,163.897,11477.9975,126,462,5,5.037686340309588,64.52637795275591,"3. 56–65 inches"
"LG","65ART90ESQC","Australia,New Zealand","OLED","0.4","2027-03-27","Available",,"ATV4991",145730,163.897,11477.9975,126,462,5,5.037686340309588,64.52637795275591,"3. 56–65 inches"
"LG","65ART90E6QA","Australia,New Zealand","OLED","0.4","2027-03-27","Available",,"ATV4991",145730,163.897,11477.9975,126,462,5,5.037686340309588,64.52637795275591,"3. 56–65 inches"
"LG","65ART90E6QB","Australia,New Zealand","OLED","0.4","2027-03-27","Available",,"ATV4991",145730,163.897,11477.9975,126,462,5,5.037686340309588,64.52637795275591,"3. 56–65 inches"
"LG","65ART90E6QC","Australia,New Zealand","OLED","0.4","2027-03-27","Available",,"ATV4991",145730,163.897,11477.9975,126,462,5,5.037686340309588,64.52637795275591,"3. 56–65 inches"
"LG","65ART90E","Australia,New Zealand","OLED","0.4","2027-03-27","Available",,"ATV4991",145730,163.897,11477.9975,126,462,5,5.037686340309588,64.52637795275591,"3. 56–65 inches"
"KOGAN","KALED70UN8920SNA","Australia,Fiji,New Zealand","LCD (LED)","0.3","2027-04-07","Available",,"ATV4999",145723,176.537,13380.8032,182.3,667,4,4.042599711063555,69.50275590551182,"4. >65 inches"
"KOGAN","KALED70UN8920SNB","Australia,Fiji,New Zealand","LCD (LED)","0.3","2027-04-07","Available",,"ATV4999",145723,176.537,13380.8032,182.3,667,4,4.042599711063555,69.50275590551182,"4. >65 inches"
"KOGAN","KALED70UN8920SNC","Australia,Fiji,New Zealand","LCD (LED)","0.3","2027-04-07","Available",,"ATV4999",145723,176.537,13380.8032,182.3,667,4,4.042599711063555,69.50275590551182,"4. >65 inches"
"KOGAN","KALED70UN8920SND","Australia,Fiji,New Zealand","LCD (LED)","0.3","2027-04-07","Available",,"ATV4999",145723,176.537,13380.8032,182.3,667,4,4.042599711063555,69.50275590551182,"4. >65 inches"
"KOGAN","D70S218-U-T2C-S-I","Australia,Fiji,New Zealand","LCD (LED)","0.3","2027-04-07","Available",,"ATV4999",145723,176.537,13380.8032,182.3,667,4,4.042599711063555,69.50275590551182,"4. >65 inches"
"KOGAN","KALED70*","Australia,Fiji,New Zealand","LCD (LED)","0.3","2027-04-07","Available",,"ATV4999",145723,176.537,13380.8032,182.3,667,4,4.042599711063555,69.50275590551182,"4. >65 inches"
"KOGAN","KALED19PRIZC","Australia,Fiji,New Zealand","LCD (LED)","0.241926","2027-04-03","Available",,"ATV4996",145780,47.013,944.1791999999999,15.8694,62,5,5.065515602883841,18.509055118110236,"1. ≤43 inches"
"KOGAN","KALED24EH6300NA","Australia,Fiji,New Zealand","LCD (LED)","0.16","2027-04-07","Available",,"ATV5000",145811,59.827,1529.038,22.3,83,5,5.121853047308811,23.553937007874016,"1. ≤43 inches"
"KOGAN","KALED24EH6300NB","Australia,Fiji,New Zealand","LCD (LED)","0.16","2027-04-07","Available",,"ATV5000",145811,59.827,1529.038,22.3,83,5,5.121853047308811,23.553937007874016,"1. ≤43 inches"
"KOGAN","KALED24EH6300NC","Australia,Fiji,New Zealand","LCD (LED)","0.16","2027-04-07","Available",,"ATV5000",145811,59.827,1529.038,22.3,83,5,5.121853047308811,23.553937007874016,"1. ≤43 inches"
"KOGAN","KALED24EH6300ND","Australia,Fiji,New Zealand","LCD (LED)","0.16","2027-04-07","Available",,"ATV5000",145811,59.827,1529.038,22.3,83,5,5.121853047308811,23.553937007874016,"1. ≤43 inches"
"KOGAN","D236GD064C-T2C","Australia,Fiji,New Zealand","LCD (LED)","0.16","2027-04-07","Available",,"ATV5000",145811,59.827,1529.038,22.3,83,5,5.121853047308811,23.553937007874016,"1. ≤43 inches"
"KOGAN","KALED24*","Australia,Fiji,New Zealand","LCD (LED)","0.16","2027-04-07","Available",,"ATV5000",145811,59.827,1529.038,22.3,83,5,5.121853047308811,23.553937007874016,"1. ≤43 inches"
"BAUHN","ATV50UHDW-0422","Australia,Fiji,New Zealand","LCD","0.33","2027-03-30","Available",,"ATV4992",145854,125.725,6751.36,59.7,220,6,6.1612671006942135,49.49803149606299,"2. 44–55 inches"
"EKO","K70USW","Australia","LCD","0.32","2027-04-21","Available","https://www.ayonz.com/","ATV5012",145910,176.539,13385.2,104.9,405,6,6.2797926522064635,69.5035433070866,"4. >65 inches"
"LINSAR","LS50UHDNF","Australia,Fiji,New Zealand","LCD","0.33","2027-04-04","Available",,"ATV4998",146006,125.725,6751.36,59.7,220,6,6.1612671006942135,49.49803149606299,"2. 44–55 inches"
"SAMSUNG","QA65S95BAW","Australia,Fiji,New Zealand","LCD (LED)","0.5","2027-04-07","Available",,"ATV5002",145876,163.897,11477.9975,155,569,4,4.10413687487484,64.52637795275591,"3. 56–65 inches"
"SAMSUNG","QA65S95BAS","Australia,Fiji,New Zealand","LCD (LED)","0.5","2027-04-07","Available",,"ATV5002",145876,163.897,11477.9975,155,569,4,4.10413687487484,64.52637795275591,"3. 56–65 inches"
"SAMSUNG","QA65S95BA*","Australia,Fiji,New Zealand","LCD (LED)","0.5","2027-04-07","Available",,"ATV5002",145876,163.897,11477.9975,155,569,4,4.10413687487484,64.52637795275591,"3. 56–65 inches"
"EKO","K43FSG11","Australia","LCD (LED)","-","2027-04-21","Available","https://www.ayonz.com/","ATV5013",146100,107.942,4978.7136,51.8,216,5,5.026081958562645,42.49685039370078,"1. ≤43 inches"
"BLAUPUNKT","BP320HSG9700","Australia","LCD (LED)","-","2027-04-21","Available","https://www.ayonz.com/","ATV5011",146151,80.029,2735.9872,34.4,151,4,4.379032283719447,31.507480314960628,"1. ≤43 inches"
"EKO","K400FSG","Australia","LCD (LED)","-","2027-04-21","Available","https://www.ayonz.com/","ATV5016",146152,100.328,4261.4193000000005,32.8,141,6,6.332388205338999,39.499212598425196,"1. ≤43 inches"
"BLAUPUNKT","BP400FSG9700","Australia","LCD (LED)","-","2027-04-21","Available","https://www.ayonz.com/","ATV5010",146153,100.328,4261.4193000000005,32.8,141,6,6.332388205338999,39.499212598425196,"1. ≤43 inches"
"SAMSUNG","QA55S95BA*","Australia,Fiji,New Zealand","LCD (LED)","0.5","2027-04-26","Available",,"ATV5022",146314,138.783,8230.118400000001,142,521,3,3.1089873384835816,54.63897637795275,"2. 44–55 inches"
"SAMSUNG","QA55S95BAS","Australia,Fiji,New Zealand","LCD (LED)","0.5","2027-04-26","Available",,"ATV5022",146314,138.783,8230.118400000001,142,521,3,3.1089873384835816,54.63897637795275,"2. 44–55 inches"
"SAMSUNG","QA55S95BAW","Australia,Fiji,New Zealand","LCD (LED)","0.5","2027-04-26","Available",,"ATV5022",146314,138.783,8230.118400000001,142,521,3,3.1089873384835816,54.63897637795275,"2. 44–55 inches"
"LINSAR","LS24C12V","Australia,Fiji,New Zealand","LCD","0.27","2027-04-26","Available",,"ATV5021",146505,62.228,1645.45634304,15.85,67,6,6.309656677494295,24.499212598425196,"1. ≤43 inches"
"LSP TV","Prison TV","Australia","LCD (LED)","0.07","2027-05-18","Available","https://lifestylepanel.com/","ATV5050",146531,48.313,997.77,16.1569,60,5,5.356171502503779,19.020866141732284,"1. ≤43 inches"
"CHIQ","L40G7P","Australia,Fiji,New Zealand","LCD (LED)","0.4","2027-04-28","Available",,"ATV5024",146556,100.305,4258.3,51,189,5,5.016571587863471,39.49015748031496,"1. ≤43 inches"
"CHIQ","U43G7P","Australia,Fiji,New Zealand","LCD (LED)","0.4","2027-05-02","Available",,"ATV5028",146557,107.863,4972.599999999999,65,240,4.5,4.549090282769516,42.46574803149606,"1. ≤43 inches"
"CHIQ","U65G7P","Australia,Fiji,New Zealand","LCD (LED)","0.4","2027-05-02","Available",,"ATV5027",146559,163.829,11466.84,138,506,4.5,4.62589592565582,64.4996062992126,"3. 56–65 inches"
"PRISM+","Q55 PRO QE","Australia","LCD (LED)","0.461","2027-05-29","Available",,"ATV5080",146462,138.711,8221.2,102.1,424,4,4.0277565992665405,54.61062992125985,"2. 44–55 inches"
"PHILIPS","65PUT8507/79","Australia,Fiji,New Zealand","LCD (LED)","0.33","2027-05-05","Available",,"ATV5033",146714,163.897,11477.9975,116.25,469,4.5,4.9702952941602625,64.52637795275591,"3. 56–65 inches"
"PHILIPS","65PUT8507/75","Australia,Fiji,New Zealand","LCD (LED)","0.33","2027-05-05","Available",,"ATV5033",146714,163.897,11477.9975,116.25,469,4.5,4.9702952941602625,64.52637795275591,"3. 56–65 inches"
"PHILIPS","50PUT8507/79","Australia,Fiji,New Zealand","LCD (LED)","0.38","2027-05-08","Available",,"ATV5034",146715,125.725,6751.36,81.32,329,4,4.357808286657745,49.49803149606299,"2. 44–55 inches"
"PHILIPS","50PUT8507/75","Australia,Fiji,New Zealand","LCD (LED)","0.38","2027-05-08","Available",,"ATV5034",146715,125.725,6751.36,81.32,329,4,4.357808286657745,49.49803149606299,"2. 44–55 inches"
"TOSHIBA","75C350LP","Australia,New Zealand","LCD (LED)","0.33","2027-05-08","Available","https://global.hisense.com/","ATV5035",146746,189.274,15307.855004000001,114.36,489,6,6.008562665563702,74.51732283464567,"4. >65 inches"
"WALTON","W32D120GE","Australia,Fiji,New Zealand","LCD (LED)","-","2027-06-02","Available",,"ATV5084",146754,80.039,2736.719568,29.57,115,5.5,5.600491790512466,31.511417322834646,"1. ≤43 inches"
"WALTON","W32D120G","Australia,Fiji,New Zealand","LCD (LED)","-","2027-06-02","Available",,"ATV5084",146754,80.039,2736.719568,29.57,115,5.5,5.600491790512466,31.511417322834646,"1. ≤43 inches"
"WALTON","W32D120GAU","Australia,Fiji,New Zealand","LCD (LED)","-","2027-06-02","Available",,"ATV5084",146754,80.039,2736.719568,29.57,115,5.5,5.600491790512466,31.511417322834646,"1. ≤43 inches"
"WALTON","W32D120G_AU","Australia,Fiji,New Zealand","LCD (LED)","-","2027-06-02","Available",,"ATV5084",146754,80.039,2736.719568,29.57,115,5.5,5.600491790512466,31.511417322834646,"1. ≤43 inches"
"WALTON","32D120G","Australia,Fiji,New Zealand","LCD (LED)","-","2027-06-02","Available",,"ATV5084",146754,80.039,2736.719568,29.57,115,5.5,5.600491790512466,31.511417322834646,"1. ≤43 inches"
"WALTON","32D120GAU","Australia,Fiji,New Zealand","LCD (LED)","-","2027-06-02","Available",,"ATV5084",146754,80.039,2736.719568,29.57,115,5.5,5.600491790512466,31.511417322834646,"1. ≤43 inches"
"WALTON","32D120G_AU","Australia,Fiji,New Zealand","LCD (LED)","-","2027-06-02","Available",,"ATV5084",146754,80.039,2736.719568,29.57,115,5.5,5.600491790512466,31.511417322834646,"1. ≤43 inches"
"WALTON","WD40RGE","Australia,Fiji,New Zealand","LCD (LED)","-","2027-06-02","Available",,"ATV5085",146760,100.333,4262.2974,35.18,135,6,6.528056286326917,39.5011811023622,"1. ≤43 inches"
"WALTON","WD40RG","Australia,Fiji,New Zealand","LCD (LED)","-","2027-06-02","Available",,"ATV5085",146760,100.333,4262.2974,35.18,135,6,6.528056286326917,39.5011811023622,"1. ≤43 inches"
"WALTON","WD40RGAU","Australia,Fiji,New Zealand","LCD (LED)","-","2027-06-02","Available",,"ATV5085",146760,100.333,4262.2974,35.18,135,6,6.528056286326917,39.5011811023622,"1. ≤43 inches"
"WALTON","WD40RG_AU","Australia,Fiji,New Zealand","LCD (LED)","-","2027-06-02","Available",,"ATV5085",146760,100.333,4262.2974,35.18,135,6,6.528056286326917,39.5011811023622,"1. ≤43 inches"
"WALTON","40RG","Australia,Fiji,New Zealand","LCD (LED)","-","2027-06-02","Available",,"ATV5085",146760,100.333,4262.2974,35.18,135,6,6.528056286326917,39.5011811023622,"1. ≤43 inches"
"WALTON","40RGAU","Australia,Fiji,New Zealand","LCD (LED)","-","2027-06-02","Available",,"ATV5085",146760,100.333,4262.2974,35.18,135,6,6.528056286326917,39.5011811023622,"1. ≤43 inches"
"WALTON","40RG_AU","Australia,Fiji,New Zealand","LCD (LED)","-","2027-06-02","Available",,"ATV5085",146760,100.333,4262.2974,35.18,135,6,6.528056286326917,39.5011811023622,"1. ≤43 inches"
"WALTON","W43D210GE","Australia,Fiji,New Zealand","LCD (LED)","-","2027-06-08","Available",,"ATV5091",146761,107.956,4980.1837000000005,35.97,138,7,7.035028893387631,42.50236220472441,"1. ≤43 inches"
"WALTON","W43D210G","Australia,Fiji,New Zealand","LCD (LED)","-","2027-06-08","Available",,"ATV5091",146761,107.956,4980.1837000000005,35.97,138,7,7.035028893387631,42.50236220472441,"1. ≤43 inches"
"WALTON","W43D210GAU","Australia,Fiji,New Zealand","LCD (LED)","-","2027-06-08","Available",,"ATV5091",146761,107.956,4980.1837000000005,35.97,138,7,7.035028893387631,42.50236220472441,"1. ≤43 inches"
"WALTON","W43D210G_AU","Australia,Fiji,New Zealand","LCD (LED)","-","2027-06-08","Available",,"ATV5091",146761,107.956,4980.1837000000005,35.97,138,7,7.035028893387631,42.50236220472441,"1. ≤43 inches"
"WALTON","43D210G","Australia,Fiji,New Zealand","LCD (LED)","-","2027-06-08","Available",,"ATV5091",146761,107.956,4980.1837000000005,35.97,138,7,7.035028893387631,42.50236220472441,"1. ≤43 inches"
"WALTON","43D210GAU","Australia,Fiji,New Zealand","LCD (LED)","-","2027-06-08","Available",,"ATV5091",146761,107.956,4980.1837000000005,35.97,138,7,7.035028893387631,42.50236220472441,"1. ≤43 inches"
"WALTON","43D210G_AU","Australia,Fiji,New Zealand","LCD (LED)","-","2027-06-08","Available",,"ATV5091",146761,107.956,4980.1837000000005,35.97,138,7,7.035028893387631,42.50236220472441,"1. ≤43 inches"
"BLAUPUNKT","BP750USG9300","Australia","LCD","0.36","2027-05-11","Available","https://www.ayonz.com/","ATV5038",146768,189.266,15306.638400000002,188.97,692,4,4.452167843042404,74.51417322834645,"4. >65 inches"
"EKO","K55DVAQ","Australia","LCD","0.383","2027-05-12","Available","https://www.ayonz.com/","ATV5042",146844,138.613,8197.02,76.044,380,4.5,4.506588374804526,54.572047244094485,"2. 44–55 inches"
"EKO","K32FSG11","Australia","LCD","0.251","2027-05-12","Available","https://www.ayonz.com/","ATV5039",146846,79.831,2721.3599999999997,31.814,130,5,5.03098766900437,31.42952755905512,"1. ≤43 inches"
"BLAUPUNKT","BP550USG9800","Australia","LCD","0.375","2027-05-16","Available","https://www.ayonz.com/","ATV5044",146853,138.798,8228,93.324,380,4.5,4.522165303383788,54.64488188976378,"2. 44–55 inches"
"EKO","K58USG","Australia","LCD (LED)","-","2027-05-12","Available","https://www.ayonz.com/","ATV5041",146866,146.059,9161.78,126,465,4,4.0632890123612855,57.50354330708661,"3. 56–65 inches"
"HISENSE","50A6HAU","Australia,New Zealand","LCD (LED)","0.32","2027-05-16","Available","https://global.hisense.com/","ATV5046",146894,125.731,6754.867344,59.47,254,5.5,5.519365722220251,49.5003937007874,"2. 44–55 inches"
"BLAUPUNKT","BP3200HDV7100","Australia","LCD (LED)","0.36","2027-05-17","Available","https://www.ayonz.com/","ATV5048",146934,80.043,2737.0770999999995,35.4,131,5,5.017184873170333,31.512992125984255,"1. ≤43 inches"
"EKO","K65DVAQ","Australia","LCD","0.367","2027-05-19","Available","https://www.ayonz.com/","ATV5051",146941,163.644,11430.269999999999,198,725,3,3.0007306870974766,64.42677165354331,"3. 56–65 inches"
"SAMSUNG","HG50BU800AW","Australia,Fiji,New Zealand","LCD (LED)","0.5","2027-05-26","Available",,"ATV5074",147005,125.727,6754.5112,94,346,4,4.13392447306466,49.4988188976378,"2. 44–55 inches"
"SAMSUNG","HG55BU800AW","Australia,Fiji,New Zealand","LCD (LED)","0.5","2027-05-25","Available",,"ATV5073",147006,138.783,8230.118400000001,113,416,4,4.1175971780535745,54.63897637795275,"2. 44–55 inches"
"PHILIPS","55PUT8507/79","Australia,Fiji,New Zealand","LCD (LED)","0.38","2027-05-23","Available",,"ATV5059",147015,138.798,8228,94.43,381,4.5,4.510387582760489,54.64488188976378,"2. 44–55 inches"
"PHILIPS","55PUT8507/75","Australia,Fiji,New Zealand","LCD (LED)","0.38","2027-05-23","Available",,"ATV5059",147015,138.798,8228,94.43,381,4.5,4.510387582760489,54.64488188976378,"2. 44–55 inches"
"SAMSUNG","HG43BU800AW","Australia,Fiji,New Zealand","LCD (LED)","0.5","2027-05-26","Available",,"ATV5075",147021,107.987,4982.7128,73,270,4,4.029236682652612,42.514566929133856,"1. ≤43 inches"
"SAMSUNG","HG65BU800AW","Australia,Fiji,New Zealand","LCD (LED)","0.5","2027-05-26","Available",,"ATV5076",147023,163.897,11477.9975,119,437,5,5.286995341885052,64.52637795275591,"3. 56–65 inches"
"SAMSUNG","HG75BU800AW","Australia,Fiji,New Zealand","LCD (LED)","0.5","2027-05-26","Available",,"ATV5077",147053,189.338,15318.8066,157,576,5,5.277816565063631,74.54251968503937,"4. >65 inches"
"HISENSE","58A6HAU","Australia,New Zealand","LCD (LED)","0.32","2027-05-19","Available","https://global.hisense.com/","ATV5052",147071,146.068,9162.865152,79.33,335,5.5,5.533270548071191,57.50708661417323,"3. 56–65 inches"
"TOSHIBA","43C350LP","Australia,New Zealand","LCD (LED)","0.38","2027-05-17","Available","https://global.hisense.com/","ATV5049",147072,107.986,4982.795156,51.12,214,5,5.070989554548221,42.51417322834646,"1. ≤43 inches"
"TOSHIBA","50C350LP","Australia,New Zealand","LCD (LED)","0.33","2027-05-17","Available","https://global.hisense.com/","ATV5047",147080,125.731,6754.867344,67.75,269,5,5.262234775592492,49.5003937007874,"2. 44–55 inches"
"TOSHIBA","55C350LP","Australia,New Zealand","LCD (LED)","0.347","2027-05-23","Available","https://global.hisense.com/","ATV5058",147081,138.783,8230.118400000001,63.89,269,6,6.07137929764316,54.63897637795275,"2. 44–55 inches"
"TOSHIBA","65C350LP","Australia,New Zealand","LCD (LED)","0.297","2027-05-22","Available","https://global.hisense.com/","ATV5055",147084,163.896,11478.122496000002,82.49,333,6,6.505049671825857,64.5259842519685,"3. 56–65 inches"
"PHILIPS","50PUT8217/79","Australia,Fiji","LCD (LED)","0.4","2027-05-23","Available",,"ATV5057",147089,125.725,6751.36,61.3,248,5.5,5.6243875937263965,49.49803149606299,"2. 44–55 inches"
"PHILIPS","50PUT8217/75","Australia,Fiji","LCD (LED)","0.4","2027-05-23","Available",,"ATV5057",147089,125.725,6751.36,61.3,248,5.5,5.6243875937263965,49.49803149606299,"2. 44–55 inches"
"PHILIPS","75PUT8507/79","Australia,Fiji,New Zealand","LCD (LED)","0.31","2027-05-23","Available",,"ATV5056",147091,189.306,15312,127.69,537,5.5,5.590102405040369,74.52992125984252,"4. >65 inches"
"PHILIPS","75PUT8507/75","Australia,Fiji,New Zealand","LCD (LED)","0.31","2027-05-23","Available",,"ATV5056",147091,189.306,15312,127.69,537,5.5,5.590102405040369,74.52992125984252,"4. >65 inches"
"PHILIPS","55PUT8217/79","Australia,Fiji,New Zealand","LCD (LED)","0.38","2027-05-23","Available",,"ATV5061",147139,138.798,8228,72.57,293,5.5,5.68732845585714,54.64488188976378,"2. 44–55 inches"
"PHILIPS","55PUT8217/75","Australia,Fiji,New Zealand","LCD (LED)","0.38","2027-05-23","Available",,"ATV5061",147139,138.798,8228,72.57,293,5.5,5.68732845585714,54.64488188976378,"2. 44–55 inches"
"LG","43UQ751C0LF","Australia,New Zealand","LCD (LED)","0.4","2027-05-23","Available",,"ATV5062",147180,107.987,4982.7128,77,284,3.5,3.8026906818154727,42.514566929133856,"1. ≤43 inches"
"LG","50UQ751C0LF","Australia,New Zealand","LCD (LED)","0.4","2027-05-24","Available",,"ATV5069",147181,125.727,6754.5112,93,342,4,4.186034596465652,49.4988188976378,"2. 44–55 inches"
"LG","55UQ751C0LF","Australia,New Zealand","LCD (LED)","0.4","2027-05-23","Available",,"ATV5063",147182,138.783,8230.118400000001,114,419,4,4.08539521829021,54.63897637795275,"2. 44–55 inches"
"LG","65UQ751C0LF","Australia,New Zealand","LCD (LED)","0.4","2027-05-24","Available",,"ATV5068",147183,163.897,11477.9975,145,532,4,4.405453871887269,64.52637795275591,"3. 56–65 inches"
"LG","75UQ801C0LB","Australia,New Zealand","LCD (LED)","0.4","2027-05-23","Available",,"ATV5064",147184,189.275,15307.5663,165,605,5,5.054540009525431,74.51771653543307,"4. >65 inches"
"LG","42LX1Q6LA","Australia,New Zealand","OLED","0.4","2027-05-24","Available",,"ATV5070",147185,105.52,4757.6080999999995,63,232,4.5,4.527878970799845,41.54330708661417,"1. ≤43 inches"
"LG","42LX1QPSA","Australia,New Zealand","OLED","0.4","2027-05-23","Available",,"ATV5065",147186,105.52,4757.6080999999995,63,232,4.5,4.527878970799845,41.54330708661417,"1. ≤43 inches"
"LG","48LX1Q6LA","Australia,New Zealand","OLED","0.4","2027-05-24","Available",,"ATV5071",147187,120.721,6226.9196,77,284,4.5,4.689905816504032,47.52795275590551,"2. 44–55 inches"
"LG","48LX1QPSA","Australia,New Zealand","OLED","0.4","2027-05-23","Available",,"ATV5066",147188,120.721,6226.9196,77,284,4.5,4.689905816504032,47.52795275590551,"2. 44–55 inches"
"LG","55LX1Q6LA","Australia,New Zealand","OLED","0.4","2027-05-24","Available",,"ATV5072",147189,138.783,8230.118400000001,95,349,4.5,4.904594324171205,54.63897637795275,"2. 44–55 inches"
"LG","55LX1QPSA","Australia,New Zealand","OLED","0.4","2027-05-23","Available",,"ATV5067",147190,138.783,8230.118400000001,95,349,4.5,4.904594324171205,54.63897637795275,"2. 44–55 inches"
"CAIXUN","LE-24T1","Australia,Fiji,New Zealand","LCD (LED)","0.31","2027-06-16","Available",,"ATV5094",147239,59.774,1526.53,16.3,70,5.5,5.880197819230076,23.53307086614173,"1. ≤43 inches"
"CAIXUN","LE-24T2","Australia,Fiji,New Zealand","LCD (LED)","0.31","2027-06-16","Available",,"ATV5094",147239,59.774,1526.53,16.3,70,5.5,5.880197819230076,23.53307086614173,"1. ≤43 inches"
"CAIXUN","LE-24T3","Australia,Fiji,New Zealand","LCD (LED)","0.31","2027-06-16","Available",,"ATV5094",147239,59.774,1526.53,16.3,70,5.5,5.880197819230076,23.53307086614173,"1. ≤43 inches"
"CAIXUN","LE-24V1","Australia,Fiji,New Zealand","LCD (LED)","0.31","2027-06-16","Available",,"ATV5094",147239,59.774,1526.53,16.3,70,5.5,5.880197819230076,23.53307086614173,"1. ≤43 inches"
"CAIXUN","LE-24V2","Australia,Fiji,New Zealand","LCD (LED)","0.31","2027-06-16","Available",,"ATV5094",147239,59.774,1526.53,16.3,70,5.5,5.880197819230076,23.53307086614173,"1. ≤43 inches"
"CAIXUN","LE-24V3","Australia,Fiji,New Zealand","LCD (LED)","0.31","2027-06-16","Available",,"ATV5094",147239,59.774,1526.53,16.3,70,5.5,5.880197819230076,23.53307086614173,"1. ≤43 inches"
"PRISM+","Q65 PRO QE","Australia","LCD (LED)","0.41","2027-06-02","Available",,"ATV5083",147329,163.896,11478.122496000002,93.43,400,5.5,5.683506516991858,64.5259842519685,"3. 56–65 inches"
"KOGAN","KALED50XU9220STE","Australia,Fiji,New Zealand","LCD (LED)","0.4","2027-06-08","Available",,"ATV5090",147512,125.638,6745.2,77,284,5,5.01324516028287,49.463779527559055,"2. 44–55 inches"
"POLAROID","PL3222HDG","Australia,Fiji,New Zealand","LCD","0.253","2027-06-09","Available",,"ATV5092",147582,80.997,2802.82,23.798,103,6,6.179725793837952,31.888582677165353,"1. ≤43 inches"
"TEAC","LE32GA322","Australia,Fiji,New Zealand","LCD (LED)","0.31","2027-06-16","Available",,"ATV5095",147703,79.967,2732.2400000000002,25.8,110,5.5,5.793854274363063,31.48307086614173,"1. ≤43 inches"
"CAIXUN","LE-39T1","Australia,Fiji,New Zealand","LCD (LED)","0.31","2027-06-16","Available",,"ATV5096",147705,97.401,4021.4400000000005,32,138,6,6.206601394692058,38.346850393700784,"1. ≤43 inches"
"CAIXUN","LE-39T2","Australia,Fiji,New Zealand","LCD (LED)","0.31","2027-06-16","Available",,"ATV5096",147705,97.401,4021.4400000000005,32,138,6,6.206601394692058,38.346850393700784,"1. ≤43 inches"
"CAIXUN","LE-39T3","Australia,Fiji,New Zealand","LCD (LED)","0.31","2027-06-16","Available",,"ATV5096",147705,97.401,4021.4400000000005,32,138,6,6.206601394692058,38.346850393700784,"1. ≤43 inches"
"CAIXUN","LE-39V1","Australia,Fiji,New Zealand","LCD (LED)","0.31","2027-06-16","Available",,"ATV5096",147705,97.401,4021.4400000000005,32,138,6,6.206601394692058,38.346850393700784,"1. ≤43 inches"
"CAIXUN","LE-39V2","Australia,Fiji,New Zealand","LCD (LED)","0.31","2027-06-16","Available",,"ATV5096",147705,97.401,4021.4400000000005,32,138,6,6.206601394692058,38.346850393700784,"1. ≤43 inches"
"CAIXUN","LE-39V3","Australia,Fiji,New Zealand","LCD (LED)","0.31","2027-06-16","Available",,"ATV5096",147705,97.401,4021.4400000000005,32,138,6,6.206601394692058,38.346850393700784,"1. ≤43 inches"
"LG","50UR765H0VC","Australia,New Zealand","LCD (LED)","0.4","2027-06-20","Available",,"ATV5101",147706,125.727,6754.5112,78,287,4.5,4.971755359043742,49.4988188976378,"2. 44–55 inches"
"LG","55UR765H0VC","Australia,New Zealand","LCD (LED)","0.4","2027-06-16","Available",,"ATV5098",147709,138.783,8230.118400000001,80,295,5.5,5.657905656148303,54.63897637795275,"2. 44–55 inches"
"LG","65UR765H0VC","Australia,New Zealand","LCD (LED)","0.4","2027-06-20","Available",,"ATV5102",147710,163.897,11477.9975,115,422,5,5.443521850734936,64.52637795275591,"3. 56–65 inches"
"CAIXUN","LE-40T1","Australia,Fiji,New Zealand","LCD (LED)","0.34","2027-06-16","Available",,"ATV5097",147707,100.305,4258.3,35.9,151,6,6.022503316218213,39.49015748031496,"1. ≤43 inches"
"CAIXUN","LE-40T2","Australia,Fiji,New Zealand","LCD (LED)","0.34","2027-06-16","Available",,"ATV5097",147707,100.305,4258.3,35.9,151,6,6.022503316218213,39.49015748031496,"1. ≤43 inches"
"CAIXUN","LE-40T3","Australia,Fiji,New Zealand","LCD (LED)","0.34","2027-06-16","Available",,"ATV5097",147707,100.305,4258.3,35.9,151,6,6.022503316218213,39.49015748031496,"1. ≤43 inches"
"CAIXUN","LE-40V1","Australia,Fiji,New Zealand","LCD (LED)","0.34","2027-06-16","Available",,"ATV5097",147707,100.305,4258.3,35.9,151,6,6.022503316218213,39.49015748031496,"1. ≤43 inches"
"CAIXUN","LE-40V2","Australia,Fiji,New Zealand","LCD (LED)","0.34","2027-06-16","Available",,"ATV5097",147707,100.305,4258.3,35.9,151,6,6.022503316218213,39.49015748031496,"1. ≤43 inches"
"CAIXUN","LE-40V3","Australia,Fiji,New Zealand","LCD (LED)","0.34","2027-06-16","Available",,"ATV5097",147707,100.305,4258.3,35.9,151,6,6.022503316218213,39.49015748031496,"1. ≤43 inches"
"LG","75UR765H0VC","Australia,New Zealand","LCD (LED)","0.4","2027-06-16","Available",,"ATV5099",147711,189.275,15307.5663,140,514,5.5,5.785034758827632,74.51771653543307,"4. >65 inches"
"CAIXUN","LE-42T1","Australia,Fiji,New Zealand","LCD (LED)","0.34","2027-06-16","Available",,"ATV5100",147713,105.348,4675.4400000000005,38.3,159,6,6.153128193373064,41.4755905511811,"1. ≤43 inches"
"CAIXUN","LE-42T2","Australia,Fiji,New Zealand","LCD (LED)","0.34","2027-06-16","Available",,"ATV5100",147713,105.348,4675.4400000000005,38.3,159,6,6.153128193373064,41.4755905511811,"1. ≤43 inches"
"CAIXUN","LE-42T3","Australia,Fiji,New Zealand","LCD (LED)","0.34","2027-06-16","Available",,"ATV5100",147713,105.348,4675.4400000000005,38.3,159,6,6.153128193373064,41.4755905511811,"1. ≤43 inches"
"CAIXUN","LE-42V1","Australia,Fiji,New Zealand","LCD (LED)","0.34","2027-06-16","Available",,"ATV5100",147713,105.348,4675.4400000000005,38.3,159,6,6.153128193373064,41.4755905511811,"1. ≤43 inches"
"CAIXUN","LE-42V2","Australia,Fiji,New Zealand","LCD (LED)","0.34","2027-06-16","Available",,"ATV5100",147713,105.348,4675.4400000000005,38.3,159,6,6.153128193373064,41.4755905511811,"1. ≤43 inches"
"CAIXUN","LE-42V3","Australia,Fiji,New Zealand","LCD (LED)","0.34","2027-06-16","Available",,"ATV5100",147713,105.348,4675.4400000000005,38.3,159,6,6.153128193373064,41.4755905511811,"1. ≤43 inches"
"CAIXUN","LE-43T1","Australia,Fiji,New Zealand","LCD (LED)","0.34","2027-06-20","Available",,"ATV5103",147716,107.95,4977.889999999999,39.5,162,6,6.314656222068065,42.5,"1. ≤43 inches"
"CAIXUN","LE-43T2","Australia,Fiji,New Zealand","LCD (LED)","0.34","2027-06-20","Available",,"ATV5103",147716,107.95,4977.889999999999,39.5,162,6,6.314656222068065,42.5,"1. ≤43 inches"
"CAIXUN","LE-43T3","Australia,Fiji,New Zealand","LCD (LED)","0.34","2027-06-20","Available",,"ATV5103",147716,107.95,4977.889999999999,39.5,162,6,6.314656222068065,42.5,"1. ≤43 inches"
"CAIXUN","LE-43V1","Australia,Fiji,New Zealand","LCD (LED)","0.34","2027-06-20","Available",,"ATV5103",147716,107.95,4977.889999999999,39.5,162,6,6.314656222068065,42.5,"1. ≤43 inches"
"CAIXUN","LE-43V2","Australia,Fiji,New Zealand","LCD (LED)","0.34","2027-06-20","Available",,"ATV5103",147716,107.95,4977.889999999999,39.5,162,6,6.314656222068065,42.5,"1. ≤43 inches"
"CAIXUN","LE-43V3","Australia,Fiji,New Zealand","LCD (LED)","0.34","2027-06-20","Available",,"ATV5103",147716,107.95,4977.889999999999,39.5,162,6,6.314656222068065,42.5,"1. ≤43 inches"
"TCL","65C935","Australia,Fiji,New Zealand","LCD (LED)","0.299","2027-06-29","Available","https://www.tcl.com/au","ATV5106",147926,163.829,11466.84,171.2,689,3,3.2424609130459143,64.4996062992126,"3. 56–65 inches"
"TCL","75C935","Australia,Fiji,New Zealand","LCD (LED)","0.398","2027-06-28","Available","https://www.tcl.com/au","ATV5105",147927,189.306,15312,201,810,3.5,3.7480767191677016,74.52992125984252,"4. >65 inches"
"BAUHN","ATV75UHDW-0622","Australia,Fiji,New Zealand","LCD (LED)","0.51","2027-07-04","Available",,"ATV5110",148038,189.306,15312,127.7,469,6,6.196865743103114,74.52992125984252,"4. >65 inches"
"BLAUPUNKT","BP650USG9700","Australia","LCD (LED)","-","2027-07-12","Available","https://www.ayonz.com/","ATV5124",148071,163.897,11477.9975,109,400,5.5,5.68346052076461,64.52637795275591,"3. 56–65 inches"
"BLAUPUNKT","BP860USG9700","Australia","LCD (LED)","-","2027-07-12","Available","https://www.ayonz.com/","ATV5125",148077,217.421,20198.805,270,988,4,4.051470647123762,85.59881889763778,"4. >65 inches"
"BLAUPUNKT","BP550USG9700","Australia","LCD (LED)","-","2027-07-19","Available","https://www.ayonz.com/","ATV5147",148080,138.783,8230.118400000001,91,335,5,5.088069894655924,54.63897637795275,"2. 44–55 inches"
"BLAUPUNKT","BP420FSG9700","Australia","LCD (LED)","-","2027-07-24","Available","https://www.ayonz.com/","ATV5150",148082,105.407,4682.085999999999,43.9,163,6,6.047319748585282,41.49881889763779,"1. ≤43 inches"
"HISENSE","55U7HAU","Australia,New Zealand","LCD (LED)","0.33","2027-07-04","Available","https://global.hisense.com/","ATV5107",148083,138.783,8230.118400000001,92.3,380,4.5,4.523228472382931,54.63897637795275,"2. 44–55 inches"
"HISENSE","55U7HNZ","Australia,New Zealand","LCD (LED)","0.33","2027-07-04","Available","https://global.hisense.com/","ATV5107",148083,138.783,8230.118400000001,92.3,380,4.5,4.523228472382931,54.63897637795275,"2. 44–55 inches"
"HISENSE","65U7HAU","Australia,New Zealand","LCD (LED)","0.324","2027-07-06","Available","https://global.hisense.com/","ATV5113",148084,163.896,11478.122496000002,115.68,464,5,5.018374120182047,64.5259842519685,"3. 56–65 inches"
"HISENSE","65U7HNZ","Australia,New Zealand","LCD (LED)","0.324","2027-07-06","Available","https://global.hisense.com/","ATV5113",148084,163.896,11478.122496000002,115.68,464,5,5.018374120182047,64.5259842519685,"3. 56–65 inches"
"HISENSE","75U7HAU","Australia,New Zealand","LCD (LED)","0.356","2027-07-04","Available","https://global.hisense.com/","ATV5108",148085,189.274,15307.855004000001,148.69,599,5,5.0992865182334395,74.51732283464567,"4. >65 inches"
"HISENSE","75U7HNZ","Australia,New Zealand","LCD (LED)","0.356","2027-07-04","Available","https://global.hisense.com/","ATV5108",148085,189.274,15307.855004000001,148.69,599,5,5.0992865182334395,74.51732283464567,"4. >65 inches"
"HISENSE","85U7HAU","Australia,New Zealand","LCD (LED)","0.251","2027-07-06","Available","https://global.hisense.com/","ATV5112",148086,214.783,19712.16,214.94,868,4.5,4.5261882460425475,84.56023622047243,"4. >65 inches"
"HISENSE","85U7HNZ","Australia,New Zealand","LCD (LED)","0.251","2027-07-06","Available","https://global.hisense.com/","ATV5112",148086,214.783,19712.16,214.94,868,4.5,4.5261882460425475,84.56023622047243,"4. >65 inches"
"HISENSE","32A4HAU","Australia,New Zealand","LCD (LED)","0.31","2027-07-04","Available","https://global.hisense.com/","ATV5109",148089,80.04,2736.7587940000003,25.32,104,6,6.051110422730285,31.511811023622048,"1. ≤43 inches"
"SAMSUNG","QA98QN100BW","Australia,Fiji,New Zealand","LCD (LED)","0.5","2027-07-17","Available",,"ATV5131",148096,247.702,26217.681599999996,438,1602,3,3.0196798283056934,97.52047244094489,"4. >65 inches"
"SAMSUNG","QA98QN100BS","Australia,Fiji,New Zealand","LCD (LED)","0.5","2027-07-17","Available",,"ATV5131",148096,247.702,26217.681599999996,438,1602,3,3.0196798283056934,97.52047244094489,"4. >65 inches"
"SAMSUNG","QA98QN100B*","Australia,Fiji,New Zealand","LCD (LED)","0.5","2027-07-17","Available",,"ATV5131",148096,247.702,26217.681599999996,438,1602,3,3.0196798283056934,97.52047244094489,"4. >65 inches"
"HISENSE","55U7H series","Australia,New Zealand","LCD (LED)","0.33","2027-07-04","Available","https://global.hisense.com/","ATV5107",148083,138.783,8230.118400000001,92.3,380,4.5,4.523228472382931,54.63897637795275,"2. 44–55 inches"
"HISENSE","65U7H series","Australia,New Zealand","LCD (LED)","0.324","2027-07-06","Available","https://global.hisense.com/","ATV5113",148084,163.896,11478.122496000002,115.68,464,5,5.018374120182047,64.5259842519685,"3. 56–65 inches"
"HISENSE","75U7H series","Australia,New Zealand","LCD (LED)","0.356","2027-07-04","Available","https://global.hisense.com/","ATV5108",148085,189.274,15307.855004000001,148.69,599,5,5.0992865182334395,74.51732283464567,"4. >65 inches"
"HISENSE","85U7H series","Australia,New Zealand","LCD (LED)","0.251","2027-07-06","Available","https://global.hisense.com/","ATV5112",148086,214.783,19712.16,214.94,868,4.5,4.5261882460425475,84.56023622047243,"4. >65 inches"
"SAMSUNG","HG43Q60BAAW","Australia,Fiji,New Zealand","LCD (LED)","0.5","2027-07-17","Available",,"ATV5130",148158,107.987,4982.7128,70,259,4,4.2156364107821895,42.514566929133856,"1. ≤43 inches"
"SAMSUNG","HG50Q60BAAW","Australia,Fiji,New Zealand","LCD (LED)","0.5","2027-07-17","Available",,"ATV5129",148160,125.727,6754.5112,80,295,4.5,4.8485470457482105,49.4988188976378,"2. 44–55 inches"
"SAMSUNG","HG55Q60BAAW","Australia,Fiji,New Zealand","LCD (LED)","0.5","2027-07-17","Available",,"ATV5128",148162,138.783,8230.118400000001,87,321,5,5.279379069595689,54.63897637795275,"2. 44–55 inches"
"SAMSUNG","HG65Q60BAAW","Australia,Fiji,New Zealand","LCD (LED)","0.5","2027-07-07","Available",,"ATV5117",148163,163.897,11477.9975,117,430,5,5.359361253034525,64.52637795275591,"3. 56–65 inches"
"SAMSUNG","HG75Q60BAAW","Australia,Fiji,New Zealand","LCD (LED)","0.5","2027-07-17","Available",,"ATV5127",148164,189.338,15318.8066,183,671,4.5,4.593676354079774,74.54251968503937,"4. >65 inches"
"BAUHN","ATV40FHDG-1122","Australia,Fiji,New Zealand","LCD (LED)","0.35","2027-06-20","Available",,"ATV5104",147727,100.305,4258.3,40,148,6,6.11243449698781,39.49015748031496,"1. ≤43 inches"
"BAUHN","ATV40FHDG-0822","Australia,Fiji,New Zealand","LCD (LED)","0.35","2027-06-20","Available",,"ATV5104",147727,100.305,4258.3,40,148,6,6.11243449698781,39.49015748031496,"1. ≤43 inches"
"KOGAN","LE-40T1","Australia,Fiji,New Zealand","LCD (LED)","0.274308","2027-07-31","Available",,"ATV5161",148246,100.332,4261.934154240001,34.7106,151,6,6.025786528657009,39.5007874015748,"1. ≤43 inches"
"KOGAN","KALED40GF7600VA","Australia,Fiji,New Zealand","LCD (LED)","0.274308","2027-07-31","Available",,"ATV5161",148246,100.332,4261.934154240001,34.7106,151,6,6.025786528657009,39.5007874015748,"1. ≤43 inches"
"LG","OLED55CS6LA","Australia,New Zealand","OLED","0.4","2027-07-07","Available",,"ATV5118",148251,138.783,8230.118400000001,102,375,4.5,4.582585898004297,54.63897637795275,"2. 44–55 inches"
"LG","OLED55CSPSA","Australia,New Zealand","OLED","0.4","2027-07-19","Available",,"ATV5141",148252,138.783,8230.118400000001,102,375,4.5,4.582585898004297,54.63897637795275,"2. 44–55 inches"
"LG","OLED65CS6LA","Australia,New Zealand","OLED","0.4","2027-07-12","Available",,"ATV5123",148253,163.897,11477.9975,126,462,5,5.037686340309588,64.52637795275591,"3. 56–65 inches"
"LG","OLED65CSPSA","Australia,New Zealand","OLED","0.4","2027-07-19","Available",,"ATV5142",148254,163.897,11477.9975,126,462,5,5.037686340309588,64.52637795275591,"3. 56–65 inches"
"LG","OLED77CS6LA","Australia,New Zealand","OLED","0.4","2027-07-11","Available",,"ATV5120",148255,194.738,16204.123099999999,156,572,5.5,5.550115436958399,76.66850393700787,"4. >65 inches"
"LG","OLED77CSPSA","Australia,New Zealand","OLED","0.4","2027-07-19","Available",,"ATV5143",148256,194.738,16204.123099999999,156,572,5.5,5.550115436958399,76.66850393700787,"4. >65 inches"
"LG","42LX3Q6LA","Australia,New Zealand","OLED","0.4","2027-07-07","Available",,"ATV5119",148257,105.52,4757.6080999999995,63,232,4.5,4.527878970799845,41.54330708661417,"1. ≤43 inches"
"LG","42LX3QPSA","Australia,New Zealand","OLED","0.4","2027-07-19","Available",,"ATV5144",148258,105.52,4757.6080999999995,63,232,4.5,4.527878970799845,41.54330708661417,"1. ≤43 inches"
"LG","50QNED7SSQA","Australia,New Zealand","LCD (LED)","0.4","2027-07-11","Available",,"ATV5121",148259,125.727,6754.5112,73,269,5,5.2620206872430675,49.4988188976378,"2. 44–55 inches"
"LG","55QNED7SSQA","Australia,New Zealand","LCD (LED)","0.4","2027-07-19","Available",,"ATV5145",148260,138.783,8230.118400000001,94,346,4.5,4.9432830834647525,54.63897637795275,"2. 44–55 inches"
"LG","65QNED7SSQA","Australia,New Zealand","LCD (LED)","0.4","2027-07-11","Available",,"ATV5122",148261,163.897,11477.9975,114,419,5,5.475494068044627,64.52637795275591,"3. 56–65 inches"
"LG","75QNED7SSQA","Australia,New Zealand","LCD (LED)","0.4","2027-07-19","Available",,"ATV5146",148262,189.275,15307.5663,130,477,6,6.119827201301709,74.51771653543307,"4. >65 inches"
"EKO","K32DVD","Australia","LCD","0.36","2027-08-10","Available","https://www.ayonz.com/","ATV5175",148284,80.043,2737.0770999999995,35.2,131,5,5.017184873170333,31.512992125984255,"1. ≤43 inches"
"SMARTTECH","SMT-U50T1","Australia,Fiji,New Zealand","LCD (LED)","-","2027-07-17","Available","https://www.expressluck.com","ATV5132",148437,125.731,6754.867344,50.6,210,6,6.371851645208939,49.5003937007874,"2. 44–55 inches"
"SMARTTECH","SMT-U55T1","Australia,Fiji,New Zealand","LCD (LED)","-","2027-07-21","Available","https://www.expressluck.com","ATV5149",148468,138.783,8230.118400000001,53.64,247,6,6.453747698931702,54.63897637795275,"2. 44–55 inches"
"SMARTTECH","SMT-U65T1","Australia,Fiji,New Zealand","LCD (LED)","0.35","2027-07-17","Available","https://www.expressluck.com","ATV5133",148475,163.896,11478.122496000002,99.95,386,5.5,5.8431668676196225,64.5259842519685,"3. 56–65 inches"
"KOGAN","LE-32T1","Australia,New Zealand","LCD (LED)","0.22998","2027-07-26","Available",,"ATV5155",148494,80.039,2736.70931232,26.4498,110,5.5,5.799685441574415,31.511417322834646,"1. ≤43 inches"
"KOGAN","KALED32QH6200VA","Australia,New Zealand","LCD (LED)","0.22998","2027-07-26","Available",,"ATV5155",148494,80.039,2736.70931232,26.4498,110,5.5,5.799685441574415,31.511417322834646,"1. ≤43 inches"
"KOGAN","LE-24T1","Australia,New Zealand","LCD (LED)","0.22998","2027-07-26","Available",,"ATV5154",148496,59.824,1528.86807072,17.1498,70,5.5,5.884900594348791,23.55275590551181,"1. ≤43 inches"
"KOGAN","KALED24DH5200VA","Australia,New Zealand","LCD (LED)","0.22998","2027-07-26","Available",,"ATV5154",148496,59.824,1528.86807072,17.1498,70,5.5,5.884900594348791,23.55275590551181,"1. ≤43 inches"
"LG","OLED97G2PSA","Australia,New Zealand","OLED","0.4","2027-07-24","Available",,"ATV5151",148504,245.145,25679.7954,219,802,6,6.029915935369911,96.51377952755905,"4. >65 inches"
"LG","OLED97G26LA","Australia,New Zealand","OLED","0.4","2027-07-21","Available",,"ATV5148",148505,245.145,25679.7954,219,802,6,6.029915935369911,96.51377952755905,"4. >65 inches"
"SPHERE","S8LED185","Australia,New Zealand","LCD (LED)","-","2027-07-28","Available","https://www.coastrv.com.au/","ATV5157",148553,46.995,943.7184,17.74,67,4.5,4.716688671366295,18.501968503937007,"1. ≤43 inches"
"SPHERE","S8LED185S","Australia,New Zealand","LCD (LED)","-","2027-07-28","Available","https://www.coastrv.com.au/","ATV5157",148553,46.995,943.7184,17.74,67,4.5,4.716688671366295,18.501968503937007,"1. ≤43 inches"
"SPHERE","S8LED215","Australia,New Zealand","LCD (LED)","-","2027-07-28","Available","https://www.coastrv.com.au/","ATV5158",148579,54.687,1277.919504,24.81,93,4,4.076493871316421,21.53031496062992,"1. ≤43 inches"
"SPHERE","S8LED215S","Australia,New Zealand","LCD (LED)","-","2027-07-28","Available","https://www.coastrv.com.au/","ATV5158",148579,54.687,1277.919504,24.81,93,4,4.076493871316421,21.53031496062992,"1. ≤43 inches"
"SPHERE","S8LED238","Australia,New Zealand","LCD (LED)","-","2027-07-28","Available","https://www.coastrv.com.au/","ATV5156",148581,60.47,1562.462784,26.67,100,4,4.353523151201296,23.807086614173226,"1. ≤43 inches"
"SPHERE","S8LED238S","Australia,New Zealand","LCD (LED)","-","2027-07-28","Available","https://www.coastrv.com.au/","ATV5156",148581,60.47,1562.462784,26.67,100,4,4.353523151201296,23.807086614173226,"1. ≤43 inches"
"BAUHN","ATV70UHDT-1022","Australia,Fiji,New Zealand","LCD","0.32","2027-08-07","Available",,"ATV5168",148595,176.545,13120.03,97.8,420,6,6.03164379048884,69.50590551181102,"4. >65 inches"
"BLAUPUNKT","BP550USG9700","Australia","LCD","0.375","2027-08-15","Available","https://www.ayonz.com/","ATV5180",148597,138.798,8228,93.324,380,4.5,4.522165303383788,54.64488188976378,"2. 44–55 inches"
"HISENSE","55U8HAU","Australia,New Zealand","LCD (LED)","0.27","2027-08-04","Available","https://global.hisense.com/","ATV5167",148614,138.783,8230.118400000001,115.84,476,3.5,3.513803820922501,54.63897637795275,"2. 44–55 inches"
"HISENSE","55U8HNZ","Australia,New Zealand","LCD (LED)","0.27","2027-08-04","Available","https://global.hisense.com/","ATV5167",148614,138.783,8230.118400000001,115.84,476,3.5,3.513803820922501,54.63897637795275,"2. 44–55 inches"
"HISENSE","65U8HAU","Australia,New Zealand","LCD (LED)","0.305","2027-08-01","Available","https://global.hisense.com/","ATV5164",148615,163.896,11478.122496000002,159.55,638,3.5,3.5912491629830012,64.5259842519685,"3. 56–65 inches"
"HISENSE","65U8HNZ","Australia,New Zealand","LCD (LED)","0.305","2027-08-01","Available","https://global.hisense.com/","ATV5164",148615,163.896,11478.122496000002,159.55,638,3.5,3.5912491629830012,64.5259842519685,"3. 56–65 inches"
"SMARTTECH","SMT-H32T1","Australia,Fiji,New Zealand","LCD (LED)","0.31","2027-08-04","Available",,"ATV5165",148613,79.967,2732.2400000000002,25.8,110,5.5,5.793854274363063,31.48307086614173,"1. ≤43 inches"
"SMARTTECH","SMT-F40T1","Australia,Fiji,New Zealand","LCD (LED)","0.34","2027-08-07","Available",,"ATV5171",148618,100.305,4258.3,35.9,151,6,6.022503316218213,39.49015748031496,"1. ≤43 inches"
"SPHERE","S8LED215 series","Australia,New Zealand","LCD (LED)","-","2027-07-28","Available","https://www.coastrv.com.au/","ATV5158",148579,54.687,1277.919504,24.81,93,4,4.076493871316421,21.53031496062992,"1. ≤43 inches"
"SIGNIFY","EA2277","Australia,New Zealand","LCD (LED)","0.31776","2027-07-31","Available",,"ATV5160",148569,138.783,8230.118400000001,98.268,378,4.5,4.546877182237033,54.63897637795275,"2. 44–55 inches"
"JVC","AV-H323115A11","Australia,Fiji","LCD","0.251","2027-08-01","Available",,"ATV5162",148691,80.139,2773.0499999999997,31.9,118,5.5,5.532205229661681,31.5507874015748,"1. ≤43 inches"
"JVC","LT-32N3115A11","Australia,Fiji","LCD","0.251","2027-08-01","Available",,"ATV5162",148691,80.139,2773.0499999999997,31.9,118,5.5,5.532205229661681,31.5507874015748,"1. ≤43 inches"
"HISENSE","55U8H series","Australia,New Zealand","LCD (LED)","0.27","2027-08-04","Available","https://global.hisense.com/","ATV5167",148614,138.783,8230.118400000001,115.84,476,3.5,3.513803820922501,54.63897637795275,"2. 44–55 inches"
"JVC","NA","Australia,Fiji","LCD","0.251","2027-08-01","Available",,"ATV5162",148691,80.139,2773.0499999999997,31.9,118,5.5,5.532205229661681,31.5507874015748,"1. ≤43 inches"
"JVC","LT-40N5115A11","Australia","LCD","0.25","2027-08-01","Available",,"ATV5163",148693,100.791,4291.38,36.7,186,5,5.118073049588307,39.681496062992125,"1. ≤43 inches"
"JVC","AV-H657115A11","Australia,Fiji","LCD","0.34","2027-08-21","Available",,"ATV5187",148694,163.132,11402.6,124.968,512,4.5,4.5493455240483325,64.2251968503937,"3. 56–65 inches"
"JVC","LT-65N7115A11","Australia,Fiji","LCD","0.34","2027-08-21","Available",,"ATV5187",148694,163.132,11402.6,124.968,512,4.5,4.5493455240483325,64.2251968503937,"3. 56–65 inches"
"JVC","NA","Australia,Fiji","LCD","0.34","2027-08-21","Available",,"ATV5187",148694,163.132,11402.6,124.968,512,4.5,4.5493455240483325,64.2251968503937,"3. 56–65 inches"
"JVC","AV-H557135A11","Australia,Fiji","LCD","0.378","2027-08-04","Available",,"ATV5166",148696,138.412,8206.05,102,375,4.5,4.570491731771872,54.492913385826775,"2. 44–55 inches"
"JVC","LT-55N7115A11","Australia,Fiji","LCD","0.378","2027-08-04","Available",,"ATV5166",148696,138.412,8206.05,102,375,4.5,4.570491731771872,54.492913385826775,"2. 44–55 inches"
"JVC","NA","Australia,Fiji","LCD","0.378","2027-08-04","Available",,"ATV5166",148696,138.412,8206.05,102,375,4.5,4.570491731771872,54.492913385826775,"2. 44–55 inches"
"JVC","AV-H437115A11","Australia,Fiji","LCD","0.312","2027-08-07","Available",,"ATV5169",148700,107.912,4982,73,269,4,4.04530322613127,42.485039370078745,"1. ≤43 inches"
"SVISION","SC32HSG","Australia","LCD (LED)","-","2027-08-16","Available","https://www.ayonz.com/","ATV5182",148709,80.029,2735.9872,34.4,151,4,4.379032283719447,31.507480314960628,"1. ≤43 inches"
"HISENSE","65U8H series","Australia,New Zealand","LCD (LED)","0.305","2027-08-01","Available","https://global.hisense.com/","ATV5164",148615,163.896,11478.122496000002,159.55,638,3.5,3.5912491629830012,64.5259842519685,"3. 56–65 inches"
"LINSAR","LS98UHDNF","Australia,Fiji,New Zealand","LCD","0.307698","2027-08-15","Available",,"ATV5181",148774,247.695,26215.994974999998,214.416,823,6,6.004257528110983,97.51771653543307,"4. >65 inches"
"AKAI","AK5021S6WOS","Australia,Fiji,New Zealand","LCD (LED)","0.33","2027-08-08","Available",,"ATV5172",148780,125.725,6751.36,59.7,220,6,6.1612671006942135,49.49803149606299,"2. 44–55 inches"
"BLAUPUNKT","BP400FSG9700","Australia","LCD","0.25","2027-08-15","Available","https://www.ayonz.com/","ATV5179",148787,100.791,4291.38,50.5,186,5,5.118073049588307,39.681496062992125,"1. ≤43 inches"
"BLAUPUNKT","BP320HSG9700","Australia","LCD","0.251","2027-08-10","Available","https://www.ayonz.com/","ATV5174",148834,80.139,2773.0499999999997,31.9,118,5.5,5.532205229661681,31.5507874015748,"1. ≤43 inches"
"EKO","K320HSG","Australia","LCD","0.251","2027-08-15","Available","https://www.ayonz.com/","ATV5178",148837,80.139,2773.0499999999997,31.9,118,5.5,5.532205229661681,31.5507874015748,"1. ≤43 inches"
"CHIQ","L32D6C","Australia,Fiji,New Zealand","LCD (LED)","0.3","2027-08-09","Available",,"ATV5173",148902,79.967,2732.2400000000002,30,112,5.5,5.71310578131203,31.48307086614173,"1. ≤43 inches"
"EKO","K650USG","Australia","LCD","0.34","2027-08-28","Available","https://www.ayonz.com/","ATV5211",148994,163.132,11402.6,124.968,512,4.5,4.5493455240483325,64.2251968503937,"3. 56–65 inches"
"EKO","K550USG","Australia","LCD","0.375","2027-08-28","Available","https://www.ayonz.com/","ATV5203",148995,138.798,8228,93.324,380,4.5,4.522165303383788,54.64488188976378,"2. 44–55 inches"
"EKO","K55USW","Australia","LCD","0.37","2027-08-28","Available","https://www.ayonz.com/","ATV5210",149006,138.783,8230.118400000001,96.06,353,4.5,4.8535234567239876,54.63897637795275,"2. 44–55 inches"
"EKO","K65USW","Australia","LCD","0.36","2027-08-28","Available","https://www.ayonz.com/","ATV5204",149013,163.896,11478.122496000002,111.39,409,5.5,5.583792190479736,64.5259842519685,"3. 56–65 inches"
"EKO","K75USW","Australia","LCD","0.33","2027-09-01","Available","https://www.ayonz.com/","ATV5218",149014,189.34,15318.517823999999,228.91,840,3.5,3.586921820264716,74.54330708661418,"4. >65 inches"
"BLAUPUNKT","BP650USG9700","Australia","LCD","0.34","2027-08-28","Available","https://www.ayonz.com/","ATV5209",149024,163.132,11402.6,124.968,512,4.5,4.5493455240483325,64.2251968503937,"3. 56–65 inches"
"KOGAN","KALED55RT9230SVA","Australia,Fiji,New Zealand","LCD (LED)","-","2027-08-17","Available","https://www.expressluck.com","ATV5184",149021,138.783,8230.118400000001,53.64,247,6,6.453747698931702,54.63897637795275,"2. 44–55 inches"
"LG","55AN960H0SD","Australia,New Zealand","OLED","0.4","2027-08-17","Available",,"ATV5183",149033,138.783,8230.118400000001,70,258,6,6.25848663027421,54.63897637795275,"2. 44–55 inches"
"LG","65AN960H0SD","Australia,New Zealand","OLED","0.4","2027-08-14","Available",,"ATV5177",149034,163.897,11477.9975,87,320,6,6.68346052076461,64.52637795275591,"3. 56–65 inches"
"ENGLAON","LED40X70","Australia","LCD (LED)","-","2027-08-28","Available","https://www.ktc.cn/","ATV5201",149055,100.722,4312,36.27,140,6,6.409737527786951,39.65433070866141,"1. ≤43 inches"
"ENGLAON","LED40X90","Australia","LCD (LED)","-","2027-08-28","Available","https://www.ktc.cn/","ATV5201",149055,100.722,4312,36.27,140,6,6.409737527786951,39.65433070866141,"1. ≤43 inches"
"ENGLAON","Smart LED TV","Australia","LCD (LED)","-","2027-08-28","Available","https://www.ktc.cn/","ATV5201",149055,100.722,4312,36.27,140,6,6.409737527786951,39.65433070866141,"1. ≤43 inches"
"EKO","K400DVD","Australia","LCD","0.27","2027-08-28","Available","https://www.ayonz.com/","ATV5199",149170,100.332,4261.934154240001,47.02,175,5,5.364749558330739,39.5007874015748,"1. ≤43 inches"
"BLAUPUNKT","BP750USG9700","Australia","LCD","0.392","2027-08-28","Available","https://www.ayonz.com/","ATV5198",149174,188.424,15195.659999999998,221.6,811,3.5,3.7098681994864435,74.18267716535433,"4. >65 inches"
"EKO","K500USG","Australia","LCD","0.38","2027-08-29","Available","https://www.ayonz.com/","ATV5213",149209,125.251,6725.3,102.36,376,3.5,3.74369813786958,49.31141732283465,"2. 44–55 inches"
"HISENSE","75U80HAU","Australia,New Zealand","LCD (LED)","0.336","2027-08-25","Available","https://global.hisense.com/","ATV5194",149243,189.274,15307.855004000001,243.11,955,3,3.0089292588902365,74.51732283464567,"4. >65 inches"
"HISENSE","55X8HAU","Australia,New Zealand","OLED","0.298","2027-08-25","Available","https://global.hisense.com/","ATV5196",149245,138.783,8230.118400000001,78.58,319,5,5.307388036506728,54.63897637795275,"2. 44–55 inches"
"HISENSE","65X8HAU","Australia,New Zealand","OLED","0.309","2027-08-22","Available","https://global.hisense.com/","ATV5192",149244,163.896,11478.122496000002,92.33,369,6,6.045013280653004,64.5259842519685,"3. 56–65 inches"
"HISENSE","65U9HAU","Australia,New Zealand","LCD (LED)","0.387","2027-08-25","Available","https://global.hisense.com/","ATV5195",149241,163.896,11478.122496000002,168.67,649,3.5,3.514641825425533,64.5259842519685,"3. 56–65 inches"
"HISENSE","65X9HAU","Australia,New Zealand","OLED","0.314","2027-08-22","Available","https://global.hisense.com/","ATV5191",149246,163.896,11478.122496000002,108.3,459,5,5.066927359125772,64.5259842519685,"3. 56–65 inches"
"HISENSE","98U7HNZ","Australia,New Zealand","LCD (LED)","0.296","2027-08-25","Available","https://global.hisense.com/","ATV5197",149255,247.695,26215.994974999998,256.93,1028,5,5.007525854584564,97.51771653543307,"4. >65 inches"
"HISENSE","98U7HAU","Australia,New Zealand","LCD (LED)","0.296","2027-08-25","Available","https://global.hisense.com/","ATV5197",149255,247.695,26215.994974999998,256.93,1028,5,5.007525854584564,97.51771653543307,"4. >65 inches"
"HISENSE","98U7H series","Australia,New Zealand","LCD (LED)","0.296","2027-08-25","Available","https://global.hisense.com/","ATV5197",149255,247.695,26215.994974999998,256.93,1028,5,5.007525854584564,97.51771653543307,"4. >65 inches"
"BLAUPUNKT","BP85WOS","Australia","LCD","0.12","2027-08-30","Available","https://www.ayonz.com/","ATV5214",149267,214.783,19712.16,203.32,743,5,5.223029669542332,84.56023622047243,"4. >65 inches"
"LINSAR","LS82UHDNF2","Australia,Fiji,New Zealand","LCD","0.36","2027-09-26","Available",,"ATV5245",149326,207.217,18348.96,170.6,630,5.5,5.652614374321411,81.58149606299213,"4. >65 inches"
"ENGLAON","LED32X70","Australia","LCD (LED)","-","2027-08-28","Available","https://www.ktc.cn/","ATV5202",149327,80.784,2797.9399999999996,38.46,148,4.5,4.54903877620938,31.80472440944882,"1. ≤43 inches"
"ENGLAON","LED32X90","Australia","LCD (LED)","-","2027-08-28","Available","https://www.ktc.cn/","ATV5202",149327,80.784,2797.9399999999996,38.46,148,4.5,4.54903877620938,31.80472440944882,"1. ≤43 inches"
"ENGLAON","Smart LED TV","Australia","LCD (LED)","-","2027-08-28","Available","https://www.ktc.cn/","ATV5202",149327,80.784,2797.9399999999996,38.46,148,4.5,4.54903877620938,31.80472440944882,"1. ≤43 inches"
"FURRION","FDFD24D4D","Australia,Fiji,New Zealand","LCD","-","2027-08-29","Available",,"ATV5212",149339,60.47,1562.462784,31.98,120,3.5,3.536463658690008,23.807086614173226,"1. ≤43 inches"
"KOGAN","KAOLED55X2SKA","Australia,Fiji,New Zealand","OLED","0.325","2027-09-25","Available",,"ATV5243",149422,138.554,8167.5,90.1,424,4,4.000700737851957,54.548818897637794,"2. 44–55 inches"
"KOGAN","KAOLED65X2SKA","Australia,Fiji,New Zealand","OLED","0.393","2027-09-26","Available",,"ATV5244",149423,164.249,11554.4,113.4,586,4,4.000233788824486,64.66496062992125,"3. 56–65 inches"
"LG","43UQ901C0SD","Australia,New Zealand","LCD (LED)","0.4","2027-08-31","Available",,"ATV5217",149433,107.987,4982.7128,75,276,3.5,3.9307399679175017,42.514566929133856,"1. ≤43 inches"
"LG","50UQ901C0SD","Australia,New Zealand","LCD (LED)","0.4","2027-08-28","Available",,"ATV5207",149434,125.727,6754.5112,90,331,4,4.332542803819169,49.4988188976378,"2. 44–55 inches"
"LG","55UQ901C0SD","Australia,New Zealand","LCD (LED)","0.4","2027-08-31","Available",,"ATV5216",149435,138.783,8230.118400000001,114,419,4,4.08539521829021,54.63897637795275,"2. 44–55 inches"
"LG","65UQ901C0SD","Australia,New Zealand","LCD (LED)","0.4","2027-08-28","Available",,"ATV5206",149436,163.897,11477.9975,148,543,4,4.313737886945033,64.52637795275591,"3. 56–65 inches"
"LG","75UQ901C0SD","Australia,New Zealand","LCD (LED)","0.4","2027-08-31","Available",,"ATV5215",149437,189.275,15307.5663,165,605,5,5.054540009525431,74.51771653543307,"4. >65 inches"
"LG","86UQ901C0SD","Australia,New Zealand","LCD (LED)","0.4","2027-08-28","Available",,"ATV5205",149438,217.425,20200.7,250,915,4,4.395864655180622,85.60039370078741,"4. >65 inches"
"LINSAR","LSK55WSFW","Australia,Fiji,New Zealand","LCD","0.32","2027-08-28","Available",,"ATV5208",149418,138.783,8230.118400000001,62.5,272,6,6.02167727117258,54.63897637795275,"2. 44–55 inches"
"BAUHN","ATV60UHDW-1023","Australia","LCD","0.26","2028-07-31","Available",,"ATV5737",149504,152.444,9908.5,80.7,296,6,6.414531262205091,60.01732283464566,"3. 56–65 inches"
"BLAUPUNKT","BP240HSG9700","Australia","LCD (LED)","-","2027-09-14","Available","https://www.ayonz.com/","ATV5228",149533,59.814,1528.2233999999999,25,105,4,4.066544909449641,23.548818897637794,"1. ≤43 inches"
"EKO","K240HSG","Australia","LCD (LED)","-","2027-09-14","Available","https://www.ayonz.com/","ATV5229",149553,59.814,1528.2233999999999,25,105,4,4.066544909449641,23.548818897637794,"1. ≤43 inches"
"ILUMA","ILU-SMARTTV32-DVD","Australia,New Zealand","LCD","0.24","2027-09-25","Available",,"ATV5240",149571,80.376,2765,32.18,119,5,5.483988771987925,31.644094488188976,"1. ≤43 inches"
"ILUMA","VK3201D","Australia,New Zealand","LCD","0.24","2027-09-25","Available",,"ATV5240",149571,80.376,2765,32.18,119,5,5.483988771987925,31.644094488188976,"1. ≤43 inches"
"ILUMA","VK3202D","Australia,New Zealand","LCD","0.24","2027-09-25","Available",,"ATV5240",149571,80.376,2765,32.18,119,5,5.483988771987925,31.644094488188976,"1. ≤43 inches"
"ILUMA","VK3203D","Australia,New Zealand","LCD","0.24","2027-09-25","Available",,"ATV5240",149571,80.376,2765,32.18,119,5,5.483988771987925,31.644094488188976,"1. ≤43 inches"
"ILUMA","VK3204D","Australia,New Zealand","LCD","0.24","2027-09-25","Available",,"ATV5240",149571,80.376,2765,32.18,119,5,5.483988771987925,31.644094488188976,"1. ≤43 inches"
"ILUMA","VK3205D","Australia,New Zealand","LCD","0.24","2027-09-25","Available",,"ATV5240",149571,80.376,2765,32.18,119,5,5.483988771987925,31.644094488188976,"1. ≤43 inches"
"BLAUPUNKT","BP430FSG9700","Australia","LCD","0.245","2027-09-14","Available","https://www.ayonz.com/","ATV5227",149580,107.863,4972.599999999999,47.76,176,5.5,5.939024818081758,42.46574803149606,"1. ≤43 inches"
"EKO","K43FSG11","Australia","LCD","0.245","2027-09-15","Available","https://www.ayonz.com/","ATV5235",149585,107.863,4972.599999999999,47.76,176,5.5,5.939024818081758,42.46574803149606,"1. ≤43 inches"
"LINSAR","LSK32WSFW","Australia,Fiji,New Zealand","LCD","-","2027-09-04","Available",,"ATV5219",149623,80.038,2736.3794,28.2,105,6,6.007730994096279,31.511023622047244,"1. ≤43 inches"
"KOGAN","KALED75XU9420STA","Australia,Fiji,New Zealand","LCD (LED)","0.4","2027-09-08","Available",,"ATV5222",149665,189.306,15312,133,488,6,6.018896730900076,74.52992125984252,"4. >65 inches"
"KOGAN","KALED32RH9510STA","Australia,Fiji,New Zealand","LCD (LED)","0.3","2027-09-06","Available",,"ATV5221",149667,79.967,2732.2400000000002,28,104,6,6.04521473860549,31.48307086614173,"1. ≤43 inches"
"TCL","58P635","Australia,Fiji,New Zealand","LCD (LED)","0.38","2027-09-13","Available","https://www.tcl.com/au","ATV5226",149697,146.039,9156.699999999999,56.1,251,6,6.824154055982145,57.49566929133858,"3. 56–65 inches"
"EKO","K40FSW","Australia,Fiji,New Zealand","LCD","-","2027-09-18","Available",,"ATV5237",149731,100.332,4261.934154240001,40.38,151,6,6.025786528657009,39.5007874015748,"1. ≤43 inches"
"LINSAR","LS75UHDZEN","Australia,Fiji,New Zealand","LCD","-","2027-11-13","Available",,"ATV5302",149824,189.219,15302.72,108.1,480,6,6.090373500678537,74.49566929133857,"4. >65 inches"
"EKO","K750USG","Australia","LCD","0.41","2027-09-14","Available","https://www.ayonz.com/","ATV5232",149830,189.34,15318.517823999999,259.3,949,3,3.040157613752783,74.54330708661418,"4. >65 inches"
"BLAUPUNKT","BP750USG9700","Australia","LCD","0.41","2027-09-15","Available","https://www.ayonz.com/","ATV5233",149831,189.34,15318.517823999999,259.3,949,3,3.040157613752783,74.54330708661418,"4. >65 inches"
"LINSAR","LS65UHDZEN","Australia,Fiji,New Zealand","LCD","-","2027-09-11","Available",,"ATV5224",149832,163.878,11481.120000000003,96.3,360,6,6.156774136390153,64.51889763779526,"3. 56–65 inches"
"EKO","K40FSW","Australia","LCD","0.33","2027-09-14","Available","https://www.ayonz.com/","ATV5231",149834,100.332,4261.934154240001,40.38,151,6,6.025786528657009,39.5007874015748,"1. ≤43 inches"
"ILUMA","ILU-SMARTTV24-DVD","Australia,New Zealand","LCD","0.26","2027-09-20","Available",,"ATV5239",149456,60.493,1565.19,30.28,112,3.5,3.8510476715487516,23.816141732283466,"1. ≤43 inches"
"ILUMA","VK2401D","Australia,New Zealand","LCD","0.26","2027-09-20","Available",,"ATV5239",149456,60.493,1565.19,30.28,112,3.5,3.8510476715487516,23.816141732283466,"1. ≤43 inches"
"ILUMA","VK2402D","Australia,New Zealand","LCD","0.26","2027-09-20","Available",,"ATV5239",149456,60.493,1565.19,30.28,112,3.5,3.8510476715487516,23.816141732283466,"1. ≤43 inches"
"ILUMA","VK2403D","Australia,New Zealand","LCD","0.26","2027-09-20","Available",,"ATV5239",149456,60.493,1565.19,30.28,112,3.5,3.8510476715487516,23.816141732283466,"1. ≤43 inches"
"ILUMA","VK2404D","Australia,New Zealand","LCD","0.26","2027-09-20","Available",,"ATV5239",149456,60.493,1565.19,30.28,112,3.5,3.8510476715487516,23.816141732283466,"1. ≤43 inches"
"ILUMA","VK2405D","Australia,New Zealand","LCD","0.26","2027-09-20","Available",,"ATV5239",149456,60.493,1565.19,30.28,112,3.5,3.8510476715487516,23.816141732283466,"1. ≤43 inches"
"EKO","K70USW","Australia","LCD","0.48","2027-09-14","Available","https://www.ayonz.com/","ATV5230",149838,176.538,13380.468019200001,171.7,630,4,4.298248697364598,69.50314960629922,"4. >65 inches"
"EKO","K700USG","Australia","LCD","0.27","2027-09-15","Available","https://www.ayonz.com/","ATV5234",149839,176.538,13380.468019200001,189.9,695,3.5,3.858208975844934,69.50314960629922,"4. >65 inches"
"JVC","LT-75N7125A11","Australia","LCD","0.392","2027-09-11","Available",,"ATV5223",149841,188.424,15195.659999999998,221.6,811,3.5,3.7098681994864435,74.18267716535433,"4. >65 inches"
"EKO","K55USW","Australia,New Zealand","LCD (LED)","0.3489","2027-09-13","Available",,"ATV5225",149842,138.783,8230.118400000001,84.048,324,5,5.237691139975824,54.63897637795275,"2. 44–55 inches"
"EKO","K400DVD","Australia,Fiji,New Zealand","LCD","-","2027-09-18","Available",,"ATV5236",149933,100.332,4261.934154240001,47.02,175,5,5.364749558330739,39.5007874015748,"1. ≤43 inches"
"ILUMA","ILU-SMARTTV32-DVD, VK3201D, VK3202D; VK3203D, VK3204D, VK3205D","Australia,New Zealand","LCD","0.24","2027-09-25","Available",,"ATV5240",149571,80.376,2765,32.18,119,5,5.483988771987925,31.644094488188976,"1. ≤43 inches"
"ILUMA","ILU-SMARTTV24-DVD, VK2401D, VK2402D, VK2403D, VK2404D, VK2405D","Australia,New Zealand","LCD","0.26","2027-09-20","Available",,"ATV5239",149456,60.493,1565.19,30.28,112,3.5,3.8510476715487516,23.816141732283466,"1. ≤43 inches"
"KOGAN","KALED58TU9420SKA","Australia,Fiji,New Zealand","LCD (LED)","0.4","2027-09-20","Available",,"ATV5238",150017,146.092,9109.1,106.2,410,4.5,4.603408888721034,57.51653543307087,"3. 56–65 inches"
"JVC","AV-HQ507115A11","Australia","LCD","0.329","2027-09-25","Available",,"ATV5241",150089,126.112,6771.15,101.98,374,3.5,3.7951848555621974,49.6503937007874,"2. 44–55 inches"
"JVC","LT-50NQ7115A11","Australia","LCD","0.45","2027-09-25","Available",,"ATV5242",150091,125.093,6676.92,60.73,253,5,5.489942004042138,49.249212598425196,"2. 44–55 inches"
"JVC","LT-32N3135A","Australia","LCD (LED)","0.41662","2027-09-27","Available",,"ATV5246",150155,80.039,2736.70931232,24.687,110,5.5,5.799685441574415,31.511417322834646,"1. ≤43 inches"
"KOGAN","KALED70TX9520SKA","Australia,Fiji,New Zealand","LCD (LED)","0.58","2027-09-27","Available",,"ATV5247",150165,176.539,13385.2,144.2,580,4.5,4.6703307864310215,69.5035433070866,"4. >65 inches"
"LINSAR","LS85UHDZEN","Australia,Fiji,New Zealand","LCD","0.45","2027-11-13","Available",,"ATV5300",150263,214.783,19712.16,159,610,6,6.1069319216521025,84.56023622047243,"4. >65 inches"
"AKAI","AK4022S7WOS","Australia,Fiji,New Zealand","LCD","0.3","2027-12-03","Available",,"ATV5360",150268,100.217,4253.45,39.9,150,6,6.047894906355869,39.45551181102362,"1. ≤43 inches"
"KOGAN","KAQLED85XQ98JSTA","Australia,Fiji,New Zealand","LCD (LED)","0.45","2027-10-02","Available",,"ATV5251",150270,214.783,19712.16,266,974,4,4.00984086202183,84.56023622047243,"4. >65 inches"
"KOGAN","KAQLED85XQ98JSTB","Australia,Fiji,New Zealand","LCD (LED)","0.45","2027-10-02","Available",,"ATV5251",150270,214.783,19712.16,266,974,4,4.00984086202183,84.56023622047243,"4. >65 inches"
"KOGAN","KAQLED85XQ98JSTC","Australia,Fiji,New Zealand","LCD (LED)","0.45","2027-10-02","Available",,"ATV5251",150270,214.783,19712.16,266,974,4,4.00984086202183,84.56023622047243,"4. >65 inches"
"KOGAN","KAQLED85XQ98JSTD","Australia,Fiji,New Zealand","LCD (LED)","0.45","2027-10-02","Available",,"ATV5251",150270,214.783,19712.16,266,974,4,4.00984086202183,84.56023622047243,"4. >65 inches"
"BAUHN","ATV43UHDT-0123","Australia,Fiji,New Zealand","LCD (LED)","0.4","2027-09-29","Available",,"ATV5249",150298,107.987,4982.7128,45.5,170,6,6.1024470408434714,42.514566929133856,"1. ≤43 inches"
"EKO","K55USW","Australia,New Zealand","LCD (LED)","0.7069","2027-10-02","Available",,"ATV5250",150300,138.783,8230.118400000001,82.938,323,5,5.251544072545316,54.63897637795275,"2. 44–55 inches"
"JVC","LT-55NQ7105A11","Australia","LCD","0.4","2027-10-03","Available",,"ATV5254",150327,138.783,8230.118400000001,72.4,330,5,5.15546094080525,54.63897637795275,"2. 44–55 inches"
"AKAI","AK6522S7TZN","Australia,Fiji,New Zealand","LCD","0.42","2028-01-03","Available",,"ATV5410",150326,163.878,11481.120000000003,96.3,370,6,6.033987822258522,64.51889763779526,"3. 56–65 inches"
"BAUHN","Tizen TV","Australia,Fiji,New Zealand","LCD (LED)","0.42","2027-07-14","Available",,"ATV5126",148363,163.878,11481.12,96.3,360,6,6.15677413639015,64.51889763779526,"3. 56–65 inches"
"BAUHN","ATV65UHDT-0123","Australia,Fiji,New Zealand","LCD (LED)","0.42","2027-07-14","Available",,"ATV5126",148363,163.878,11481.12,96.3,360,6,6.15677413639015,64.51889763779526,"3. 56–65 inches"
"BAUHN","ATV65UHDT-0922","Australia,Fiji,New Zealand","LCD (LED)","0.42","2027-07-14","Available",,"ATV5126",148363,163.878,11481.12,96.3,360,6,6.15677413639015,64.51889763779526,"3. 56–65 inches"
"SONY","KD-55X80L","Australia,New Zealand","LCD (LED)","0.5","2027-10-09","Available","https://www.sony.com.au/","ATV5259",150364,138.798,8228,126.2,467,3.5,3.5982846725777753,54.64488188976378,"2. 44–55 inches"
"SONY","KD-65X80L","Australia,New Zealand","LCD (LED)","0.5","2027-10-09","Available","https://www.sony.com.au/","ATV5258",150365,163.878,11481.120000000003,147.6,544,4,4.306641282564334,64.51889763779526,"3. 56–65 inches"
"KODAK","KD40WOS2","Australia,Fiji,New Zealand","LCD","0.3","2027-10-05","Available",,"ATV5255",150366,100.217,4253.45,39.9,150,6,6.047894906355869,39.45551181102362,"1. ≤43 inches"
"KOGAN","KALED50RN9220STA","Australia,Fiji,New Zealand","LCD (LED)","0.45","2027-10-11","Available",,"ATV5260",150434,125.638,6745.2,75,277,5,5.125086761023219,49.463779527559055,"2. 44–55 inches"
"KOGAN","KALED50RN9220STB","Australia,Fiji,New Zealand","LCD (LED)","0.45","2027-10-11","Available",,"ATV5260",150434,125.638,6745.2,75,277,5,5.125086761023219,49.463779527559055,"2. 44–55 inches"
"KOGAN","KALED50RN9220STC","Australia,Fiji,New Zealand","LCD (LED)","0.45","2027-10-11","Available",,"ATV5260",150434,125.638,6745.2,75,277,5,5.125086761023219,49.463779527559055,"2. 44–55 inches"
"KOGAN","KALED50RN9220STD","Australia,Fiji,New Zealand","LCD (LED)","0.45","2027-10-11","Available",,"ATV5260",150434,125.638,6745.2,75,277,5,5.125086761023219,49.463779527559055,"2. 44–55 inches"
"KOGAN","KAQLED65XQ98JSTA","Australia,Fiji,New Zealand","LCD (LED)","0.45","2027-10-13","Available",,"ATV5264",150474,163.829,11466.84,158,579,4,4.021953721223637,64.4996062992126,"3. 56–65 inches"
"KOGAN","KAQLED65XQ98JSTB","Australia,Fiji,New Zealand","LCD (LED)","0.45","2027-10-13","Available",,"ATV5264",150474,163.829,11466.84,158,579,4,4.021953721223637,64.4996062992126,"3. 56–65 inches"
"KOGAN","KAQLED65XQ98JSTC","Australia,Fiji,New Zealand","LCD (LED)","0.45","2027-10-13","Available",,"ATV5264",150474,163.829,11466.84,158,579,4,4.021953721223637,64.4996062992126,"3. 56–65 inches"
"KOGAN","KAQLED65XQ98JSTD","Australia,Fiji,New Zealand","LCD (LED)","0.45","2027-10-13","Available",,"ATV5264",150474,163.829,11466.84,158,579,4,4.021953721223637,64.4996062992126,"3. 56–65 inches"
"KOGAN","KAQLED75XQ98JSTA","Australia,Fiji,New Zealand","LCD (LED)","0.45","2027-10-24","Available",,"ATV5274",150475,189.306,15312,182,667,4.5,4.618566592645355,74.52992125984252,"4. >65 inches"
"KOGAN","KAQLED75XQ98JSTB","Australia,Fiji,New Zealand","LCD (LED)","0.45","2027-10-24","Available",,"ATV5274",150475,189.306,15312,182,667,4.5,4.618566592645355,74.52992125984252,"4. >65 inches"
"KOGAN","KAQLED75XQ98JSTC","Australia,Fiji,New Zealand","LCD (LED)","0.45","2027-10-24","Available",,"ATV5274",150475,189.306,15312,182,667,4.5,4.618566592645355,74.52992125984252,"4. >65 inches"
"KOGAN","KAQLED75XQ98JSTD","Australia,Fiji,New Zealand","LCD (LED)","0.45","2027-10-24","Available",,"ATV5274",150475,189.306,15312,182,667,4.5,4.618566592645355,74.52992125984252,"4. >65 inches"
"KOGAN","KAQLED55XQ98JSTA","Australia,Fiji,New Zealand","LCD (LED)","0.45","2027-10-12","Available",,"ATV5261",150476,138.711,8221.2,92,339,5,5.03039972533415,54.61062992125985,"2. 44–55 inches"
"KOGAN","KAQLED55XQ98JSTB","Australia,Fiji,New Zealand","LCD (LED)","0.45","2027-10-12","Available",,"ATV5261",150476,138.711,8221.2,92,339,5,5.03039972533415,54.61062992125985,"2. 44–55 inches"
"KOGAN","KAQLED55XQ98JSTC","Australia,Fiji,New Zealand","LCD (LED)","0.45","2027-10-12","Available",,"ATV5261",150476,138.711,8221.2,92,339,5,5.03039972533415,54.61062992125985,"2. 44–55 inches"
"KOGAN","KAQLED55XQ98JSTD","Australia,Fiji,New Zealand","LCD (LED)","0.45","2027-10-12","Available",,"ATV5261",150476,138.711,8221.2,92,339,5,5.03039972533415,54.61062992125985,"2. 44–55 inches"
"KOGAN","KALED65XU9220STB","Australia,Fiji,New Zealand","LCD (LED)","0.45","2027-10-13","Available",,"ATV5263",150477,163.829,11466.84,110,404,5.5,5.634761250243758,64.4996062992126,"3. 56–65 inches"
"KOGAN","KALED65XU9220STC","Australia,Fiji,New Zealand","LCD (LED)","0.45","2027-10-13","Available",,"ATV5263",150477,163.829,11466.84,110,404,5.5,5.634761250243758,64.4996062992126,"3. 56–65 inches"
"KOGAN","KALED65XU9220STD","Australia,Fiji,New Zealand","LCD (LED)","0.45","2027-10-13","Available",,"ATV5263",150477,163.829,11466.84,110,404,5.5,5.634761250243758,64.4996062992126,"3. 56–65 inches"
"KOGAN","KALED65XU9220STE","Australia,Fiji,New Zealand","LCD (LED)","0.45","2027-10-13","Available",,"ATV5263",150477,163.829,11466.84,110,404,5.5,5.634761250243758,64.4996062992126,"3. 56–65 inches"
"KOGAN","KALED65XU9220STF","Australia,Fiji,New Zealand","LCD (LED)","0.45","2027-10-13","Available",,"ATV5263",150477,163.829,11466.84,110,404,5.5,5.634761250243758,64.4996062992126,"3. 56–65 inches"
"ENGLAON","LED24M30","Australia","LCD (LED)","-","2027-10-17","Available","https://www.ktc.cn/","ATV5270",150478,60.542,1570.46,29.05,108,4,4.024438873622773,23.83543307086614,"1. ≤43 inches"
"ENGLAON","LED24X70","Australia","LCD (LED)","-","2027-10-17","Available","https://www.ktc.cn/","ATV5271",150479,61.928,1686.44,25.84,102,4.5,4.5038244549102,24.38110236220472,"1. ≤43 inches"
"ENGLAON","LED24X90","Australia","LCD (LED)","-","2027-10-17","Available","https://www.ktc.cn/","ATV5271",150479,61.928,1686.44,25.84,102,4.5,4.5038244549102,24.38110236220472,"1. ≤43 inches"
"ENGLAON","LED24X70, LED24X90","Australia","LCD (LED)","-","2027-10-17","Available","https://www.ktc.cn/","ATV5271",150479,61.928,1686.44,25.84,102,4.5,4.5038244549102,24.38110236220472,"1. ≤43 inches"
"POLAROID","PL3221HDC","Australia,Fiji,New Zealand","LCD","0.44","2027-10-16","Available",,"ATV5265",150481,80.043,2737.0770999999995,27.1,102,6,6.138546025859608,31.512992125984255,"1. ≤43 inches"
"DGTEC","DG65UHDOS","Australia,Fiji,New Zealand","LCD (LED)","0.3594","2027-10-20","Available",,"ATV5273",150503,163.896,11478.122496000002,95.274,367,6,6.0693688847202,64.5259842519685,"3. 56–65 inches"
"SONY","XR-55A80L","Australia,New Zealand","OLED","0.5","2027-10-16","Available","https://www.sony.com.au/","ATV5268",150534,138.798,8228,103.7,387,4,4.440363968763781,54.64488188976378,"2. 44–55 inches"
"SONY","XR-65A80L","Australia,New Zealand","OLED","0.5","2027-10-16","Available","https://www.sony.com.au/","ATV5267",150537,163.878,11481.120000000003,121.1,451,5,5.146826473886623,64.51889763779526,"3. 56–65 inches"
"LINSAR","LS50UHDZEN","Australia,Fiji,New Zealand","LCD","0.39","2027-10-27","Available",,"ATV5280",150543,125.727,6754.5112,56.7,225,6,6.0624515145983064,49.4988188976378,"2. 44–55 inches"
"LINSAR","LS55UHDZEN","Australia,Fiji,New Zealand","LCD","0.43","2027-11-06","Available",,"ATV5291",150544,138.783,8230.118400000001,68.5,272,6,6.02167727117258,54.63897637795275,"2. 44–55 inches"
"TEAC","LEV24A423","Australia","LCD (LED)","-","2027-10-19","Available","https://www.qiyue.cn/","ATV5272",150555,59.824,1528.86807072,22.2,83,5,5.121511445327967,23.55275590551181,"1. ≤43 inches"
"AKAI","AK7522S7TZN","Australia,Fiji,New Zealand","LCD","0.31","2028-01-02","Available",,"ATV5409",150560,189.219,15302.72,108.1,480,6,6.090373500678537,74.49566929133857,"4. >65 inches"
"KOGAN","KAQLED50XQ98JSTA","Australia,Fiji,New Zealand","LCD (LED)","0.45","2027-10-26","Available",,"ATV5279",150585,125.638,6745.2,104,382,3.5,3.6847444319425677,49.463779527559055,"2. 44–55 inches"
"KOGAN","KAQLED50XQ98JSTB","Australia,Fiji,New Zealand","LCD (LED)","0.45","2027-10-26","Available",,"ATV5279",150585,125.638,6745.2,104,382,3.5,3.6847444319425677,49.463779527559055,"2. 44–55 inches"
"KOGAN","KAQLED50XQ98JSTC","Australia,Fiji,New Zealand","LCD (LED)","0.45","2027-10-26","Available",,"ATV5279",150585,125.638,6745.2,104,382,3.5,3.6847444319425677,49.463779527559055,"2. 44–55 inches"
"KOGAN","KAQLED50XQ98JSTD","Australia,Fiji,New Zealand","LCD (LED)","0.45","2027-10-26","Available",,"ATV5279",150585,125.638,6745.2,104,382,3.5,3.6847444319425677,49.463779527559055,"2. 44–55 inches"
"MONSTER","MT24HDW-LT22","Australia,Fiji,New Zealand","LCD (LED)","0.2","2027-11-03","Available",,"ATV5287",150615,59.774,1526.53,15.1,66,6,6.143886819769821,23.53307086614173,"1. ≤43 inches"
"MONSTER","MT32HDW-LT22","Australia,Fiji,New Zealand","LCD","0.25","2027-11-01","Available",,"ATV5284",150632,80.054,2736.1600000000003,23.5,90,6,6.698258847494166,31.517322834645668,"1. ≤43 inches"
"LINSAR","LSK43WSFW","Australia,Fiji,New Zealand","LCD","0.35","2028-07-03","Available",,"ATV5693",150642,107.956,4980.1837000000005,44.6,172,6,6.04803737891574,42.50236220472441,"1. ≤43 inches"
"POLAROID","PL55M4G11","Australia,Fiji,New Zealand","LCD","0.41","2027-11-03","Available",,"ATV5288",150648,138.412,8206.05,68.98,254,6,6.316416078038494,54.492913385826775,"2. 44–55 inches"
"LG","32LN340CBSD","Australia,New Zealand","LCD (LED)","0.4","2027-10-30","Available",,"ATV5282",150656,80.043,2737.0770999999995,33,123,5,5.299572454875552,31.512992125984255,"1. ≤43 inches"
"ALTIUS","AT24HDW-BCF","Australia,Fiji,New Zealand","LCD","0.2","2027-10-25","Available",,"ATV5276",150666,59.774,1526.53,15.1,66,6,6.143886819769821,23.53307086614173,"1. ≤43 inches"
"KODAK","KD32WOS2","Australia,Fiji,New Zealand","LCD","0.25","2028-07-09","Available",,"ATV5699",150667,80.054,2736.1600000000003,23.5,90,6,6.698258847494166,31.517322834645668,"1. ≤43 inches"
"ALTIUS","AT32HDW-BCF","Australia,Fiji,New Zealand","LCD","0.25","2027-10-25","Available",,"ATV5277",150668,80.054,2736.1600000000003,23.5,90,6,6.698258847494166,31.517322834645668,"1. ≤43 inches"
"KOGAN","KALED42RF7510SPA","Australia","LCD (LED)","-","2027-10-25","Available",,"ATV5278",150674,105.415,4682.676096,44.2,180,5.5,5.6032243611452595,41.50196850393701,"1. ≤43 inches"
"TEAC","LEV32A423","Australia","LCD (LED)","-","2027-11-07","Available","https://www.qiyue.cn/","ATV5292",150691,80.039,2736.7112736,33.3,124,5,5.26280849184812,31.511417322834646,"1. ≤43 inches"
"TEAC","LEV32A422","Australia","LCD (LED)","-","2027-11-07","Available","https://www.qiyue.cn/","ATV5292",150691,80.039,2736.7112736,33.3,124,5,5.26280849184812,31.511417322834646,"1. ≤43 inches"
"TEAC","LEV32A *423 *422","Australia","LCD (LED)","-","2027-11-07","Available","https://www.qiyue.cn/","ATV5292",150691,80.039,2736.7112736,33.3,124,5,5.26280849184812,31.511417322834646,"1. ≤43 inches"
"AKAI","AK5022S7TZN","Australia,Fiji,New Zealand","LCD","0.39","2027-10-27","Available",,"ATV5281",150699,125.727,6754.5112,56.7,225,6,6.0624515145983064,49.4988188976378,"2. 44–55 inches"
"KOGAN","KALED42RF7510SPB","Australia","LCD (LED)","-","2027-10-25","Available",,"ATV5278",150674,105.415,4682.676096,44.2,180,5.5,5.6032243611452595,41.50196850393701,"1. ≤43 inches"
"KOGAN","KALED42RF7510SPC","Australia","LCD (LED)","-","2027-10-25","Available",,"ATV5278",150674,105.415,4682.676096,44.2,180,5.5,5.6032243611452595,41.50196850393701,"1. ≤43 inches"
"KOGAN","KALED42RF7510SPD","Australia","LCD (LED)","-","2027-10-25","Available",,"ATV5278",150674,105.415,4682.676096,44.2,180,5.5,5.6032243611452595,41.50196850393701,"1. ≤43 inches"
"KOGAN","KALED42RF7510SP*","Australia","LCD (LED)","-","2027-10-25","Available",,"ATV5278",150674,105.415,4682.676096,44.2,180,5.5,5.6032243611452595,41.50196850393701,"1. ≤43 inches"
"TEAC","LEV24A422","Australia","LCD (LED)","-","2027-11-07","Available","https://www.qiyue.cn/","ATV5292",150691,80.039,2736.7112736,33.3,124,5,5.26280849184812,31.511417322834646,"1. ≤43 inches"
"SONY","XR-77A80L","Australia,New Zealand","OLED","0.5","2027-11-01","Available","https://www.sony.com.au/","ATV5283",150826,194.726,16206.349999999999,169.7,629,5,5.1250055072718785,76.66377952755906,"4. >65 inches"
"KOGAN","KALED43RF9820STA","Australia,Fiji,New Zealand","LCD (LED)","0.4","2027-11-01","Available",,"ATV5285",150816,107.863,4972.599999999999,55,203,5,5.299427647726304,42.46574803149606,"1. ≤43 inches"
"KOGAN","KALED43RF9820STB","Australia,Fiji,New Zealand","LCD (LED)","0.4","2027-11-01","Available",,"ATV5285",150816,107.863,4972.599999999999,55,203,5,5.299427647726304,42.46574803149606,"1. ≤43 inches"
"KOGAN","KALED43RF9820STC","Australia,Fiji,New Zealand","LCD (LED)","0.4","2027-11-01","Available",,"ATV5285",150816,107.863,4972.599999999999,55,203,5,5.299427647726304,42.46574803149606,"1. ≤43 inches"
"KOGAN","KALED43RF9820STD","Australia,Fiji,New Zealand","LCD (LED)","0.4","2027-11-01","Available",,"ATV5285",150816,107.863,4972.599999999999,55,203,5,5.299427647726304,42.46574803149606,"1. ≤43 inches"
"KOGAN","KALED43RF9820STE","Australia,Fiji,New Zealand","LCD (LED)","0.4","2027-11-01","Available",,"ATV5285",150816,107.863,4972.599999999999,55,203,5,5.299427647726304,42.46574803149606,"1. ≤43 inches"
"AKAI","AK3221S6WOS","Australia,Fiji,New Zealand","LCD","0.29","2027-11-27","Available",,"ATV5329",150908,80.043,2737.0770999999995,23.8,89,6,6.749526906773145,31.512992125984255,"1. ≤43 inches"
"POLAROID","PL6521UHDG","Australia,Fiji,New Zealand","LCD","0.41","2027-11-09","Available",,"ATV5296",150911,163.132,11402.6,94.65,348,6,6.279721073738015,64.2251968503937,"3. 56–65 inches"
"SHARP","2T-C32EG1X","Australia,Fiji,New Zealand","LCD (LED)","0.34","2027-11-13","Available",,"ATV5299",150943,80.043,2737.0770999999995,29.15,110,5.5,5.800164961009463,31.512992125984255,"1. ≤43 inches"
"SHARP","2T-C42EG1X","Australia,Fiji,New Zealand","LCD (LED)","0.44","2027-11-13","Available",,"ATV5298",150945,105.415,4682.5925,53,197,5,5.198720591823303,41.50196850393701,"1. ≤43 inches"
"SHARP","4T-C50DK1X","Australia,Fiji,New Zealand","LCD (LED)","0.46","2027-11-07","Available",,"ATV5293",150946,125.727,6754.5112,84.4,312,4.5,4.5974627946475835,49.4988188976378,"2. 44–55 inches"
"SHARP","4T-C70DL1X","Australia,Fiji,New Zealand","LCD (LED)","0.49","2027-11-13","Available",,"ATV5297",150947,176.563,13320.853056,123.94,457,5.5,5.7179341816321125,69.51299212598424,"4. >65 inches"
"BLAUPUNKT","BP430FSG9700","Australia,Fiji,New Zealand","LCD","0.25","2027-11-13","Available","https://www.ayonz.com/","ATV5301",150949,107.863,4972.599999999999,54.04,199,5,5.388613081049771,42.46574803149606,"1. ≤43 inches"
"EKO","K43FSG11","Australia,Fiji,New Zealand","LCD","0.25","2027-11-14","Available","https://www.ayonz.com/","ATV5303",150951,107.863,4972.599999999999,54.04,199,5,5.388613081049771,42.46574803149606,"1. ≤43 inches"
"BLAUPUNKT","BP430FSG9700C","Australia,Fiji,New Zealand","LCD","0.25","2027-11-07","Available","https://www.ayonz.com/","ATV5294",150952,107.863,4972.599999999999,54.04,199,5,5.388613081049771,42.46574803149606,"1. ≤43 inches"
"KODAK","KD55WOS2","Australia,Fiji,New Zealand","LCD","0.33","2027-11-06","Available",,"ATV5290",150970,138.783,8230.118400000001,69.64,256,6,6.293361671010194,54.63897637795275,"2. 44–55 inches"
"LINSAR","LS75UHDNF","Australia,Fiji,New Zealand","LCD (LED)","0.51","2027-11-06","Available",,"ATV5289",150972,189.306,15312,127.7,469,6,6.196865743103114,74.52992125984252,"4. >65 inches"
"BLAUPUNKT","BP58WOS","Australia,New Zealand","LCD (LED)","0.3485","2027-11-15","Available",,"ATV5304",150977,146.068,9162.865152,105.156,405,4.5,4.68289179339109,57.50708661417323,"3. 56–65 inches"
"LOEWE","BILD i65","Australia,New Zealand","OLED","0.27","2027-11-20","Available",,"ATV5309",151007,163.857,11440,114,418,5,5.472198053824738,64.51062992125983,"3. 56–65 inches"
"LOEWE","BILD i55","Australia,New Zealand","OLED","0.26","2027-11-08","Available",,"ATV5295",151008,138.798,8228,96.5,354,4.5,4.839782994637874,54.64488188976378,"2. 44–55 inches"
"LOEWE","BILD i48","Australia,New Zealand","OLED","0.3","2027-11-20","Available",,"ATV5310",151009,120.713,6227.84,74.4,274,4.5,4.851142784766627,47.5248031496063,"2. 44–55 inches"
"BLAUPUNKT","BP500USG9700","Australia,New Zealand","LCD (LED)","0.3706","2027-12-03","Available",,"ATV5358",151012,138.783,8230.118400000001,86.04,332,5,5.1283827912446815,54.63897637795275,"2. 44–55 inches"
"SHARP","4T-C60DL1X","Australia,Fiji,New Zealand","LCD (LED)","0.43","2027-11-17","Available",,"ATV5306",151145,152.663,9958.2104,137,504,4,4.050393944753631,60.10354330708662,"3. 56–65 inches"
"BAUHN","ATV50UHDT-0323","Australia,Fiji,New Zealand","LCD","0.39","2027-11-15","Available",,"ATV5305",151169,125.727,6754.5112,56.7,225,6,6.0624515145983064,49.4988188976378,"2. 44–55 inches"
"BAUHN","ATV75UHDT-0423","Australia,Fiji,New Zealand","LCD","-","2027-11-27","Available",,"ATV5313",151170,189.219,15302.72,108.1,480,6,6.090373500678537,74.49566929133857,"4. >65 inches"
"BLAUPUNKT","BP85WOS","Australia,Fiji,New Zealand","LCD","0.34","2027-11-30","Available","https://www.ayonz.com/","ATV5349",151282,214.783,19712.16,228,834,4.5,4.705258230661274,84.56023622047243,"4. >65 inches"
"SONY","XR-55X90L","Australia,New Zealand","LCD (LED)","0.5","2027-11-23","Available","https://www.sony.com.au/","ATV5312",151289,138.798,8228,121,450,3.5,3.764463236493867,54.64488188976378,"2. 44–55 inches"
"SONY","XR-65X90L","Australia,New Zealand","LCD (LED)","0.5","2027-11-23","Available","https://www.sony.com.au/","ATV5311",151290,163.878,11481.120000000003,144.3,535,4,4.381402573498731,64.51889763779526,"3. 56–65 inches"
"LG","OLED42C3PSA","Australia,New Zealand","OLED","0.4","2027-11-28","Available",,"ATV5339",151346,105.52,4757.6080999999995,63,232,4.5,4.527878970799845,41.54330708661417,"1. ≤43 inches"
"LG","OLED42C36LA","Australia,New Zealand","OLED","0.4","2027-11-28","Available",,"ATV5340",151347,105.52,4757.6080999999995,63,232,4.5,4.527878970799845,41.54330708661417,"1. ≤43 inches"
"LG","OLED48A3PSA","Australia,New Zealand","OLED","0.4","2027-11-27","Available",,"ATV5330",151348,120.721,6226.9196,75,276,4.5,4.817955102606061,47.52795275590551,"2. 44–55 inches"
"LG","OLED48A36LA","Australia,New Zealand","OLED","0.4","2027-11-27","Available",,"ATV5318",151349,120.721,6226.9196,75,276,4.5,4.817955102606061,47.52795275590551,"2. 44–55 inches"
"LG","OLED48C3PSA","Australia,New Zealand","OLED","0.4","2027-11-27","Available",,"ATV5316",151350,120.721,6226.9196,77,284,4.5,4.689905816504032,47.52795275590551,"2. 44–55 inches"
"LG","OLED48C36LA","Australia,New Zealand","OLED","0.4","2027-11-27","Available",,"ATV5317",151351,120.721,6226.9196,77,284,4.5,4.689905816504032,47.52795275590551,"2. 44–55 inches"
"LG","OLED55A3PSA","Australia,New Zealand","OLED","0.4","2027-11-27","Available",,"ATV5331",151352,138.783,8230.118400000001,84,309,5,5.450120486983198,54.63897637795275,"2. 44–55 inches"
"LG","OLED55A36LA","Australia,New Zealand","OLED","0.4","2027-11-27","Available",,"ATV5319",151353,138.783,8230.118400000001,84,309,5,5.450120486983198,54.63897637795275,"2. 44–55 inches"
"LG","OLED55B3PSA","Australia,New Zealand","OLED","0.4","2027-11-27","Available",,"ATV5332",151354,138.783,8230.118400000001,99,364,4.5,4.716007447308886,54.63897637795275,"2. 44–55 inches"
"LG","OLED55B36LA","Australia,New Zealand","OLED","0.4","2027-11-27","Available",,"ATV5320",151355,138.783,8230.118400000001,99,364,4.5,4.716007447308886,54.63897637795275,"2. 44–55 inches"
"LG","OLED55C3PSA","Australia,New Zealand","OLED","0.4","2027-11-27","Available",,"ATV5321",151356,138.783,8230.118400000001,95,349,4.5,4.904594324171205,54.63897637795275,"2. 44–55 inches"
"LG","OLED55C36LA","Australia,New Zealand","OLED","0.4","2027-11-27","Available",,"ATV5322",151357,138.783,8230.118400000001,95,349,4.5,4.904594324171205,54.63897637795275,"2. 44–55 inches"
"LG","OLED55G3PSA","Australia,New Zealand","OLED","0.4","2027-11-27","Available",,"ATV5323",151358,138.783,8230.118400000001,115,422,4,4.053423000980519,54.63897637795275,"2. 44–55 inches"
"LG","OLED55G36LA","Australia,New Zealand","OLED","0.4","2027-11-27","Available",,"ATV5324",151359,138.783,8230.118400000001,115,422,4,4.053423000980519,54.63897637795275,"2. 44–55 inches"
"LG","OLED65A3PSA","Australia,New Zealand","OLED","0.4","2027-11-27","Available",,"ATV5333",151360,163.897,11477.9975,103,378,5.5,5.936976031991449,64.52637795275591,"3. 56–65 inches"
"LG","OLED65A36LA","Australia,New Zealand","OLED","0.4","2027-11-28","Available",,"ATV5343",151361,163.897,11477.9975,103,378,5.5,5.936976031991449,64.52637795275591,"3. 56–65 inches"
"LG","OLED65B3PSA","Australia,New Zealand","OLED","0.4","2027-11-27","Available",,"ATV5334",151362,163.897,11477.9975,121,444,5,5.215779448604507,64.52637795275591,"3. 56–65 inches"
"LG","OLED65B36LA","Australia,New Zealand","OLED","0.4","2027-11-27","Available",,"ATV5325",151363,163.897,11477.9975,121,444,5,5.215779448604507,64.52637795275591,"3. 56–65 inches"
"LG","OLED65C3PSA","Australia,New Zealand","OLED","0.4","2027-11-27","Available",,"ATV5335",151364,163.897,11477.9975,112,411,5.5,5.561885564963837,64.52637795275591,"3. 56–65 inches"
"LG","OLED65C36LA","Australia,New Zealand","OLED","0.4","2027-11-27","Available",,"ATV5326",151365,163.897,11477.9975,112,411,5.5,5.561885564963837,64.52637795275591,"3. 56–65 inches"
"LG","OLED65G3PSA","Australia,New Zealand","OLED","0.4","2027-11-27","Available",,"ATV5336",151366,163.897,11477.9975,145,532,4,4.405453871887269,64.52637795275591,"3. 56–65 inches"
"LG","OLED65G36LA","Australia,New Zealand","OLED","0.4","2027-11-27","Available",,"ATV5327",151367,163.897,11477.9975,145,532,4,4.405453871887269,64.52637795275591,"3. 56–65 inches"
"LG","OLED77B3PSA","Australia,New Zealand","OLED","0.4","2027-11-27","Available",,"ATV5337",151368,194.738,16204.123099999999,158,579,5,5.495605745230539,76.66850393700787,"4. >65 inches"
"LG","OLED77B36LA","Australia,New Zealand","OLED","0.4","2027-11-27","Available",,"ATV5328",151369,194.738,16204.123099999999,158,579,5,5.495605745230539,76.66850393700787,"4. >65 inches"
"LG","OLED77C3PSA","Australia,New Zealand","OLED","0.4","2027-11-28","Available",,"ATV5341",151370,194.738,16204.123099999999,153,561,5.5,5.637136037566116,76.66850393700787,"4. >65 inches"
"LG","OLED77C36LA","Australia,New Zealand","OLED","0.4","2027-11-28","Available",,"ATV5342",151371,194.738,16204.123099999999,153,561,5.5,5.637136037566116,76.66850393700787,"4. >65 inches"
"LG","OLED77G3PSA","Australia,New Zealand","OLED","0.4","2027-11-27","Available",,"ATV5338",151372,194.738,16204.123099999999,196,718,4.5,4.531351612821171,76.66850393700787,"4. >65 inches"
"LG","OLED77G36LA","Australia,New Zealand","OLED","0.4","2027-11-29","Available",,"ATV5345",151373,194.738,16204.123099999999,196,718,4.5,4.531351612821171,76.66850393700787,"4. >65 inches"
"LG","OLED77Z3PSA","Australia,New Zealand","OLED","0.4","2027-11-29","Available",,"ATV5346",151374,194.738,16204.123099999999,238,871,3.5,3.6656648982977846,76.66850393700787,"4. >65 inches"
"LG","OLED83C3PSA","Australia,New Zealand","OLED","0.4","2027-11-29","Available",,"ATV5347",151375,209.585,18769.3425,179,656,5.5,5.569202635476063,82.51377952755905,"4. >65 inches"
"LG","OLED83C36LA","Australia,New Zealand","OLED","0.4","2027-11-27","Available",,"ATV5315",151376,209.585,18769.3425,179,656,5.5,5.569202635476063,82.51377952755905,"4. >65 inches"
"LG","OLED83G3PSA","Australia,New Zealand","OLED","0.4","2027-11-29","Available",,"ATV5348",151377,209.585,18769.3425,181,663,5.5,5.521635940497602,82.51377952755905,"4. >65 inches"
"LG","OLED83G36LA","Australia,New Zealand","OLED","0.4","2027-11-27","Available",,"ATV5314",151378,209.585,18769.3425,181,663,5.5,5.521635940497602,82.51377952755905,"4. >65 inches"
"BAUHN","ATV24HDG-0223","Australia,Fiji,New Zealand","LCD (LED)","0.25","2027-11-29","Available",,"ATV5344",151393,59.774,1526.53,16.17,84,5,5.063138326718788,23.53307086614173,"1. ≤43 inches"
"SONY","KD-75X80L","Australia,New Zealand","LCD (LED)","0.5","2027-12-03","Available","https://www.sony.com.au/","ATV5359",151400,189.306,15312,187.9,692,4,4.453668662656631,74.52992125984252,"4. >65 inches"
"SONY","KD-85X80L","Australia,New Zealand","LCD (LED)","0.5","2027-11-30","Available","https://www.sony.com.au/","ATV5351",151401,214.783,19712.16,238.7,878,4,4.47485412095893,84.56023622047243,"4. >65 inches"
"SAMSUNG","QA65Q60CAW","Australia,Fiji,New Zealand","LCD (LED)","0.5","2027-12-20","Available",,"ATV5383",151433,163.897,11477.9975,107,394,5.5,5.751191081298563,64.52637795275591,"3. 56–65 inches"
"SAMSUNG","QA65Q60CAS","Australia,Fiji,New Zealand","LCD (LED)","0.5","2027-12-20","Available",,"ATV5383",151433,163.897,11477.9975,107,394,5.5,5.751191081298563,64.52637795275591,"3. 56–65 inches"
"SAMSUNG","QA65Q63CAS","Australia,Fiji,New Zealand","LCD (LED)","0.5","2027-12-20","Available",,"ATV5383",151433,163.897,11477.9975,107,394,5.5,5.751191081298563,64.52637795275591,"3. 56–65 inches"
"SAMSUNG","QA65Q6*CA*","Australia,Fiji,New Zealand","LCD (LED)","0.5","2027-12-20","Available",,"ATV5383",151433,163.897,11477.9975,107,394,5.5,5.751191081298563,64.52637795275591,"3. 56–65 inches"
"YOKOHAMA","YOKT55Q8","Australia","LCD","-","2027-12-03","Available",,"ATV5361",151436,139.332,8286.300000000001,75.58,278,5.5,5.952001359469709,54.85511811023622,"2. 44–55 inches"
"YOKOHAMA","YOKT65Q8","Australia","LCD","-","2027-12-01","Available",,"ATV5352",151437,164.003,11482.9,148.05,542,4,4.323802247529118,64.56811023622046,"3. 56–65 inches"
"SAMSUNG","QA50Q60CAS","Australia,Fiji,New Zealand","LCD (LED)","0.5","2027-12-20","Available",,"ATV5384",151440,125.727,6754.5112,76,280,5,5.082413329865411,49.4988188976378,"2. 44–55 inches"
"SAMSUNG","QA50Q63CAS","Australia,Fiji,New Zealand","LCD (LED)","0.5","2027-12-20","Available",,"ATV5384",151440,125.727,6754.5112,76,280,5,5.082413329865411,49.4988188976378,"2. 44–55 inches"
"SAMSUNG","QA50Q6*CA*","Australia,Fiji,New Zealand","LCD (LED)","0.5","2027-12-20","Available",,"ATV5384",151440,125.727,6754.5112,76,280,5,5.082413329865411,49.4988188976378,"2. 44–55 inches"
"LG","50QNED81SRA","Australia,New Zealand","LCD (LED)","0.4","2027-12-03","Available",,"ATV5362",151446,125.727,6754.5112,80,295,4.5,4.8485470457482105,49.4988188976378,"2. 44–55 inches"
"LG","50QNED816RA","Australia,New Zealand","LCD (LED)","0.4","2027-12-01","Available",,"ATV5353",151447,125.727,6754.5112,80,295,4.5,4.8485470457482105,49.4988188976378,"2. 44–55 inches"
"LG","55QNED81SRA","Australia,New Zealand","LCD (LED)","0.4","2027-12-03","Available",,"ATV5363",151448,138.783,8230.118400000001,94,346,4.5,4.9432830834647525,54.63897637795275,"2. 44–55 inches"
"LG","55QNED816RA","Australia,New Zealand","LCD (LED)","0.4","2027-12-01","Available",,"ATV5354",151449,138.783,8230.118400000001,94,346,4.5,4.9432830834647525,54.63897637795275,"2. 44–55 inches"
"LG","65QNED81SRA","Australia,New Zealand","LCD (LED)","0.4","2027-12-03","Available",,"ATV5364",151450,163.897,11477.9975,118,433,5,5.328204093107946,64.52637795275591,"3. 56–65 inches"
"LG","65QNED816RA","Australia,New Zealand","LCD (LED)","0.4","2027-12-01","Available",,"ATV5355",151451,163.897,11477.9975,118,433,5,5.328204093107946,64.52637795275591,"3. 56–65 inches"
"LG","75QNED81SRA","Australia,New Zealand","LCD (LED)","0.4","2027-12-03","Available",,"ATV5365",151452,189.275,15307.5663,134,492,5.5,5.981072460590566,74.51771653543307,"4. >65 inches"
"LG","75QNED816RA","Australia,New Zealand","LCD (LED)","0.4","2027-12-01","Available",,"ATV5356",151453,189.275,15307.5663,134,492,5.5,5.981072460590566,74.51771653543307,"4. >65 inches"
"LG","86QNED81SRA","Australia,New Zealand","LCD (LED)","0.4","2027-12-03","Available",,"ATV5366",151454,217.425,20200.7,198,725,5,5.438925989689485,85.60039370078741,"4. >65 inches"
"LG","86QNED816RA","Australia,New Zealand","LCD (LED)","0.4","2027-12-01","Available",,"ATV5357",151455,217.425,20200.7,198,725,5,5.438925989689485,85.60039370078741,"4. >65 inches"
"SAMSUNG","QA43Q60CAS","Australia,Fiji,New Zealand","LCD (LED)","0.5","2027-12-20","Available",,"ATV5385",151476,107.987,4982.7128,70,259,4,4.2156364107821895,42.514566929133856,"1. ≤43 inches"
"SAMSUNG","QA43Q63CAS","Australia,Fiji,New Zealand","LCD (LED)","0.5","2027-12-20","Available",,"ATV5385",151476,107.987,4982.7128,70,259,4,4.2156364107821895,42.514566929133856,"1. ≤43 inches"
"SAMSUNG","QA43Q6*CA*","Australia,Fiji,New Zealand","LCD (LED)","0.5","2027-12-20","Available",,"ATV5385",151476,107.987,4982.7128,70,259,4,4.2156364107821895,42.514566929133856,"1. ≤43 inches"
"SAMSUNG","QA55Q60CAW","Australia,Fiji,New Zealand","LCD (LED)","0.5","2027-12-20","Available",,"ATV5386",151478,138.783,8230.118400000001,87,321,5,5.279379069595689,54.63897637795275,"2. 44–55 inches"
"SAMSUNG","QA55Q60CAS","Australia,Fiji,New Zealand","LCD (LED)","0.5","2027-12-20","Available",,"ATV5386",151478,138.783,8230.118400000001,87,321,5,5.279379069595689,54.63897637795275,"2. 44–55 inches"
"SAMSUNG","QA55Q63CAS","Australia,Fiji,New Zealand","LCD (LED)","0.5","2027-12-20","Available",,"ATV5386",151478,138.783,8230.118400000001,87,321,5,5.279379069595689,54.63897637795275,"2. 44–55 inches"
"SAMSUNG","QA55Q6*CA*","Australia,Fiji,New Zealand","LCD (LED)","0.5","2027-12-20","Available",,"ATV5386",151478,138.783,8230.118400000001,87,321,5,5.279379069595689,54.63897637795275,"2. 44–55 inches"
"SAMSUNG","QA50QN90CAW","Australia,Fiji,New Zealand","LCD (LED)","0.5","2027-12-20","Available",,"ATV5387",151488,125.727,6754.5112,94,346,4,4.13392447306466,49.4988188976378,"2. 44–55 inches"
"SAMSUNG","QA50QN90CAS","Australia,Fiji,New Zealand","LCD (LED)","0.5","2027-12-20","Available",,"ATV5387",151488,125.727,6754.5112,94,346,4,4.13392447306466,49.4988188976378,"2. 44–55 inches"
"SAMSUNG","QA50QN90CA*","Australia,Fiji,New Zealand","LCD (LED)","0.5","2027-12-20","Available",,"ATV5387",151488,125.727,6754.5112,94,346,4,4.13392447306466,49.4988188976378,"2. 44–55 inches"
"SAMSUNG","QA55QN90CAW","Australia,Fiji,New Zealand","LCD (LED)","0.5","2027-12-20","Available",,"ATV5388",151489,138.783,8230.118400000001,113,416,4,4.1175971780535745,54.63897637795275,"2. 44–55 inches"
"SAMSUNG","QA55QN90CAS","Australia,Fiji,New Zealand","LCD (LED)","0.5","2027-12-20","Available",,"ATV5388",151489,138.783,8230.118400000001,113,416,4,4.1175971780535745,54.63897637795275,"2. 44–55 inches"
"SAMSUNG","QA55QN90CA*","Australia,Fiji,New Zealand","LCD (LED)","0.5","2027-12-20","Available",,"ATV5388",151489,138.783,8230.118400000001,113,416,4,4.1175971780535745,54.63897637795275,"2. 44–55 inches"
"SONY","KD-55X85L","Australia,New Zealand","LCD (LED)","0.5","2027-12-07","Available","https://www.sony.com.au/","ATV5367",151565,138.798,8228,107,396,4,4.337338279294821,54.64488188976378,"2. 44–55 inches"
"SONY","KD-65X85L","Australia,New Zealand","LCD (LED)","0.5","2027-12-11","Available","https://www.sony.com.au/","ATV5368",151566,163.878,11481.120000000003,144.6,533,4,4.398186938129049,64.51889763779526,"3. 56–65 inches"
"PRISM+","Q55U","Australia","LCD (LED)","-","2027-12-13","Available",,"ATV5375",151572,138.731,8226.036000000002,73.254,304,5.5,5.521179398294896,54.61850393700787,"2. 44–55 inches"
"SAMSUNG","QA85Q60CAW","Australia,Fiji,New Zealand","LCD (LED)","0.5","2027-12-20","Available",,"ATV5389",151598,214.783,19712.16,173,635,5.5,5.926931014214825,84.56023622047243,"4. >65 inches"
"SAMSUNG","QA85Q60CAS","Australia,Fiji,New Zealand","LCD (LED)","0.5","2027-12-20","Available",,"ATV5389",151598,214.783,19712.16,173,635,5.5,5.926931014214825,84.56023622047243,"4. >65 inches"
"SAMSUNG","QA85Q6*CA*","Australia,Fiji,New Zealand","LCD (LED)","0.5","2027-12-20","Available",,"ATV5389",151598,214.783,19712.16,173,635,5.5,5.926931014214825,84.56023622047243,"4. >65 inches"
"SAMSUNG","QA65QN90CAW","Australia,Fiji,New Zealand","LCD (LED)","0.5","2027-12-20","Available",,"ATV5390",151602,163.897,11477.9975,155,569,4,4.10413687487484,64.52637795275591,"3. 56–65 inches"
"SAMSUNG","QA65QN90CAS","Australia,Fiji,New Zealand","LCD (LED)","0.5","2027-12-20","Available",,"ATV5390",151602,163.897,11477.9975,155,569,4,4.10413687487484,64.52637795275591,"3. 56–65 inches"
"SAMSUNG","QA65QN90CA*","Australia,Fiji,New Zealand","LCD (LED)","0.5","2027-12-20","Available",,"ATV5390",151602,163.897,11477.9975,155,569,4,4.10413687487484,64.52637795275591,"3. 56–65 inches"
"SAMSUNG","QA75QN90CAW","Australia,Fiji,New Zealand","LCD (LED)","0.5","2027-12-20","Available",,"ATV5391",151603,189.338,15318.8066,186,682,4.5,4.520806128720297,74.54251968503937,"4. >65 inches"
"SAMSUNG","QA75QN90CAS","Australia,Fiji,New Zealand","LCD (LED)","0.5","2027-12-20","Available",,"ATV5391",151603,189.338,15318.8066,186,682,4.5,4.520806128720297,74.54251968503937,"4. >65 inches"
"SAMSUNG","QA75QN90CA*","Australia,Fiji,New Zealand","LCD (LED)","0.5","2027-12-20","Available",,"ATV5391",151603,189.338,15318.8066,186,682,4.5,4.520806128720297,74.54251968503937,"4. >65 inches"
"LG","43UR8050PSB","Australia,New Zealand","LCD (LED)","0.4","2027-12-13","Available",,"ATV5376",151630,107.987,4982.7128,73,269,4,4.045865347808662,42.514566929133856,"1. ≤43 inches"
"LG","43UR80006LJ","Australia,New Zealand","LCD (LED)","0.4","2027-12-13","Available",,"ATV5370",151631,107.987,4982.7128,73,269,4,4.045865347808662,42.514566929133856,"1. ≤43 inches"
"LG","50UR8050PSB","Australia,New Zealand","LCD (LED)","0.4","2027-12-13","Available",,"ATV5377",151632,125.727,6754.5112,78,287,4.5,4.971755359043742,49.4988188976378,"2. 44–55 inches"
"LG","50UR80006LJ","Australia,New Zealand","LCD (LED)","0.4","2027-12-13","Available",,"ATV5371",151633,125.727,6754.5112,78,287,4.5,4.971755359043742,49.4988188976378,"2. 44–55 inches"
"LG","55UR8050PSB","Australia,New Zealand","LCD (LED)","0.4","2027-12-13","Available",,"ATV5378",151634,138.783,8230.118400000001,97,357,4.5,4.803028047916603,54.63897637795275,"2. 44–55 inches"
"LG","55UR80006LJ","Australia,New Zealand","LCD (LED)","0.4","2027-12-13","Available",,"ATV5372",151635,138.783,8230.118400000001,97,357,4.5,4.803028047916603,54.63897637795275,"2. 44–55 inches"
"LG","65UR8050PSB","Australia,New Zealand","LCD (LED)","0.4","2027-12-13","Available",,"ATV5379",151636,163.897,11477.9975,127,466,4.5,4.99905316900289,64.52637795275591,"3. 56–65 inches"
"LG","65UR80006LJ","Australia,New Zealand","LCD (LED)","0.4","2027-12-13","Available",,"ATV5373",151637,163.897,11477.9975,127,466,4.5,4.99905316900289,64.52637795275591,"3. 56–65 inches"
"LG","75UR8050PSB","Australia,New Zealand","LCD (LED)","0.4","2027-12-13","Available",,"ATV5380",151638,189.275,15307.5663,165,605,5,5.054540009525431,74.51771653543307,"4. >65 inches"
"LG","86UR8050PSB","Australia,New Zealand","LCD (LED)","0.4","2027-12-13","Available",,"ATV5374",151639,217.425,20200.7,250,915,4,4.395864655180622,85.60039370078741,"4. >65 inches"
"BAUHN","ATV24HDG-0223","Australia,Fiji,New Zealand","LCD (LED)","0.25","2027-12-12","Available",,"ATV5369",151665,59.774,1526.53,16.17,61,6,6.496937030672768,23.53307086614173,"1. ≤43 inches"
"SAMSUNG","QA43QN90CAW","Australia,Fiji,New Zealand","LCD (LED)","0.5","2027-12-21","Available",,"ATV5397",151691,107.987,4982.7128,70,259,4,4.2156364107821895,42.514566929133856,"1. ≤43 inches"
"SAMSUNG","QA43QN90CAS","Australia,Fiji,New Zealand","LCD (LED)","0.5","2027-12-21","Available",,"ATV5397",151691,107.987,4982.7128,70,259,4,4.2156364107821895,42.514566929133856,"1. ≤43 inches"
"SAMSUNG","QA43QN90CA*","Australia,Fiji,New Zealand","LCD (LED)","0.5","2027-12-21","Available",,"ATV5397",151691,107.987,4982.7128,70,259,4,4.2156364107821895,42.514566929133856,"1. ≤43 inches"
"SONY","XR-75X90L","Australia,New Zealand","LCD (LED)","0.5","2027-12-13","Available","https://www.sony.com.au/","ATV5381",151692,189.306,15312,159.3,589,5,5.175893306913336,74.52992125984252,"4. >65 inches"
"PRISM+","Q65U","Australia","LCD (LED)","-","2027-12-13","Available",,"ATV5382",151696,163.897,11477.9975,110.448,465,5,5.0086802835918505,64.52637795275591,"3. 56–65 inches"
"SAMSUNG","QA65QN85CAW","Australia,Fiji,New Zealand","LCD (LED)","0.5","2027-12-21","Available",,"ATV5398",151711,163.897,11477.9975,137,503,4.5,4.656652344403179,64.52637795275591,"3. 56–65 inches"
"SAMSUNG","QA65QN85CAS","Australia,Fiji,New Zealand","LCD (LED)","0.5","2027-12-21","Available",,"ATV5398",151711,163.897,11477.9975,137,503,4.5,4.656652344403179,64.52637795275591,"3. 56–65 inches"
"SAMSUNG","QA65QN85CA*","Australia,Fiji,New Zealand","LCD (LED)","0.5","2027-12-21","Available",,"ATV5398",151711,163.897,11477.9975,137,503,4.5,4.656652344403179,64.52637795275591,"3. 56–65 inches"
"SAMSUNG","QA75QN85CAW","Australia,Fiji,New Zealand","LCD (LED)","0.5","2027-12-22","Available",,"ATV5402",151648,189.338,15318.8066,153,562,5,5.388085540605535,74.54251968503937,"4. >65 inches"
"SAMSUNG","QA75QN85CAS","Australia,Fiji,New Zealand","LCD (LED)","0.5","2027-12-22","Available",,"ATV5402",151648,189.338,15318.8066,153,562,5,5.388085540605535,74.54251968503937,"4. >65 inches"
"SAMSUNG","QA75QN85CA*","Australia,Fiji,New Zealand","LCD (LED)","0.5","2027-12-22","Available",,"ATV5402",151648,189.338,15318.8066,153,562,5,5.388085540605535,74.54251968503937,"4. >65 inches"
"SAMSUNG","UA43CU8000W","Australia,Fiji,New Zealand","LCD (LED)","0.5","2027-12-22","Available",,"ATV5403",151712,107.987,4982.7128,70,259,4,4.2156364107821895,42.514566929133856,"1. ≤43 inches"
"SAMSUNG","UA43CU8000S","Australia,Fiji,New Zealand","LCD (LED)","0.5","2027-12-22","Available",,"ATV5403",151712,107.987,4982.7128,70,259,4,4.2156364107821895,42.514566929133856,"1. ≤43 inches"
"SAMSUNG","UA43CU8500S","Australia,Fiji,New Zealand","LCD (LED)","0.5","2027-12-22","Available",,"ATV5403",151712,107.987,4982.7128,70,259,4,4.2156364107821895,42.514566929133856,"1. ≤43 inches"
"SAMSUNG","UA43CU8*00*","Australia,Fiji,New Zealand","LCD (LED)","0.5","2027-12-22","Available",,"ATV5403",151712,107.987,4982.7128,70,259,4,4.2156364107821895,42.514566929133856,"1. ≤43 inches"
"SAMSUNG","UA50CU8000W","Australia,Fiji,New Zealand","LCD (LED)","0.5","2027-12-21","Available",,"ATV5399",151713,125.736,6755.127600000001,89,328,4,4.373715618999169,49.50236220472441,"2. 44–55 inches"
"SAMSUNG","UA50CU8000S","Australia,Fiji,New Zealand","LCD (LED)","0.5","2027-12-21","Available",,"ATV5399",151713,125.736,6755.127600000001,89,328,4,4.373715618999169,49.50236220472441,"2. 44–55 inches"
"SAMSUNG","UA50CU8500S","Australia,Fiji,New Zealand","LCD (LED)","0.5","2027-12-21","Available",,"ATV5399",151713,125.736,6755.127600000001,89,328,4,4.373715618999169,49.50236220472441,"2. 44–55 inches"
"SAMSUNG","UA50CU8*00*","Australia,Fiji,New Zealand","LCD (LED)","0.5","2027-12-21","Available",,"ATV5399",151713,125.736,6755.127600000001,89,328,4,4.373715618999169,49.50236220472441,"2. 44–55 inches"
"SAMSUNG","UA55CU8000W","Australia,Fiji,New Zealand","LCD (LED)","0.5","2027-12-22","Available",,"ATV5404",151714,138.783,8230.118400000001,98,361,4.5,4.753095273755667,54.63897637795275,"2. 44–55 inches"
"SAMSUNG","UA55CU8000S","Australia,Fiji,New Zealand","LCD (LED)","0.5","2027-12-22","Available",,"ATV5404",151714,138.783,8230.118400000001,98,361,4.5,4.753095273755667,54.63897637795275,"2. 44–55 inches"
"SAMSUNG","UA55CU8500S","Australia,Fiji,New Zealand","LCD (LED)","0.5","2027-12-22","Available",,"ATV5404",151714,138.783,8230.118400000001,98,361,4.5,4.753095273755667,54.63897637795275,"2. 44–55 inches"
"SAMSUNG","UA55CU8*00*","Australia,Fiji,New Zealand","LCD (LED)","0.5","2027-12-22","Available",,"ATV5404",151714,138.783,8230.118400000001,98,361,4.5,4.753095273755667,54.63897637795275,"2. 44–55 inches"
"SAMSUNG","UA65CU8000W","Australia,Fiji,New Zealand","LCD (LED)","0.5","2027-12-22","Available",,"ATV5405",151716,163.897,11477.9975,123,452,5,5.135751962733489,64.52637795275591,"3. 56–65 inches"
"SAMSUNG","UA65CU8000S","Australia,Fiji,New Zealand","LCD (LED)","0.5","2027-12-22","Available",,"ATV5405",151716,163.897,11477.9975,123,452,5,5.135751962733489,64.52637795275591,"3. 56–65 inches"
"SAMSUNG","UA65CU8500S","Australia,Fiji,New Zealand","LCD (LED)","0.5","2027-12-22","Available",,"ATV5405",151716,163.897,11477.9975,123,452,5,5.135751962733489,64.52637795275591,"3. 56–65 inches"
"SAMSUNG","UA65CU8*00*","Australia,Fiji,New Zealand","LCD (LED)","0.5","2027-12-22","Available",,"ATV5405",151716,163.897,11477.9975,123,452,5,5.135751962733489,64.52637795275591,"3. 56–65 inches"
"EKO","K42FSW2","Australia,Fiji","LCD","0.67","2028-01-10","Available","https://www.ayonz.com/","ATV5446",151749,105.415,4682.676096,70.2,260,3.5,3.955295133705826,41.50196850393701,"1. ≤43 inches"
"SAMSUNG","QA75Q70CAW","Australia,Fiji,New Zealand","LCD (LED)","0.5","2027-12-21","Available",,"ATV5400",151761,189.338,15318.8066,158,580,5,5.246803153276395,74.54251968503937,"4. >65 inches"
"SAMSUNG","QA75Q70CAS","Australia,Fiji,New Zealand","LCD (LED)","0.5","2027-12-21","Available",,"ATV5400",151761,189.338,15318.8066,158,580,5,5.246803153276395,74.54251968503937,"4. >65 inches"
"SAMSUNG","QA75Q70CA*","Australia,Fiji,New Zealand","LCD (LED)","0.5","2027-12-21","Available",,"ATV5400",151761,189.338,15318.8066,158,580,5,5.246803153276395,74.54251968503937,"4. >65 inches"
"SAMSUNG","QA85QN90CAW","Australia,Fiji,New Zealand","LCD (LED)","0.5","2027-12-21","Available",,"ATV5401",151766,214.783,19712.16,245,897,4,4.378910194739287,84.56023622047243,"4. >65 inches"
"SAMSUNG","QA85QN90CAS","Australia,Fiji,New Zealand","LCD (LED)","0.5","2027-12-21","Available",,"ATV5401",151766,214.783,19712.16,245,897,4,4.378910194739287,84.56023622047243,"4. >65 inches"
"SAMSUNG","QA85QN90CA*","Australia,Fiji,New Zealand","LCD (LED)","0.5","2027-12-21","Available",,"ATV5401",151766,214.783,19712.16,245,897,4,4.378910194739287,84.56023622047243,"4. >65 inches"
"EKO","K32HSW","Australia,Fiji,New Zealand","LCD (LED)","-","2028-01-09","Available","https://www.ayonz.com/","ATV5444",151793,80.039,2736.7112736,33.27,140,4.5,4.7189395057649035,31.511417322834646,"1. ≤43 inches"
"SAMSUNG","QA55Q80CAW","Australia,Fiji,New Zealand","LCD (LED)","0.5","2028-01-03","Available",,"ATV5412",151839,138.783,8230.118400000001,112,412,4,4.160896259989094,54.63897637795275,"2. 44–55 inches"
"SAMSUNG","QA55Q80CAS","Australia,Fiji,New Zealand","LCD (LED)","0.5","2028-01-03","Available",,"ATV5412",151839,138.783,8230.118400000001,112,412,4,4.160896259989094,54.63897637795275,"2. 44–55 inches"
"SAMSUNG","QA55Q80CA*","Australia,Fiji,New Zealand","LCD (LED)","0.5","2028-01-03","Available",,"ATV5412",151839,138.783,8230.118400000001,112,412,4,4.160896259989094,54.63897637795275,"2. 44–55 inches"
"SAMSUNG","QA32LS03CBW","Australia,Fiji,New Zealand","LCD (LED)","0.5","2028-01-03","Available",,"ATV5413",151840,80.008,2735.5079,43,160,4,4.118959927231679,31.499212598425196,"1. ≤43 inches"
"SAMSUNG","QA85QN85CAW","Australia,New Zealand","LCD (LED)","0.5","2028-01-03","Available",,"ATV5415",151842,214.783,19712.16,206,755,5,5.15122968053568,84.56023622047243,"4. >65 inches"
"SAMSUNG","QA85QN85CAS","Australia,New Zealand","LCD (LED)","0.5","2028-01-03","Available",,"ATV5415",151842,214.783,19712.16,206,755,5,5.15122968053568,84.56023622047243,"4. >65 inches"
"SAMSUNG","QA85QN85CA*","Australia,New Zealand","LCD (LED)","0.5","2028-01-03","Available",,"ATV5415",151842,214.783,19712.16,206,755,5,5.15122968053568,84.56023622047243,"4. >65 inches"
"SAMSUNG","QA65QN800CW","Australia,Fiji,New Zealand","LCD (LED)","0.5","2028-01-03","Available",,"ATV5416",151845,163.897,11477.9975,263,963,1.5,1.746134707333428,64.52637795275591,"3. 56–65 inches"
"SAMSUNG","QA65QN800CS","Australia,Fiji,New Zealand","LCD (LED)","0.5","2028-01-03","Available",,"ATV5416",151845,163.897,11477.9975,263,963,1.5,1.746134707333428,64.52637795275591,"3. 56–65 inches"
"SAMSUNG","QA65QN800C*","Australia,Fiji,New Zealand","LCD (LED)","0.5","2028-01-03","Available",,"ATV5416",151845,163.897,11477.9975,263,963,1.5,1.746134707333428,64.52637795275591,"3. 56–65 inches"
"SAMSUNG","QA75QN800CW","Australia,Fiji,New Zealand","LCD (LED)","0.5","2028-01-03","Available",,"ATV5417",151846,189.338,15318.8066,292,1069,2.5,2.506635203616076,74.54251968503937,"4. >65 inches"
"SAMSUNG","QA75QN800CS","Australia,Fiji,New Zealand","LCD (LED)","0.5","2028-01-03","Available",,"ATV5417",151846,189.338,15318.8066,292,1069,2.5,2.506635203616076,74.54251968503937,"4. >65 inches"
"SAMSUNG","QA75QN800C*","Australia,Fiji,New Zealand","LCD (LED)","0.5","2028-01-03","Available",,"ATV5417",151846,189.338,15318.8066,292,1069,2.5,2.506635203616076,74.54251968503937,"4. >65 inches"
"SAMSUNG","UA75CU8000W","Australia,Fiji,New Zealand","LCD (LED)","0.5","2028-01-03","Available",,"ATV5418",151847,189.338,15318.8066,165,605,5,5.057685635688115,74.54251968503937,"4. >65 inches"
"SAMSUNG","UA75CU8000S","Australia,Fiji,New Zealand","LCD (LED)","0.5","2028-01-03","Available",,"ATV5418",151847,189.338,15318.8066,165,605,5,5.057685635688115,74.54251968503937,"4. >65 inches"
"SAMSUNG","UA75CU8000*","Australia,Fiji,New Zealand","LCD (LED)","0.5","2028-01-03","Available",,"ATV5418",151847,189.338,15318.8066,165,605,5,5.057685635688115,74.54251968503937,"4. >65 inches"
"SAMSUNG","QA85Q70CAW","Australia,Fiji,New Zealand","LCD (LED)","0.5","2028-01-03","Available",,"ATV5419",151848,214.783,19712.16,216,791,4.5,4.94248415217829,84.56023622047243,"4. >65 inches"
"SAMSUNG","QA85Q70CAS","Australia,Fiji,New Zealand","LCD (LED)","0.5","2028-01-03","Available",,"ATV5419",151848,214.783,19712.16,216,791,4.5,4.94248415217829,84.56023622047243,"4. >65 inches"
"SAMSUNG","QA85Q70CA*","Australia,Fiji,New Zealand","LCD (LED)","0.5","2028-01-03","Available",,"ATV5419",151848,214.783,19712.16,216,791,4.5,4.94248415217829,84.56023622047243,"4. >65 inches"
"SAMSUNG","QA65Q80CAW","Australia,Fiji,New Zealand","LCD (LED)","0.5","2028-01-03","Available",,"ATV5420",151853,163.897,11477.9975,153,562,4,4.159610511283939,64.52637795275591,"3. 56–65 inches"
"SAMSUNG","QA65Q80CAS","Australia,Fiji,New Zealand","LCD (LED)","0.5","2028-01-03","Available",,"ATV5420",151853,163.897,11477.9975,153,562,4,4.159610511283939,64.52637795275591,"3. 56–65 inches"
"SAMSUNG","QA65Q80CA*","Australia,Fiji,New Zealand","LCD (LED)","0.5","2028-01-03","Available",,"ATV5420",151853,163.897,11477.9975,153,562,4,4.159610511283939,64.52637795275591,"3. 56–65 inches"
"SAMSUNG","QA75Q80CAW","Australia,Fiji,New Zealand","LCD (LED)","0.5","2028-01-03","Available",,"ATV5421",151854,189.338,15318.8066,203,744,4,4.130871593408056,74.54251968503937,"4. >65 inches"
"SAMSUNG","QA75Q80CAS","Australia,Fiji,New Zealand","LCD (LED)","0.5","2028-01-03","Available",,"ATV5421",151854,189.338,15318.8066,203,744,4,4.130871593408056,74.54251968503937,"4. >65 inches"
"SAMSUNG","QA75Q80CA*","Australia,Fiji,New Zealand","LCD (LED)","0.5","2028-01-03","Available",,"ATV5421",151854,189.338,15318.8066,203,744,4,4.130871593408056,74.54251968503937,"4. >65 inches"
"SAMSUNG","QA85Q80CAW","Australia,Fiji,New Zealand","LCD (LED)","0.5","2028-01-03","Available",,"ATV5422",151855,214.783,19712.16,259,948,4,4.1310937560811105,84.56023622047243,"4. >65 inches"
"SAMSUNG","QA85Q80CAS","Australia,Fiji,New Zealand","LCD (LED)","0.5","2028-01-03","Available",,"ATV5422",151855,214.783,19712.16,259,948,4,4.1310937560811105,84.56023622047243,"4. >65 inches"
"SAMSUNG","QA85Q80CA*","Australia,Fiji,New Zealand","LCD (LED)","0.5","2028-01-03","Available",,"ATV5422",151855,214.783,19712.16,259,948,4,4.1310937560811105,84.56023622047243,"4. >65 inches"
"SAMSUNG","QA55Q70CAW","Australia,Fiji,New Zealand","LCD (LED)","0.5","2028-01-03","Available",,"ATV5423",151856,138.783,8230.118400000001,114,419,4,4.08539521829021,54.63897637795275,"2. 44–55 inches"
"SAMSUNG","QA55Q70CAS","Australia,Fiji,New Zealand","LCD (LED)","0.5","2028-01-03","Available",,"ATV5423",151856,138.783,8230.118400000001,114,419,4,4.08539521829021,54.63897637795275,"2. 44–55 inches"
"SAMSUNG","QA55Q70CA*","Australia,Fiji,New Zealand","LCD (LED)","0.5","2028-01-03","Available",,"ATV5423",151856,138.783,8230.118400000001,114,419,4,4.08539521829021,54.63897637795275,"2. 44–55 inches"
"SAMSUNG","QA65Q70CAW","Australia,Fiji,New Zealand","LCD (LED)","0.5","2028-01-03","Available",,"ATV5424",151857,163.897,11477.9975,145,532,4,4.405453871887269,64.52637795275591,"3. 56–65 inches"
"SAMSUNG","QA65Q70CAS","Australia,Fiji,New Zealand","LCD (LED)","0.5","2028-01-03","Available",,"ATV5424",151857,163.897,11477.9975,145,532,4,4.405453871887269,64.52637795275591,"3. 56–65 inches"
"SAMSUNG","QA65Q70CA*","Australia,Fiji,New Zealand","LCD (LED)","0.5","2028-01-03","Available",,"ATV5424",151857,163.897,11477.9975,145,532,4,4.405453871887269,64.52637795275591,"3. 56–65 inches"
"SAMSUNG","QA75QN900CW","Australia,Fiji,New Zealand","LCD (LED)","0.5","2028-01-03","Available",,"ATV5425",151861,189.338,15318.8066,340,1244,1.5,1.8272144389057443,74.54251968503937,"4. >65 inches"
"SAMSUNG","QA75QN900CS","Australia,Fiji,New Zealand","LCD (LED)","0.5","2028-01-03","Available",,"ATV5425",151861,189.338,15318.8066,340,1244,1.5,1.8272144389057443,74.54251968503937,"4. >65 inches"
"SAMSUNG","QA75QN900C*","Australia,Fiji,New Zealand","LCD (LED)","0.5","2028-01-03","Available",,"ATV5425",151861,189.338,15318.8066,340,1244,1.5,1.8272144389057443,74.54251968503937,"4. >65 inches"
"SAMSUNG","QA65QN700CS","Australia,Fiji,New Zealand","LCD (LED)","0.5","2028-01-03","Available",,"ATV5426",151862,163.897,11477.9975,190,697,3,3.194834430599937,64.52637795275591,"3. 56–65 inches"
"SAMSUNG","QA85QN900CW","Australia,Fiji,New Zealand","LCD (LED)","0.5","2028-01-03","Available",,"ATV5427",151864,214.783,19712.16,373,1365,2,2.497368724741504,84.56023622047243,"4. >65 inches"
"SAMSUNG","QA85QN900CS","Australia,Fiji,New Zealand","LCD (LED)","0.5","2028-01-03","Available",,"ATV5427",151864,214.783,19712.16,373,1365,2,2.497368724741504,84.56023622047243,"4. >65 inches"
"SAMSUNG","QA85QN900C*","Australia,Fiji,New Zealand","LCD (LED)","0.5","2028-01-03","Available",,"ATV5427",151864,214.783,19712.16,373,1365,2,2.497368724741504,84.56023622047243,"4. >65 inches"
"LG","43UR78006LL","Australia,New Zealand","LCD (LED)","0.4","2028-01-11","Available",,"ATV5449",151881,107.987,4982.7128,73,269,4,4.045865347808662,42.514566929133856,"1. ≤43 inches"
"LG","50UR78006LL","Australia,New Zealand","LCD (LED)","0.4","2028-01-11","Available",,"ATV5447",151882,125.727,6754.5112,78,287,4.5,4.971755359043742,49.4988188976378,"2. 44–55 inches"
"LG","55UR78006LL","Australia,New Zealand","LCD (LED)","0.4","2028-01-11","Available",,"ATV5450",151883,138.783,8230.118400000001,97,357,4.5,4.803028047916603,54.63897637795275,"2. 44–55 inches"
"LG","65UR78006LL","Australia,New Zealand","LCD (LED)","0.4","2028-01-11","Available",,"ATV5448",151884,163.897,11477.9975,127,466,4.5,4.99905316900289,64.52637795275591,"3. 56–65 inches"
"SAMSUNG","QA65QN95CAW","Australia,Fiji,New Zealand","LCD (LED)","0.5","2028-01-03","Available",,"ATV5428",151886,163.897,11477.9975,155,569,4,4.10413687487484,64.52637795275591,"3. 56–65 inches"
"SAMSUNG","QA65QN95CAS","Australia,Fiji,New Zealand","LCD (LED)","0.5","2028-01-03","Available",,"ATV5428",151886,163.897,11477.9975,155,569,4,4.10413687487484,64.52637795275591,"3. 56–65 inches"
"SAMSUNG","QA65QN95CA*","Australia,Fiji,New Zealand","LCD (LED)","0.5","2028-01-03","Available",,"ATV5428",151886,163.897,11477.9975,155,569,4,4.10413687487484,64.52637795275591,"3. 56–65 inches"
"SAMSUNG","QA50Q80CAS","Australia,Fiji,New Zealand","LCD (LED)","0.5","2028-01-03","Available",,"ATV5429",151887,125.736,6755.127600000001,93,343,4,4.173320678081382,49.50236220472441,"2. 44–55 inches"
"SAMSUNG","QA75QN700CS","Australia,Fiji,New Zealand","LCD (LED)","0.5","2028-01-03","Available",,"ATV5430",151888,189.338,15318.8066,214,784,3.5,3.8961886495860476,74.54251968503937,"4. >65 inches"
"SAMSUNG","QA85QN800CW","Australia,Fiji,New Zealand","LCD (LED)","0.5","2028-01-03","Available",,"ATV5431",151889,214.783,19712.16,303,1109,3,3.4281405039189154,84.56023622047243,"4. >65 inches"
"SAMSUNG","QA85QN800CS","Australia,Fiji,New Zealand","LCD (LED)","0.5","2028-01-03","Available",,"ATV5431",151889,214.783,19712.16,303,1109,3,3.4281405039189154,84.56023622047243,"4. >65 inches"
"SAMSUNG","QA85QN800C*","Australia,Fiji,New Zealand","LCD (LED)","0.5","2028-01-03","Available",,"ATV5431",151889,214.783,19712.16,303,1109,3,3.4281405039189154,84.56023622047243,"4. >65 inches"
"SAMSUNG","QA65QN900CW","Australia,Fiji,New Zealand","LCD (LED)","0.5","2028-01-03","Available",,"ATV5432",151890,163.897,11477.9975,280,1025,1,1.4665188304375503,64.52637795275591,"3. 56–65 inches"
"SAMSUNG","QA65QN900CS","Australia,Fiji,New Zealand","LCD (LED)","0.5","2028-01-03","Available",,"ATV5432",151890,163.897,11477.9975,280,1025,1,1.4665188304375503,64.52637795275591,"3. 56–65 inches"
"SAMSUNG","QA65QN900C*","Australia,Fiji,New Zealand","LCD (LED)","0.5","2028-01-03","Available",,"ATV5432",151890,163.897,11477.9975,280,1025,1,1.4665188304375503,64.52637795275591,"3. 56–65 inches"
"POLAROID","PL6521UHDG","Australia,Fiji,New Zealand","LCD","0.354","2028-01-04","Available",,"ATV5438",151892,163.132,11402.6,94.65,358,6,6.152760171397917,64.2251968503937,"3. 56–65 inches"
"SAMSUNG","QA75QN95CAW","Australia,Fiji,New Zealand","LCD (LED)","0.5","2028-01-04","Available",,"ATV5433",151905,189.338,15318.8066,194,711,4,4.334187372701929,74.54251968503937,"4. >65 inches"
"SAMSUNG","QA75QN95CAS","Australia,Fiji,New Zealand","LCD (LED)","0.5","2028-01-04","Available",,"ATV5433",151905,189.338,15318.8066,194,711,4,4.334187372701929,74.54251968503937,"4. >65 inches"
"SAMSUNG","QA75QN95CA*","Australia,Fiji,New Zealand","LCD (LED)","0.5","2028-01-04","Available",,"ATV5433",151905,189.338,15318.8066,194,711,4,4.334187372701929,74.54251968503937,"4. >65 inches"
"SAMSUNG","QA85QN95CAW","Australia,Fiji,New Zealand","LCD (LED)","0.5","2028-01-04","Available",,"ATV5439",151906,214.783,19712.16,247,905,4,4.339119299645809,84.56023622047243,"4. >65 inches"
"SAMSUNG","QA85QN95CAS","Australia,Fiji,New Zealand","LCD (LED)","0.5","2028-01-04","Available",,"ATV5439",151906,214.783,19712.16,247,905,4,4.339119299645809,84.56023622047243,"4. >65 inches"
"SAMSUNG","QA85QN95CA*","Australia,Fiji,New Zealand","LCD (LED)","0.5","2028-01-04","Available",,"ATV5439",151906,214.783,19712.16,247,905,4,4.339119299645809,84.56023622047243,"4. >65 inches"
"SAMSUNG","QA75Q60CAW","Australia,Fiji,New Zealand","LCD (LED)","0.5","2028-01-04","Available",,"ATV5434",151907,189.338,15318.8066,183,671,4.5,4.593676354079774,74.54251968503937,"4. >65 inches"
"SAMSUNG","QA75Q60CAS","Australia,Fiji,New Zealand","LCD (LED)","0.5","2028-01-04","Available",,"ATV5434",151907,189.338,15318.8066,183,671,4.5,4.593676354079774,74.54251968503937,"4. >65 inches"
"SAMSUNG","QA75Q63CAS","Australia,Fiji,New Zealand","LCD (LED)","0.5","2028-01-04","Available",,"ATV5434",151907,189.338,15318.8066,183,671,4.5,4.593676354079774,74.54251968503937,"4. >65 inches"
"SAMSUNG","QA75Q6*CA*","Australia,Fiji,New Zealand","LCD (LED)","0.5","2028-01-04","Available",,"ATV5434",151907,189.338,15318.8066,183,671,4.5,4.593676354079774,74.54251968503937,"4. >65 inches"
"SAMSUNG","QA55QN700CS","Australia,Fiji,New Zealand","LCD (LED)","0.5","2028-01-04","Available",,"ATV5440",151908,138.783,8230.118400000001,168,616,2,2.3583632635610687,54.63897637795275,"2. 44–55 inches"
"SAMSUNG","UA75CU8500S","Australia,Fiji,New Zealand","LCD (LED)","0.5","2028-01-03","Available",,"ATV5418",151847,189.338,15318.8066,165,605,5,5.057685635688115,74.54251968503937,"4. >65 inches"
"AKAI","AK5522S7TZN","Australia,Fiji,New Zealand","LCD","0.43","2028-01-05","Available",,"ATV5441",151949,138.783,8230.118400000001,68.5,272,6,6.02167727117258,54.63897637795275,"2. 44–55 inches"
"SONY","KD-75X77L","Australia,New Zealand","LCD (LED)","0.5","2028-01-08","Available","https://www.sony.com.au/","ATV5442",151962,189.306,15312,214.5,789,3.5,3.865794334872501,74.52992125984252,"4. >65 inches"
"SONY","XR-83A80L","Australia,New Zealand","OLED","0.5","2028-01-08","Available","https://www.sony.com.au/","ATV5443",151974,209.636,18781.559999999998,207,765,4.5,4.883152215937381,82.53385826771654,"4. >65 inches"
"POLAROID","PL40S4G11","Australia,Fiji,New Zealand","LCD","0.4","2028-01-16","Available",,"ATV5456",151973,100.305,4258.3,40,149,6,6.082256469696936,39.49015748031496,"1. ≤43 inches"
"LINSAR","LS32C12V","Australia,Fiji,New Zealand","LCD","0.44","2028-01-22","Available",,"ATV5475",152005,80.043,2737.0770999999995,27.1,102,6,6.138546025859608,31.512992125984255,"1. ≤43 inches"
"KOGAN","KALED98X98JSTA","Australia,Fiji,New Zealand","LCD (LED)","0.45","2028-01-16","Available",,"ATV5454",152068,247.604,26198.120000000003,337,1233,4,4.189669496698741,97.48188976377953,"4. >65 inches"
"EKO","K650USG","Australia","LCD","0.354956","2028-01-16","Available",,"ATV5453",152060,163.896,11478.122496000002,143.934,554,4,4.223907358866596,64.5259842519685,"3. 56–65 inches"
"EKO","K550USG","Australia","LCD","0.361108","2028-01-12","Available",,"ATV5451",152075,138.783,8230.118400000001,91.788,354,4.5,4.840846163637017,54.63897637795275,"2. 44–55 inches"
"EKO","K500USG","Australia","LCD","0.361108","2028-01-12","Available",,"ATV5452",152081,125.731,6754.867344,86.21,333,4,4.305760303793525,49.5003937007874,"2. 44–55 inches"
"KOGAN","KALED32RH9320STA","Australia,Fiji,New Zealand","LCD (LED)","0.35","2028-01-16","Available",,"ATV5455",152082,79.967,2732.2400000000002,28,104,6,6.04521473860549,31.48307086614173,"1. ≤43 inches"
"LG","65QNED86SRA","Australia,New Zealand","LCD (LED)","0.4","2028-01-17","Available",,"ATV5461",152104,163.897,11477.9975,125,459,5,5.066881362898524,64.52637795275591,"3. 56–65 inches"
"LG","65QNED866RA","Australia,New Zealand","LCD (LED)","0.4","2028-01-17","Available",,"ATV5458",152105,163.897,11477.9975,125,459,5,5.066881362898524,64.52637795275591,"3. 56–65 inches"
"LG","75QNED86SRA","Australia,New Zealand","LCD (LED)","0.4","2028-01-17","Available",,"ATV5462",152106,189.275,15307.5663,150,550,5,5.481664966724477,74.51771653543307,"4. >65 inches"
"LG","75QNED866RA","Australia,New Zealand","LCD (LED)","0.4","2028-01-17","Available",,"ATV5459",152107,189.275,15307.5663,150,550,5,5.481664966724477,74.51771653543307,"4. >65 inches"
"LG","86QNED86SRA","Australia,New Zealand","LCD (LED)","0.4","2028-01-17","Available",,"ATV5463",152108,217.425,20200.7,206,754,5,5.263161496732867,85.60039370078741,"4. >65 inches"
"LG","86QNED866RA","Australia,New Zealand","LCD (LED)","0.4","2028-01-17","Available",,"ATV5460",152109,217.425,20200.7,206,754,5,5.263161496732867,85.60039370078741,"4. >65 inches"
"BLAUPUNKT","BP650USG9800","Australia","LCD","0.354956","2028-01-16","Available",,"ATV5457",152138,163.896,11478.122496000002,143.934,554,4,4.223907358866596,64.5259842519685,"3. 56–65 inches"
"SONY","KD-55X77L","Australia,New Zealand","LCD (LED)","0.5","2028-01-17","Available","https://www.sony.com.au/","ATV5464",152157,138.798,8228,129.1,477,3.5,3.503335779389237,54.64488188976378,"2. 44–55 inches"
"SONY","KD-65X77L","Australia,New Zealand","LCD (LED)","0.5","2028-01-17","Available","https://www.sony.com.au/","ATV5465",152158,163.878,11481.120000000003,143.6,530,4,4.42348194480271,64.51889763779526,"3. 56–65 inches"
"SONY","KD-75X85L","Australia,New Zealand","LCD (LED)","0.5","2028-01-17","Available","https://www.sony.com.au/","ATV5466",152167,189.306,15312,181.1,667,4.5,4.618566592645355,74.52992125984252,"4. >65 inches"
"LG","43UR81006LJ","Australia,New Zealand","LCD (LED)","0.4","2028-01-19","Available",,"ATV5467",152176,107.987,4982.7128,73,269,4,4.045865347808662,42.514566929133856,"1. ≤43 inches"
"LG","50UR81006LJ","Australia,New Zealand","LCD (LED)","0.4","2028-01-19","Available",,"ATV5468",152177,125.727,6754.5112,78,287,4.5,4.971755359043742,49.4988188976378,"2. 44–55 inches"
"LG","55UR81006LJ","Australia,New Zealand","LCD (LED)","0.4","2028-01-19","Available",,"ATV5469",152178,138.783,8230.118400000001,97,357,4.5,4.803028047916603,54.63897637795275,"2. 44–55 inches"
"LG","65UR81006LJ","Australia,New Zealand","LCD (LED)","0.4","2028-01-19","Available",,"ATV5470",152179,163.897,11477.9975,127,466,4.5,4.99905316900289,64.52637795275591,"3. 56–65 inches"
"LG","75UR80006LJ","Australia,New Zealand","LCD (LED)","0.4","2028-01-19","Available",,"ATV5471",152180,189.275,15307.5663,165,605,5,5.054540009525431,74.51771653543307,"4. >65 inches"
"LG","75UR81006LJ","Australia,New Zealand","LCD (LED)","0.4","2028-01-19","Available",,"ATV5472",152181,189.275,15307.5663,165,605,5,5.054540009525431,74.51771653543307,"4. >65 inches"
"LG","86UR80006LA","Australia,New Zealand","LCD (LED)","0.4","2028-01-19","Available",,"ATV5473",152182,217.425,20200.7,250,915,4,4.395864655180622,85.60039370078741,"4. >65 inches"
"LG","86UR81006LA","Australia,New Zealand","LCD (LED)","0.4","2028-01-19","Available",,"ATV5474",152183,217.425,20200.7,250,915,4,4.395864655180622,85.60039370078741,"4. >65 inches"
"SONY","XR-85X95L","Australia,New Zealand","LCD (LED)","0.5","2028-01-26","Available","https://www.sony.com.au/","ATV5478",152240,214.783,19712.16,280.7,1034,3.5,3.7419471627696193,84.56023622047243,"4. >65 inches"
"SONY","XR-65X95L","Australia,New Zealand","LCD (LED)","0.5","2028-01-26","Available","https://www.sony.com.au/","ATV5476",152243,163.878,11481.120000000003,214.8,793,2.5,2.6177106701433326,64.51889763779526,"3. 56–65 inches"
"SONY","XR-75X95L","Australia,New Zealand","LCD (LED)","0.5","2028-01-26","Available","https://www.sony.com.au/","ATV5477",152244,189.306,15312,242.5,894,3,3.3058881507510876,74.52992125984252,"4. >65 inches"
"SAMSUNG","QA55S90CAW","Australia,Fiji,New Zealand","LCD (LED)","0.5","2028-02-02","Available",,"ATV5483",152283,138.783,8230.118400000001,113,416,4,4.1175971780535745,54.63897637795275,"2. 44–55 inches"
"SAMSUNG","QA55S90CAS","Australia,Fiji,New Zealand","LCD (LED)","0.5","2028-02-02","Available",,"ATV5483",152283,138.783,8230.118400000001,113,416,4,4.1175971780535745,54.63897637795275,"2. 44–55 inches"
"SONY","KD-43X77L","Australia,New Zealand","LCD (LED)","0.5","2028-01-31","Available","https://www.sony.com.au/","ATV5479",152284,107.95,4977.889999999999,77.5,288,3.5,3.736207768079859,42.5,"1. ≤43 inches"
"SONY","KD-50X77L","Australia,New Zealand","LCD (LED)","0.5","2028-01-31","Available","https://www.sony.com.au/","ATV5480",152286,125.725,6751.36,93.8,348,4,4.10620016857216,49.49803149606299,"2. 44–55 inches"
"SAMSUNG","QA55S90CA*","Australia,Fiji,New Zealand","LCD (LED)","0.5","2028-02-02","Available",,"ATV5483",152283,138.783,8230.118400000001,113,416,4,4.1175971780535745,54.63897637795275,"2. 44–55 inches"
"SAMSUNG","QA65S90CAW","Australia,Fiji,New Zealand","LCD (LED)","0.5","2028-02-02","Available",,"ATV5484",152287,163.897,11477.9975,154,565,4,4.13575196273349,64.52637795275591,"3. 56–65 inches"
"SAMSUNG","QA65S90CAS","Australia,Fiji,New Zealand","LCD (LED)","0.5","2028-02-02","Available",,"ATV5484",152287,163.897,11477.9975,154,565,4,4.13575196273349,64.52637795275591,"3. 56–65 inches"
"SAMSUNG","QA65S90CA*","Australia,Fiji,New Zealand","LCD (LED)","0.5","2028-02-02","Available",,"ATV5484",152287,163.897,11477.9975,154,565,4,4.13575196273349,64.52637795275591,"3. 56–65 inches"
"EKO","K43FSG11","Australia,Fiji,New Zealand","LCD (LED)","-","2028-02-28","Available","https://www.ayonz.com/","ATV5510",152294,107.953,4979.729715840001,53.5,212,5,5.110651021546228,42.5011811023622,"1. ≤43 inches"
"FFALCON","FF32RS52","Australia,Fiji,New Zealand","LCD (LED)","0.342","2028-02-01","Available","https://www.tcl.com/au","ATV5482",152296,79.967,2732.2400000000002,24.1,99,6,6.266019008845879,31.48307086614173,"1. ≤43 inches"
"SONY","XR-85X90L","Australia,New Zealand","LCD (LED)","0.5","2028-01-31","Available","https://www.sony.com.au/","ATV5481",152314,214.783,19712.16,201.6,744,5,5.217002203781339,84.56023622047243,"4. >65 inches"
"LG","OLED42C34LA","Australia,New Zealand","OLED","0.4","2028-02-06","Available",,"ATV5485",152382,105.52,4757.6080999999995,63,232,4.5,4.527878970799845,41.54330708661417,"1. ≤43 inches"
"KOGAN","KALED65U92TA","Australia,Fiji,New Zealand","LCD (LED)","0.39","2028-03-20","Available",,"ATV5524",152101,163.829,11466.84,101.3,404,5.5,5.634761250243758,64.4996062992126,"3. 56–65 inches"
"BAUHN","ATV55UHDT-0723","Australia,Fiji","LCD","0.43","2028-02-06","Available",,"ATV5486",152427,138.783,8230.118400000001,68.5,272,6,6.02167727117258,54.63897637795275,"2. 44–55 inches"
"ENGLAON","LED32M80","Australia,New Zealand","LCD (LED)","-","2028-02-07","Available",,"ATV5487",152453,86.176,3403.12,47.2,175,4.5,4.513125542904489,33.92755905511811,"1. ≤43 inches"
"ENGLAON","LED32X80","Australia,New Zealand","LCD (LED)","-","2028-02-07","Available",,"ATV5487",152453,86.176,3403.12,47.2,175,4.5,4.513125542904489,33.92755905511811,"1. ≤43 inches"
"ENGLAON","32in Smart TV","Australia,New Zealand","LCD (LED)","-","2028-02-07","Available",,"ATV5487",152453,86.176,3403.12,47.2,175,4.5,4.513125542904489,33.92755905511811,"1. ≤43 inches"
"ENGLAON","LED27M80","Australia","LCD (LED)","-","2028-02-07","Available",,"ATV5488",152455,77.186,2859.6425,42.76,158,4,4.334385671321831,30.388188976377954,"1. ≤43 inches"
"ENGLAON","LED27X80","Australia","LCD (LED)","-","2028-02-07","Available",,"ATV5488",152455,77.186,2859.6425,42.76,158,4,4.334385671321831,30.388188976377954,"1. ≤43 inches"
"ENGLAON","27in Smart TV","Australia","LCD (LED)","-","2028-02-07","Available",,"ATV5488",152455,77.186,2859.6425,42.76,158,4,4.334385671321831,30.388188976377954,"1. ≤43 inches"
"SAMSUNG","UA85CU8000W","Australia,Fiji,New Zealand","LCD (LED)","0.5","2028-02-13","Available",,"ATV5489",152472,214.783,19712.16,198,726,5,5.32675675355011,84.56023622047243,"4. >65 inches"
"SAMSUNG","UA85CU8000S","Australia,Fiji,New Zealand","LCD (LED)","0.5","2028-02-13","Available",,"ATV5489",152472,214.783,19712.16,198,726,5,5.32675675355011,84.56023622047243,"4. >65 inches"
"SAMSUNG","UA85CU8*00*","Australia,Fiji,New Zealand","LCD (LED)","0.5","2028-02-13","Available",,"ATV5489",152472,214.783,19712.16,198,726,5,5.32675675355011,84.56023622047243,"4. >65 inches"
"SAMSUNG","QA55S95CAW","Australia,Fiji,New Zealand","LCD (LED)","0.5","2028-02-13","Available",,"ATV5490",152483,138.783,8230.118400000001,113,416,4,4.1175971780535745,54.63897637795275,"2. 44–55 inches"
"SAMSUNG","QA55S95CAS","Australia,Fiji,New Zealand","LCD (LED)","0.5","2028-02-13","Available",,"ATV5490",152483,138.783,8230.118400000001,113,416,4,4.1175971780535745,54.63897637795275,"2. 44–55 inches"
"SAMSUNG","QA55S95CA*","Australia,Fiji,New Zealand","LCD (LED)","0.5","2028-02-13","Available",,"ATV5490",152483,138.783,8230.118400000001,113,416,4,4.1175971780535745,54.63897637795275,"2. 44–55 inches"
"SAMSUNG","QA65S95CAW","Australia,Fiji,New Zealand","LCD (LED)","0.5","2028-02-13","Available",,"ATV5491",152484,163.897,11477.9975,155,569,4,4.10413687487484,64.52637795275591,"3. 56–65 inches"
"SAMSUNG","QA65S95CAS","Australia,Fiji,New Zealand","LCD (LED)","0.5","2028-02-13","Available",,"ATV5491",152484,163.897,11477.9975,155,569,4,4.10413687487484,64.52637795275591,"3. 56–65 inches"
"SAMSUNG","QA65S95CA*","Australia,Fiji,New Zealand","LCD (LED)","0.5","2028-02-13","Available",,"ATV5491",152484,163.897,11477.9975,155,569,4,4.10413687487484,64.52637795275591,"3. 56–65 inches"
"SAMSUNG","QA77S95CAW","Australia,Fiji,New Zealand","LCD (LED)","0.5","2028-02-13","Available",,"ATV5492",152485,195.177,16277.825900000002,220,806,4,4.032732297769424,76.84133858267717,"4. >65 inches"
"SAMSUNG","QA77S95CAS","Australia,Fiji,New Zealand","LCD (LED)","0.5","2028-02-13","Available",,"ATV5492",152485,195.177,16277.825900000002,220,806,4,4.032732297769424,76.84133858267717,"4. >65 inches"
"SAMSUNG","QA77S95CA*","Australia,Fiji,New Zealand","LCD (LED)","0.5","2028-02-13","Available",,"ATV5492",152485,195.177,16277.825900000002,220,806,4,4.032732297769424,76.84133858267717,"4. >65 inches"
"SAMSUNG","LH85BECHLGKXXY","Australia,Fiji,New Zealand","LCD (LED)","0.5","2028-02-28","Available",,"ATV5509",152548,214.783,19712.16,145,532,6,6.720059511582148,84.56023622047243,"4. >65 inches"
"AKAI","AK4021S6WOS","Australia,Fiji,New Zealand","LCD","0.3","2028-02-13","Available",,"ATV5493",152550,100.217,4253.45,39.9,150,6,6.047894906355869,39.45551181102362,"1. ≤43 inches"
"SONY","XR-98X90L","Australia,New Zealand","LCD (LED)","0.5","2028-02-19","Available","https://www.sony.com.au/","ATV5494",152681,247.691,26210.260000000002,256.4,944,5,5.388586341458297,97.51614173228346,"4. >65 inches"
"EKO","K40FSW","Australia,Fiji,New Zealand","LCD (LED)","0.45","2028-02-29","Available","https://www.jupiter.com","ATV5514",152717,100.353,4267.08,48.68,180,5,5.243148836529163,39.50905511811023,"1. ≤43 inches"
"EKO","K55OLED","Australia,Fiji,New Zealand","OLED","-","2028-02-22","Available","https://www.jupiter.com","ATV5495",152722,138.847,8240.099999999999,74.74,275,5.5,5.977526543341521,54.664173228346456,"2. 44–55 inches"
"LINSAR","LS65UHDZEN","Australia,Fiji,New Zealand","LCD","0.42","2028-02-26","Available",,"ATV5496",152760,163.878,11481.120000000003,96.3,370,6,6.033987822258522,64.51889763779526,"3. 56–65 inches"
"EKO","K50USW2","Australia,Fiji,New Zealand","LCD (LED)","-","2028-02-27","Available","https://www.ayonz.com/","ATV5500",152799,125.731,6754.867344,78.5,330,4,4.346316418754582,49.5003937007874,"2. 44–55 inches"
"JVC","LT-43N5135A","Australia","LCD","0.261","2028-02-28","Available",,"ATV5511",152812,107.863,4972.599999999999,55.635,205,5,5.255491804459134,42.46574803149606,"1. ≤43 inches"
"BAUHN","ATV43UHDT-0723","Australia,Fiji,New Zealand","LCD (LED)","0.4","2028-03-01","Available",,"ATV5515",152875,107.987,4982.7128,45.5,170,6,6.1024470408434714,42.514566929133856,"1. ≤43 inches"
"BAUHN","ATV70UHDT-0623","Australia,Fiji,New Zealand","LCD","0.72","2028-03-18","Available",,"ATV5520",152913,176.532,13379.268000000002,110.15,420,6,6.114926249682608,69.50078740157481,"4. >65 inches"
"FFALCON","FF40RS52","Australia,Fiji,New Zealand","LCD (LED)","0.408","2028-03-07","Available","https://www.tcl.com/au","ATV5516",152964,100.305,4258.3,35.1,144,6,6.235220811119447,39.49015748031496,"1. ≤43 inches"
"LG","OLED88Z3PSA","Australia,New Zealand","OLED","0.35","2028-03-12","Available",,"ATV5518",152966,222.486,21154.489999999998,349,1276,3,3.1054920388527556,87.59291338582676,"4. >65 inches"
"LG","OLED88Z36LA","Australia,New Zealand","OLED","0.35","2028-03-14","Available",,"ATV5519",152967,222.486,21154.489999999998,349,1276,3,3.1054920388527556,87.59291338582676,"4. >65 inches"
"EKO","K55USW","Australia,Fiji,New Zealand","LCD (LED)","-","2028-03-19","Available","https://www.ayonz.com/","ATV5521",153054,138.783,8230.118400000001,96.1,364,4.5,4.716007447308886,54.63897637795275,"2. 44–55 inches"
"KOGAN","KALED65U92TB","Australia,Fiji,New Zealand","LCD (LED)","0.39","2028-03-20","Available",,"ATV5524",152101,163.829,11466.84,101.3,404,5.5,5.634761250243758,64.4996062992126,"3. 56–65 inches"
"KOGAN","KALED65U92TC","Australia,Fiji,New Zealand","LCD (LED)","0.39","2028-03-20","Available",,"ATV5524",152101,163.829,11466.84,101.3,404,5.5,5.634761250243758,64.4996062992126,"3. 56–65 inches"
"KOGAN","KALED65U92TD","Australia,Fiji,New Zealand","LCD (LED)","0.39","2028-03-20","Available",,"ATV5524",152101,163.829,11466.84,101.3,404,5.5,5.634761250243758,64.4996062992126,"3. 56–65 inches"
"KOGAN","KALED65U92TE","Australia,Fiji,New Zealand","LCD (LED)","0.39","2028-03-20","Available",,"ATV5524",152101,163.829,11466.84,101.3,404,5.5,5.634761250243758,64.4996062992126,"3. 56–65 inches"
"ENGLAON","LED22M60","Australia,New Zealand","LCD (LED)","-","2028-03-21","Available",,"ATV5527",153112,55.86,1497.45,27.25,102,4,4.134136224746854,21.992125984251967,"1. ≤43 inches"
"ENGLAON","LED32M10","Australia,New Zealand","LCD (LED)","-","2028-04-24","Available",,"ATV5586",153113,81.278,3171.0254,40.45,150,4.5,4.943015385879585,31.9992125984252,"1. ≤43 inches"
"PHILIPS","50PUT8528/79","Australia,Fiji,New Zealand","LCD (LED)","0.36","2028-03-26","Available",,"ATV5531",153115,125.725,6751.36,81.3,329,4,4.357808286657745,49.49803149606299,"2. 44–55 inches"
"PHILIPS","55PUT8528/79","Australia,Fiji,New Zealand","LCD (LED)","0.33","2028-03-22","Available",,"ATV5530",153116,138.798,8228,90.5,365,4.5,4.702649565199762,54.64488188976378,"2. 44–55 inches"
"PHILIPS","65PUT8528/79","Australia,Fiji,New Zealand","LCD (LED)","0.36","2028-03-26","Available",,"ATV5532",153117,163.897,11477.9975,119.3,481,4.5,4.8570744481591746,64.52637795275591,"3. 56–65 inches"
"JVC","AV-J323135A","Australia","LCD (LED)","0.41662","2028-03-19","Available",,"ATV5522",153140,80.039,2736.70931232,24.687,110,5.5,5.799685441574415,31.511417322834646,"1. ≤43 inches"
"SONY","XR-55A95L","Australia,New Zealand","OLED","0.5","2028-03-20","Available","https://www.sony.com.au/","ATV5525",153155,138.798,8228,103.6,385,4,4.4635838140673165,54.64488188976378,"2. 44–55 inches"
"SONY","XR-65A95L","Australia,New Zealand","OLED","0.5","2028-03-20","Available","https://www.sony.com.au/","ATV5526",153156,163.878,11481.120000000003,122.1,452,5,5.136900843876218,64.51889763779526,"3. 56–65 inches"
"KOGAN","KALED19PRIZD","Australia,Fiji,New Zealand","LCD (LED)","0.241926","2028-03-22","Available",,"ATV5529",153194,47.013,944.1791999999999,15.8694,62,5,5.065515602883841,18.509055118110236,"1. ≤43 inches"
"SAMSUNG","QA77S90CAW","Australia,Fiji,New Zealand","LCD (LED)","0.5","2028-04-09","Available",,"ATV5547",153258,195.177,16277.825900000002,178,653,4.5,4.976100869213291,76.84133858267717,"4. >65 inches"
"SAMSUNG","QA77S90CAS","Australia,Fiji,New Zealand","LCD (LED)","0.5","2028-04-09","Available",,"ATV5547",153258,195.177,16277.825900000002,178,653,4.5,4.976100869213291,76.84133858267717,"4. >65 inches"
"SAMSUNG","QA77S90CA*","Australia,Fiji,New Zealand","LCD (LED)","0.5","2028-04-09","Available",,"ATV5547",153258,195.177,16277.825900000002,178,653,4.5,4.976100869213291,76.84133858267717,"4. >65 inches"
"PHILIPS","50PUT7908/79","Australia,Fiji,New Zealand","LCD (LED)","0.33","2028-04-12","Available",,"ATV5570",153274,125.725,6751.36,99.1,400,3,3.4821083383878686,49.49803149606299,"2. 44–55 inches"
"PHILIPS","50PUT7908/75","Australia,Fiji,New Zealand","LCD (LED)","0.33","2028-04-12","Available",,"ATV5570",153274,125.725,6751.36,99.1,400,3,3.4821083383878686,49.49803149606299,"2. 44–55 inches"
"PHILIPS","55PUT7908/79","Australia,Fiji,New Zealand","LCD (LED)","0.43","2028-04-12","Available",,"ATV5568",153275,138.798,8228,102.3,413,4,4.148969036899082,54.64488188976378,"2. 44–55 inches"
"PHILIPS","55PUT7908/75","Australia,Fiji,New Zealand","LCD (LED)","0.43","2028-04-12","Available",,"ATV5568",153275,138.798,8228,102.3,413,4,4.148969036899082,54.64488188976378,"2. 44–55 inches"
"PHILIPS","65PUT7908/79","Australia,Fiji,New Zealand","LCD (LED)","0.39","2028-04-11","Available",,"ATV5563",153276,163.897,11477.9975,129.8,523,4,4.481915975211493,64.52637795275591,"3. 56–65 inches"
"PHILIPS","65PUT7908/75","Australia,Fiji,New Zealand","LCD (LED)","0.39","2028-04-11","Available",,"ATV5563",153276,163.897,11477.9975,129.8,523,4,4.481915975211493,64.52637795275591,"3. 56–65 inches"
"PHILIPS","75PUT8808/79","Australia,Fiji,New Zealand","LCD (LED)","0.39","2028-04-09","Available",,"ATV5545",153405,189.306,15312,153.1,617,4.5,4.967763428275685,74.52992125984252,"4. >65 inches"
"PHILIPS","75PUT8808/75","Australia,Fiji,New Zealand","LCD (LED)","0.39","2028-04-09","Available",,"ATV5545",153405,189.306,15312,153.1,617,4.5,4.967763428275685,74.52992125984252,"4. >65 inches"
"PHILIPS","75PUT7908/79","Australia,Fiji,New Zealand","LCD (LED)","0.29","2028-04-09","Available",,"ATV5546",153411,189.306,15312,144.1,580,5,5.244898572897651,74.52992125984252,"4. >65 inches"
"PHILIPS","75PUT7908/75","Australia,Fiji,New Zealand","LCD (LED)","0.29","2028-04-09","Available",,"ATV5546",153411,189.306,15312,144.1,580,5,5.244898572897651,74.52992125984252,"4. >65 inches"
"PHILIPS","55PUT8808/79","Australia,Fiji,New Zealand","LCD (LED)","0.41","2028-04-19","Available",,"ATV5584",153413,138.798,8228,136.6,551,2.5,2.8570329065739766,54.64488188976378,"2. 44–55 inches"
"PHILIPS","55PUT8808/75","Australia,Fiji,New Zealand","LCD (LED)","0.41","2028-04-19","Available",,"ATV5584",153413,138.798,8228,136.6,551,2.5,2.8570329065739766,54.64488188976378,"2. 44–55 inches"
"BLAUPUNKT","BP50WOS2","Australia,Fiji,New Zealand","LCD","-","2028-05-09","Available",,"ATV5625",153449,125.731,6754.867344,85.767,315,4.5,4.554792152697652,49.5003937007874,"2. 44–55 inches"
"PHILIPS","65PUT8808/79","Australia,Fiji,New Zealand","LCD (LED)","0.38","2028-04-09","Available",,"ATV5548",153450,163.897,11477.9975,142.4,574,4,4.064929099692862,64.52637795275591,"3. 56–65 inches"
"PHILIPS","65PUT8808/75","Australia,Fiji,New Zealand","LCD (LED)","0.38","2028-04-09","Available",,"ATV5548",153450,163.897,11477.9975,142.4,574,4,4.064929099692862,64.52637795275591,"3. 56–65 inches"
"JVC","AV-J243145A","Australia","LCD (LED)","0.4871","2028-04-03","Available",,"ATV5544",153462,59.824,1528.86807072,17.0946,70,5.5,5.884900594348791,23.55275590551181,"1. ≤43 inches"
"EKO","K32HSW","Australia,Fiji,New Zealand","LCD (LED)","0.45","2028-05-03","Available","https://www.ayonz.com/","ATV5596",153525,80.039,2736.70931232,48.19,180,3.5,3.5926914137508845,31.511417322834646,"1. ≤43 inches"
"SONY","XR-77A95L","Australia,New Zealand","OLED","0.5","2028-04-09","Available","https://www.sony.com.au/","ATV5549",153540,195.173,16278.57,147.7,546,5.5,5.778283941245271,76.83976377952756,"4. >65 inches"
"LG","43UR781C0LL","Australia,New Zealand","LCD (LED)","0.4","2028-04-16","Available",,"ATV5571",153579,107.987,4982.7128,73,269,4,4.045865347808662,42.514566929133856,"1. ≤43 inches"
"LG","43UR801C0SB","Australia,New Zealand","LCD (LED)","0.4","2028-04-16","Available",,"ATV5575",153580,107.987,4982.7128,73,269,4,4.045865347808662,42.514566929133856,"1. ≤43 inches"
"LG","50UR781C0LL","Australia,New Zealand","LCD (LED)","0.4","2028-04-16","Available",,"ATV5572",153581,125.727,6754.5112,78,287,4.5,4.971755359043742,49.4988188976378,"2. 44–55 inches"
"LG","50UR801C0SB","Australia,New Zealand","LCD (LED)","0.4","2028-04-16","Available",,"ATV5576",153582,125.727,6754.5112,78,287,4.5,4.971755359043742,49.4988188976378,"2. 44–55 inches"
"LG","55UR781C0LL","Australia,New Zealand","LCD (LED)","0.4","2028-04-16","Available",,"ATV5577",153583,138.783,8230.118400000001,97,357,4.5,4.803028047916603,54.63897637795275,"2. 44–55 inches"
"LG","55UR801C0SB","Australia,New Zealand","LCD (LED)","0.4","2028-04-16","Available",,"ATV5578",153584,138.783,8230.118400000001,97,357,4.5,4.803028047916603,54.63897637795275,"2. 44–55 inches"
"LG","65UR781C0LL","Australia,New Zealand","LCD (LED)","0.4","2028-04-16","Available",,"ATV5573",153585,163.897,11477.9975,127,466,4.5,4.99905316900289,64.52637795275591,"3. 56–65 inches"
"LG","65UR801C0SB","Australia,New Zealand","LCD (LED)","0.4","2028-04-16","Available",,"ATV5579",153586,163.897,11477.9975,127,466,4.5,4.99905316900289,64.52637795275591,"3. 56–65 inches"
"LG","75UR801C0LJ","Australia,New Zealand","LCD (LED)","0.4","2028-04-16","Available",,"ATV5574",153587,189.275,15307.5663,165,605,5,5.054540009525431,74.51771653543307,"4. >65 inches"
"LG","75UR801C0SB","Australia,New Zealand","LCD (LED)","0.4","2028-04-16","Available",,"ATV5580",153588,189.275,15307.5663,165,605,5,5.054540009525431,74.51771653543307,"4. >65 inches"
"LG","86UR801C0LA","Australia,New Zealand","LCD (LED)","0.4","2028-04-16","Available",,"ATV5581",153589,217.425,20200.7,250,915,4,4.395864655180622,85.60039370078741,"4. >65 inches"
"LG","86UR801C0SB","Australia,New Zealand","LCD (LED)","0.4","2028-04-16","Available",,"ATV5582",153590,217.425,20200.7,250,915,4,4.395864655180622,85.60039370078741,"4. >65 inches"
"TOSHIBA","43C350MP","Australia,New Zealand","LCD (LED)","0.38","2028-04-11","Available","https://global.hisense.com/","ATV5554",153591,107.986,4982.795156,51.12,214,5,5.070989554548221,42.51417322834646,"1. ≤43 inches"
"TOSHIBA","50C350MP","Australia,New Zealand","LCD (LED)","0.33","2028-04-11","Available","https://global.hisense.com/","ATV5566",153592,125.731,6754.867344,67.75,269,5,5.262234775592492,49.5003937007874,"2. 44–55 inches"
"TOSHIBA","55C350MP","Australia,New Zealand","LCD (LED)","0.347","2028-04-11","Available","https://global.hisense.com/","ATV5555",153593,138.783,8230.118400000001,63.89,269,6,6.07137929764316,54.63897637795275,"2. 44–55 inches"
"TOSHIBA","65C350MP","Australia,New Zealand","LCD (LED)","0.297","2028-04-11","Available","https://global.hisense.com/","ATV5567",153594,163.896,11478.122496000002,82.49,333,6,6.505049671825857,64.5259842519685,"3. 56–65 inches"
"TOSHIBA","75C350MP","Australia,New Zealand","LCD (LED)","0.33","2028-04-19","Available","https://global.hisense.com/","ATV5583",153595,189.274,15307.855004000001,114.36,489,6,6.008562665563702,74.51732283464567,"4. >65 inches"
"BAUHN","ATV50UHDT-0823","Australia,Fiji,New Zealand","LCD","0.39","2028-04-11","Available",,"ATV5553",153601,125.727,6754.5112,56.7,225,6,6.0624515145983064,49.4988188976378,"2. 44–55 inches"
"JVC","LT-50N7145A","Australia","LCD","0.38","2028-04-12","Available",,"ATV5569",153609,125.251,6725.3,102.36,376,3.5,3.74369813786958,49.31141732283465,"2. 44–55 inches"
"BLAUPUNKT","BP400FSG9800","Australia,Fiji,New Zealand","LCD","0.25","2028-05-06","Available","https://www.ayonz.com/","ATV5608",153841,100.791,4291.38,50.5,186,5,5.118073049588307,39.681496062992125,"1. ≤43 inches"
"EKO","K400FSG","Australia,Fiji,New Zealand","LCD","0.25","2028-05-03","Available","https://www.ayonz.com/","ATV5605",153842,100.791,4291.38,50.5,186,5,5.118073049588307,39.681496062992125,"1. ≤43 inches"
"SYLVOX","KT16A0KGEA","Australia,Fiji,New Zealand","LCD (LED)","-","2028-05-06","Available",,"ATV5613",153907,39.487,666.259344,15.1,58,4.5,4.534764934443967,15.546062992125984,"1. ≤43 inches"
"LG","65QNED866RE","Australia,New Zealand","LCD (LED)","0.4","2028-04-29","Available",,"ATV5589",153908,163.897,11477.9975,125,459,5,5.066881362898524,64.52637795275591,"3. 56–65 inches"
"LG","75QNED866RE","Australia,New Zealand","LCD (LED)","0.4","2028-04-29","Available",,"ATV5590",153909,189.275,15307.5663,150,550,5,5.481664966724477,74.51771653543307,"4. >65 inches"
"LG","86QNED866RE","Australia,New Zealand","LCD (LED)","0.4","2028-04-29","Available",,"ATV5591",153910,217.425,20200.7,206,754,5,5.263161496732867,85.60039370078741,"4. >65 inches"
"EKO","K65USWQ2","Australia,Fiji,New Zealand","LCD (LED)","-","2028-05-03","Available","https://www.ayonz.com/","ATV5604",153944,163.897,11477.9975,113.9,462,5,5.037686340309588,64.52637795275591,"3. 56–65 inches"
"LG","43QNED75SRA","Australia,New Zealand","LCD (LED)","0.4","2028-05-03","Available",,"ATV5597",153946,107.987,4982.7128,70,258,4,4.232972680439712,42.514566929133856,"1. ≤43 inches"
"LG","43QNED756RA","Australia,New Zealand","LCD (LED)","0.4","2028-05-03","Available",,"ATV5598",153947,107.987,4982.7128,82,302,3.5,3.527294960757275,42.514566929133856,"1. ≤43 inches"
"LG","50QNED75SRA","Australia,New Zealand","LCD (LED)","0.4","2028-05-03","Available",,"ATV5603",153948,125.727,6754.5112,72,265,5,5.329159323010862,49.4988188976378,"2. 44–55 inches"
"LG","50QNED756RA","Australia,New Zealand","LCD (LED)","0.4","2028-05-06","Available",,"ATV5610",153949,125.727,6754.5112,68,251,5.5,5.572396855687801,49.4988188976378,"2. 44–55 inches"
"LG","55QNED75SRA","Australia,New Zealand","LCD (LED)","0.4","2028-05-03","Available",,"ATV5602",153950,138.783,8230.118400000001,92,338,5,5.048116404602346,54.63897637795275,"2. 44–55 inches"
"LG","55QNED756RA","Australia,New Zealand","LCD (LED)","0.4","2028-05-06","Available",,"ATV5611",153951,138.783,8230.118400000001,87,320,5,5.293361671010193,54.63897637795275,"2. 44–55 inches"
"LG","65QNED75SRA","Australia,New Zealand","LCD (LED)","0.4","2028-05-03","Available",,"ATV5599",153952,163.897,11477.9975,114,419,5,5.475494068044627,64.52637795275591,"3. 56–65 inches"
"LG","65QNED756RA","Australia,New Zealand","LCD (LED)","0.4","2028-05-06","Available",,"ATV5607",153953,163.897,11477.9975,109,400,5.5,5.68346052076461,64.52637795275591,"3. 56–65 inches"
"LG","75QNED75SRA","Australia,New Zealand","LCD (LED)","0.4","2028-05-03","Available",,"ATV5600",153954,189.275,15307.5663,126,462,6,6.263015743468501,74.51771653543307,"4. >65 inches"
"LG","75QNED756RA","Australia,New Zealand","LCD (LED)","0.4","2028-05-03","Available",,"ATV5601",153955,189.275,15307.5663,130,477,6,6.119827201301709,74.51771653543307,"4. >65 inches"
"CHIQ","U85F8TG","Australia,Fiji,New Zealand","LCD (LED)","0.35","2028-04-26","Available",,"ATV5587",153956,214.783,19712.16,230.268,897,4,4.378910194739287,84.56023622047243,"4. >65 inches"
"CHIQ","U98F8TG","Australia,Fiji,New Zealand","LCD (LED)","0.45","2028-04-26","Available",,"ATV5588",153957,247.604,26198.120000000003,337,1233,4,4.189669496698741,97.48188976377953,"4. >65 inches"
"PHILIPS","55OLED708/75","Australia,Fiji,New Zealand","OLED","0.2","2028-05-14","Available",,"ATV5632",153978,138.798,8228,99.5,400,4,4.292298502011051,54.64488188976378,"2. 44–55 inches"
"PHILIPS","55OLED708/79","Australia,Fiji,New Zealand","OLED","0.2","2028-05-14","Available",,"ATV5632",153978,138.798,8228,99.5,400,4,4.292298502011051,54.64488188976378,"2. 44–55 inches"
"PHILIPS","65OLED708/75","Australia,Fiji,New Zealand","OLED","0.3","2028-05-14","Available",,"ATV5630",153979,163.897,11477.9975,114.8,463,5,5.027996779523445,64.52637795275591,"3. 56–65 inches"
"PHILIPS","65OLED708/79","Australia,Fiji,New Zealand","OLED","0.3","2028-05-14","Available",,"ATV5630",153979,163.897,11477.9975,114.8,463,5,5.027996779523445,64.52637795275591,"3. 56–65 inches"
"KOGAN","KALED32F98TA","Australia,Fiji,New Zealand","LCD (LED)","0.33","2028-05-06","Available",,"ATV5606",153980,79.967,2732.2400000000002,28,104,6,6.04521473860549,31.48307086614173,"1. ≤43 inches"
"KOGAN","KALED32F98TB","Australia,Fiji,New Zealand","LCD (LED)","0.33","2028-05-06","Available",,"ATV5606",153980,79.967,2732.2400000000002,28,104,6,6.04521473860549,31.48307086614173,"1. ≤43 inches"
"KOGAN","KALED32F98TC","Australia,Fiji,New Zealand","LCD (LED)","0.33","2028-05-06","Available",,"ATV5606",153980,79.967,2732.2400000000002,28,104,6,6.04521473860549,31.48307086614173,"1. ≤43 inches"
"KOGAN","KALED32F98TD","Australia,Fiji,New Zealand","LCD (LED)","0.33","2028-05-06","Available",,"ATV5606",153980,79.967,2732.2400000000002,28,104,6,6.04521473860549,31.48307086614173,"1. ≤43 inches"
"KOGAN","KALED32F98TE","Australia,Fiji,New Zealand","LCD (LED)","0.33","2028-05-06","Available",,"ATV5606",153980,79.967,2732.2400000000002,28,104,6,6.04521473860549,31.48307086614173,"1. ≤43 inches"
"KOGAN","KALED40F98TA","Australia,Fiji,New Zealand","LCD (LED)","0.4","2028-05-06","Available",,"ATV5612",153981,100.305,4258.3,40,149,6,6.082256469696936,39.49015748031496,"1. ≤43 inches"
"KOGAN","KALED40F98TB","Australia,Fiji,New Zealand","LCD (LED)","0.4","2028-05-06","Available",,"ATV5612",153981,100.305,4258.3,40,149,6,6.082256469696936,39.49015748031496,"1. ≤43 inches"
"KOGAN","KALED40F98TC","Australia,Fiji,New Zealand","LCD (LED)","0.4","2028-05-06","Available",,"ATV5612",153981,100.305,4258.3,40,149,6,6.082256469696936,39.49015748031496,"1. ≤43 inches"
"KOGAN","KALED40F98TD","Australia,Fiji,New Zealand","LCD (LED)","0.4","2028-05-06","Available",,"ATV5612",153981,100.305,4258.3,40,149,6,6.082256469696936,39.49015748031496,"1. ≤43 inches"
"KOGAN","KALED40F98TE","Australia,Fiji,New Zealand","LCD (LED)","0.4","2028-05-06","Available",,"ATV5612",153981,100.305,4258.3,40,149,6,6.082256469696936,39.49015748031496,"1. ≤43 inches"
"SYLVOX","OT43A2KEGC","Australia,Fiji,New Zealand","LCD (LED)","-","2028-05-06","Available",,"ATV5614",154045,107.987,4982.77868544,107.8,397,2,2.3016370001659756,42.514566929133856,"1. ≤43 inches"
"SYLVOX","OT55A2KEGC","Australia,Fiji,New Zealand","LCD (LED)","0.46","2028-05-06","Available",,"ATV5615",154079,138.783,8230.118400000001,168.3,651,2,2.110707983587355,54.63897637795275,"2. 44–55 inches"
"SYLVOX","OT65A2KEGC","Australia,Fiji,New Zealand","LCD (LED)","0.47","2028-05-06","Available",,"ATV5616",154080,163.896,11478.122496000002,237.1,902,2,2.0394398694657525,64.5259842519685,"3. 56–65 inches"
"SYLVOX","RT22R3KECA","Australia,Fiji,New Zealand","LCD (LED)","-","2028-05-07","Available",,"ATV5617",154085,54.485,1245.8458368,17.8,68,5,5.406335965700415,21.450787401574804,"1. ≤43 inches"
"SYLVOX","RT24R3KECA","Australia,Fiji,New Zealand","LCD (LED)","-","2028-05-07","Available",,"ATV5618",154113,60.47,1562.462784,21,79,5,5.409893958839594,23.807086614173226,"1. ≤43 inches"
"LOEWE","WE SEE 43","Australia","LCD (LED)","0.4","2028-05-08","Available",,"ATV5623",154150,107.95,4977.889999999999,65.8,243,4,4.497596729556777,42.5,"1. ≤43 inches"
"LOEWE","C43","Australia","LCD (LED)","0.4","2028-05-08","Available",,"ATV5623",154150,107.95,4977.889999999999,65.8,243,4,4.497596729556777,42.5,"1. ≤43 inches"
"LOEWE","LOEWE *43","Australia","LCD (LED)","0.4","2028-05-08","Available",,"ATV5623",154150,107.95,4977.889999999999,65.8,243,4,4.497596729556777,42.5,"1. ≤43 inches"
"BLAUPUNKT","BP550USG9800","Australia","LCD (LED)","0.356764","2028-05-10","Available",,"ATV5628",154120,138.783,8230.118400000001,91.788,354,4.5,4.840846163637017,54.63897637795275,"2. 44–55 inches"
"LOEWE","WE SEE 32","Australia","LCD (LED)","0.4","2028-05-08","Available",,"ATV5622",154153,80.054,2736.1600000000003,34,127,5,5.154958966766685,31.517322834645668,"1. ≤43 inches"
"LOEWE","BILD C 32","Australia","LCD (LED)","0.4","2028-05-08","Available",,"ATV5622",154153,80.054,2736.1600000000003,34,127,5,5.154958966766685,31.517322834645668,"1. ≤43 inches"
"LOEWE","LED 32","Australia","LCD (LED)","0.4","2028-05-08","Available",,"ATV5622",154153,80.054,2736.1600000000003,34,127,5,5.154958966766685,31.517322834645668,"1. ≤43 inches"
"LOEWE","WE SEE 55","Australia","LCD (LED)","0.4","2028-05-08","Available",,"ATV5621",154156,138.711,8221.2,84,309,5,5.445642872344173,54.61062992125985,"2. 44–55 inches"
"LOEWE","WE SEE 50","Australia","LCD (LED)","0.4","2028-05-09","Available",,"ATV5627",154162,125.638,6745.2,68,251,5.5,5.566795994720792,49.463779527559055,"2. 44–55 inches"
"SAMSUNG","LH43BECHLGKXXY","Australia,Fiji,New Zealand","LCD (LED)","0.5","2028-02-28","Available",,"ATV5512",152532,107.987,4982.7128,70,259,4,4.2156364107821895,42.514566929133856,"1. ≤43 inches"
"SAMSUNG","LH43BECHLGSXNZ","Australia,Fiji,New Zealand","LCD (LED)","0.5","2028-02-28","Available",,"ATV5512",152532,107.987,4982.7128,70,259,4,4.2156364107821895,42.514566929133856,"1. ≤43 inches"
"SAMSUNG","LH43BECHLG****","Australia,Fiji,New Zealand","LCD (LED)","0.5","2028-02-28","Available",,"ATV5512",152532,107.987,4982.7128,70,259,4,4.2156364107821895,42.514566929133856,"1. ≤43 inches"
"SAMSUNG","LH55BECHLGSXNZ","Australia,Fiji,New Zealand","LCD (LED)","0.5","2028-02-28","Available",,"ATV5513",152544,138.783,8230.118400000001,81,299,5.5,5.597548917306669,54.63897637795275,"2. 44–55 inches"
"SAMSUNG","LH55BECHLG****","Australia,Fiji,New Zealand","LCD (LED)","0.5","2028-02-28","Available",,"ATV5513",152544,138.783,8230.118400000001,81,299,5.5,5.597548917306669,54.63897637795275,"2. 44–55 inches"
"SAMSUNG","LH55BECHLGKXXY","Australia,Fiji,New Zealand","LCD (LED)","0.5","2028-02-28","Available",,"ATV5513",152544,138.783,8230.118400000001,81,299,5.5,5.597548917306669,54.63897637795275,"2. 44–55 inches"
"SAMSUNG","LH75BECHLGKXXY","Australia,Fiji,New Zealand","LCD (LED)","0.5","2028-02-27","Available",,"ATV5499",152547,189.338,15318.8066,139,510,5.5,5.823191657737304,74.54251968503937,"4. >65 inches"
"SAMSUNG","LH75BECHLGSXNZ","Australia,Fiji,New Zealand","LCD (LED)","0.5","2028-02-27","Available",,"ATV5499",152547,189.338,15318.8066,139,510,5.5,5.823191657737304,74.54251968503937,"4. >65 inches"
"SAMSUNG","LH75BECHLG****","Australia,Fiji,New Zealand","LCD (LED)","0.5","2028-02-27","Available",,"ATV5499",152547,189.338,15318.8066,139,510,5.5,5.823191657737304,74.54251968503937,"4. >65 inches"
"SAMSUNG","LH65BECHLGKXXY","Australia,Fiji,New Zealand","LCD (LED)","0.5","2028-02-27","Available",,"ATV5498",152545,163.897,11477.9975,116,426,5,5.401243988893101,64.52637795275591,"3. 56–65 inches"
"SAMSUNG","LH65BECHLGSXNZ","Australia,Fiji,New Zealand","LCD (LED)","0.5","2028-02-27","Available",,"ATV5498",152545,163.897,11477.9975,116,426,5,5.401243988893101,64.52637795275591,"3. 56–65 inches"
"SAMSUNG","LH65BECHLG****","Australia,Fiji,New Zealand","LCD (LED)","0.5","2028-02-27","Available",,"ATV5498",152545,163.897,11477.9975,116,426,5,5.401243988893101,64.52637795275591,"3. 56–65 inches"
"SAMSUNG","LH50BECHLGKXXY","Australia,Fiji,New Zealand","LCD (LED)","0.5","2028-02-27","Available",,"ATV5497",152543,125.727,6754.5112,80,295,4.5,4.8485470457482105,49.4988188976378,"2. 44–55 inches"
"SAMSUNG","LH50BECHLGSXNZ","Australia,Fiji,New Zealand","LCD (LED)","0.5","2028-02-27","Available",,"ATV5497",152543,125.727,6754.5112,80,295,4.5,4.8485470457482105,49.4988188976378,"2. 44–55 inches"
"SAMSUNG","LH50BECHLG****","Australia,Fiji,New Zealand","LCD (LED)","0.5","2028-02-27","Available",,"ATV5497",152543,125.727,6754.5112,80,295,4.5,4.8485470457482105,49.4988188976378,"2. 44–55 inches"
"BLAUPUNKT","BP650USG9900","Australia,Fiji,New Zealand","LCD","0.4","2028-05-14","Available","https://www.ayonz.com/","ATV5631",154242,163.954,11468.6,234.49,858,2,2.2600521183951523,64.5488188976378,"3. 56–65 inches"
"KOGAN","KAQLED43XQ98JSTA","Australia,Fiji,New Zealand","LCD (LED)","0.41","2028-05-22","Available",,"ATV5636",154394,107.95,4977.889999999999,90.1,353,2.5,2.824204819310837,42.5,"1. ≤43 inches"
"KOGAN","KAQLED43XQ98JSTB","Australia,Fiji,New Zealand","LCD (LED)","0.41","2028-05-22","Available",,"ATV5636",154394,107.95,4977.889999999999,90.1,353,2.5,2.824204819310837,42.5,"1. ≤43 inches"
"KOGAN","KAQLED43XQ98JSTC","Australia,Fiji,New Zealand","LCD (LED)","0.41","2028-05-22","Available",,"ATV5636",154394,107.95,4977.889999999999,90.1,353,2.5,2.824204819310837,42.5,"1. ≤43 inches"
"KOGAN","KAQLED43XQ98JSTD","Australia,Fiji,New Zealand","LCD (LED)","0.41","2028-05-22","Available",,"ATV5636",154394,107.95,4977.889999999999,90.1,353,2.5,2.824204819310837,42.5,"1. ≤43 inches"
"KOGAN","KAQLED43XQ98JSTE","Australia,Fiji,New Zealand","LCD (LED)","0.41","2028-05-22","Available",,"ATV5636",154394,107.95,4977.889999999999,90.1,353,2.5,2.824204819310837,42.5,"1. ≤43 inches"
"KOGAN","KALED65U94TA","Australia,Fiji,New Zealand","LCD (LED)","0.375","2028-05-22","Available",,"ATV5637",154395,163.791,11473.08,102.9,404,5.5,5.6370589836888305,64.48464566929134,"3. 56–65 inches"
"KOGAN","KALED65U94TB","Australia,Fiji,New Zealand","LCD (LED)","0.375","2028-05-22","Available",,"ATV5637",154395,163.791,11473.08,102.9,404,5.5,5.6370589836888305,64.48464566929134,"3. 56–65 inches"
"KOGAN","KALED65U94TC","Australia,Fiji,New Zealand","LCD (LED)","0.375","2028-05-22","Available",,"ATV5637",154395,163.791,11473.08,102.9,404,5.5,5.6370589836888305,64.48464566929134,"3. 56–65 inches"
"KOGAN","KALED65U94TD","Australia,Fiji,New Zealand","LCD (LED)","0.375","2028-05-22","Available",,"ATV5637",154395,163.791,11473.08,102.9,404,5.5,5.6370589836888305,64.48464566929134,"3. 56–65 inches"
"KOGAN","KALED65U94TE","Australia,Fiji,New Zealand","LCD (LED)","0.375","2028-05-22","Available",,"ATV5637",154395,163.791,11473.08,102.9,404,5.5,5.6370589836888305,64.48464566929134,"3. 56–65 inches"
"HUBBL","LT043A-04-FXTL","Australia","LCD (LED)","-","2028-05-09","Available",,"ATV5626",154089,108.048,4996.71,50.73,200,5,5.38515551905164,42.53858267716535,"1. ≤43 inches"
"HUBBL","LT055A-04-FXTL","Australia","LCD (LED)","-","2028-05-07","Available",,"ATV5620",154094,138.711,8221.2,64.71,240,6,6.578108283365271,54.61062992125985,"2. 44–55 inches"
"JVC","LT-32ND35A2","Australia","LCD (LED)","-","2028-05-21","Available",,"ATV5634",154403,80.039,2736.7112736,35.3,150,4,4.409753463503695,31.511417322834646,"1. ≤43 inches"
"SAMSUNG","QA98QN990CW","Australia,Fiji,New Zealand","LCD (LED)","0.5","2028-06-03","Available",,"ATV5649",154520,247.688,26214.3084,389,1423,3.5,3.550101644601151,97.51496062992125,"4. >65 inches"
"SAMSUNG","QA50QE1CAS","Australia,Fiji,New Zealand","LCD (LED)","0.5","2028-06-03","Available",,"ATV5648",154521,125.727,6754.5112,76,280,5,5.082413329865411,49.4988188976378,"2. 44–55 inches"
"SYLVOX","RT32R3KECA","Australia,Fiji,New Zealand","LCD (LED)","0.51","2028-05-30","Available",,"ATV5645",154533,80.131,2743.6644,31.4,118,5,5.494129989355613,31.54763779527559,"1. ≤43 inches"
"TCL","40S5400A","Australia,Fiji,New Zealand","LCD (LED)","0.352","2028-06-03","Available","https://www.tcl.com/au","ATV5646",154553,100.305,4258.3,35.6,180,5,5.235220811119446,39.49015748031496,"1. ≤43 inches"
"TCL","32S5400AF","Australia,Fiji,New Zealand","LCD (LED)","0.36","2028-06-03","Available","https://www.tcl.com/au","ATV5647",154555,79.967,2732.2400000000002,27,110,5.5,5.793854274363063,31.48307086614173,"1. ≤43 inches"
"LG","OLED77M3PSA","Australia,New Zealand","OLED","0.4","2028-06-26","Available",,"ATV5684",154630,194.738,16204.123099999999,216,791,4,4.097422878832864,76.66850393700787,"4. >65 inches"
"LG","OLED83M3PSA","Australia,New Zealand","OLED","0.4","2028-06-26","Available",,"ATV5685",154631,209.585,18769.3425,212,776,4.5,4.81636111148965,82.51377952755905,"4. >65 inches"
"LG","OLED97M3PSA","Australia,New Zealand","OLED","0.4","2028-06-26","Available",,"ATV5686",154632,245.145,25679.7954,258,944,5,5.299365770156127,96.51377952755905,"4. >65 inches"
"BLAUPUNKT","BP430FSG9700","Australia,Fiji,New Zealand","LCD (LED)","-","2028-06-19","Available","https://www.ayonz.com/","ATV5667",154657,107.953,4979.729715840001,53.5,212,5,5.110651021546228,42.5011811023622,"1. ≤43 inches"
"KOGAN","KALED75U94TA","Australia,Fiji,New Zealand","LCD (LED)","0.39","2028-06-07","Available",,"ATV5654",154675,189.306,15312,137.1,546,5.5,5.515617253494867,74.52992125984252,"4. >65 inches"
"KOGAN","KALED75U94TB","Australia,Fiji,New Zealand","LCD (LED)","0.39","2028-06-07","Available",,"ATV5654",154675,189.306,15312,137.1,546,5.5,5.515617253494867,74.52992125984252,"4. >65 inches"
"KOGAN","KALED75U94TC","Australia,Fiji,New Zealand","LCD (LED)","0.39","2028-06-07","Available",,"ATV5654",154675,189.306,15312,137.1,546,5.5,5.515617253494867,74.52992125984252,"4. >65 inches"
"KOGAN","KALED75U94TD","Australia,Fiji,New Zealand","LCD (LED)","0.39","2028-06-07","Available",,"ATV5654",154675,189.306,15312,137.1,546,5.5,5.515617253494867,74.52992125984252,"4. >65 inches"
"KOGAN","KALED75U94TE","Australia,Fiji,New Zealand","LCD (LED)","0.39","2028-06-07","Available",,"ATV5654",154675,189.306,15312,137.1,546,5.5,5.515617253494867,74.52992125984252,"4. >65 inches"
"FURRION","FDFD24D4D-H2","Australia,Fiji,New Zealand","LCD (LED)","-","2028-06-19","Available",,"ATV5668",154681,60.47,1562.462784,25.58,96,4.5,4.536463658690008,23.807086614173226,"1. ≤43 inches"
"KOGAN","KALED55U94TA","Australia,Fiji,New Zealand","LCD (LED)","0.41","2028-06-07","Available",,"ATV5657",154692,138.783,8230.118400000001,80.814,302,5.5,5.552808910591775,54.63897637795275,"2. 44–55 inches"
"KOGAN","KALED55U94TB","Australia,Fiji,New Zealand","LCD (LED)","0.41","2028-06-07","Available",,"ATV5657",154692,138.783,8230.118400000001,80.814,302,5.5,5.552808910591775,54.63897637795275,"2. 44–55 inches"
"KOGAN","KALED55U94TC","Australia,Fiji,New Zealand","LCD (LED)","0.41","2028-06-07","Available",,"ATV5657",154692,138.783,8230.118400000001,80.814,302,5.5,5.552808910591775,54.63897637795275,"2. 44–55 inches"
"KOGAN","KALED55U94TD","Australia,Fiji,New Zealand","LCD (LED)","0.41","2028-06-07","Available",,"ATV5657",154692,138.783,8230.118400000001,80.814,302,5.5,5.552808910591775,54.63897637795275,"2. 44–55 inches"
"KOGAN","KALED55U94TE","Australia,Fiji,New Zealand","LCD (LED)","0.41","2028-06-07","Available",,"ATV5657",154692,138.783,8230.118400000001,80.814,302,5.5,5.552808910591775,54.63897637795275,"2. 44–55 inches"
"KOGAN","KAQLED98XQ98JSTA","Australia,Fiji,New Zealand","LCD (LED)","0.38","2028-06-07","Available",,"ATV5658",154694,247.691,26210.260000000002,323,1233,4,4.191691627513516,97.51614173228346,"4. >65 inches"
"KOGAN","KAQLED98XQ98JSTB","Australia,Fiji,New Zealand","LCD (LED)","0.38","2028-06-07","Available",,"ATV5658",154694,247.691,26210.260000000002,323,1233,4,4.191691627513516,97.51614173228346,"4. >65 inches"
"KOGAN","KAQLED98XQ98JSTC","Australia,Fiji,New Zealand","LCD (LED)","0.38","2028-06-07","Available",,"ATV5658",154694,247.691,26210.260000000002,323,1233,4,4.191691627513516,97.51614173228346,"4. >65 inches"
"KOGAN","KAQLED98XQ98JSTD","Australia,Fiji,New Zealand","LCD (LED)","0.38","2028-06-07","Available",,"ATV5658",154694,247.691,26210.260000000002,323,1233,4,4.191691627513516,97.51614173228346,"4. >65 inches"
"KOGAN","KAQLED98XQ98JSTE","Australia,Fiji,New Zealand","LCD (LED)","0.38","2028-06-07","Available",,"ATV5658",154694,247.691,26210.260000000002,323,1233,4,4.191691627513516,97.51614173228346,"4. >65 inches"
"KOGAN","KALED50U94TA","Australia,Fiji,New Zealand","LCD (LED)","0.36","2028-06-07","Available",,"ATV5659",154698,125.638,6745.2,75,276,5,5.141294446384899,49.463779527559055,"2. 44–55 inches"
"KOGAN","KALED50U94TB","Australia,Fiji,New Zealand","LCD (LED)","0.36","2028-06-07","Available",,"ATV5659",154698,125.638,6745.2,75,276,5,5.141294446384899,49.463779527559055,"2. 44–55 inches"
"KOGAN","KALED50U94TC","Australia,Fiji,New Zealand","LCD (LED)","0.36","2028-06-07","Available",,"ATV5659",154698,125.638,6745.2,75,276,5,5.141294446384899,49.463779527559055,"2. 44–55 inches"
"KOGAN","KALED50U94TD","Australia,Fiji,New Zealand","LCD (LED)","0.36","2028-06-07","Available",,"ATV5659",154698,125.638,6745.2,75,276,5,5.141294446384899,49.463779527559055,"2. 44–55 inches"
"KOGAN","KALED50U94TE","Australia,Fiji,New Zealand","LCD (LED)","0.36","2028-06-07","Available",,"ATV5659",154698,125.638,6745.2,75,276,5,5.141294446384899,49.463779527559055,"2. 44–55 inches"
"LG","43UM767H0LD","Australia,New Zealand","LCD (LED)","0.4","2028-06-26","Available",,"ATV5683",154716,107.987,4982.7128,43,159,6,6.402228210570558,42.514566929133856,"1. ≤43 inches"
"LG","50UM767H0LD","Australia,New Zealand","LCD (LED)","0.4","2028-06-26","Available",,"ATV5687",154717,125.727,6754.5112,45,167,7,7.398392383299008,49.4988188976378,"2. 44–55 inches"
"LG","55UM767H0LD","Australia,New Zealand","LCD (LED)","0.4","2028-06-26","Available",,"ATV5682",154718,138.783,8230.118400000001,59,218,7,7.013446928881777,54.63897637795275,"2. 44–55 inches"
"LG","65UM767H0LD","Australia,New Zealand","LCD (LED)","0.4","2028-06-26","Available",,"ATV5688",154719,163.897,11477.9975,65,240,7,7.972684747758714,64.52637795275591,"3. 56–65 inches"
"LG","75UM767H0LD","Australia,New Zealand","LCD (LED)","0.4","2028-06-26","Available",,"ATV5689",154720,189.275,15307.5663,70,258,8,8.873914883187542,74.51771653543307,"4. >65 inches"
"HISENSE","55U7KAU","Australia,New Zealand","LCD (LED)","0.32","2028-06-06","Available","https://global.hisense.com/","ATV5650",154727,138.783,8230.118400000001,82.05,339,5,5.034877339973175,54.63897637795275,"2. 44–55 inches"
"HISENSE","55U7KNZ","Australia,New Zealand","LCD (LED)","0.32","2028-06-06","Available","https://global.hisense.com/","ATV5650",154727,138.783,8230.118400000001,82.05,339,5,5.034877339973175,54.63897637795275,"2. 44–55 inches"
"HISENSE","65U7KAU","Australia,New Zealand","LCD (LED)","0.3","2028-06-06","Available","https://global.hisense.com/","ATV5652",154728,163.896,11478.122496000002,109.65,459,5,5.066927359125772,64.5259842519685,"3. 56–65 inches"
"HISENSE","65U7KNZ","Australia,New Zealand","LCD (LED)","0.3","2028-06-06","Available","https://global.hisense.com/","ATV5652",154728,163.896,11478.122496000002,109.65,459,5,5.066927359125772,64.5259842519685,"3. 56–65 inches"
"HISENSE","75U7KAU","Australia,New Zealand","LCD (LED)","0.36","2028-06-06","Available","https://global.hisense.com/","ATV5651",154729,189.34,15318.517823999999,157.47,612,5,5.0060513781658935,74.54330708661418,"4. >65 inches"
"HISENSE","75U7KNZ","Australia,New Zealand","LCD (LED)","0.36","2028-06-06","Available","https://global.hisense.com/","ATV5651",154729,189.34,15318.517823999999,157.47,612,5,5.0060513781658935,74.54330708661418,"4. >65 inches"
"HISENSE","85U7KAU","Australia,New Zealand","LCD (LED)","0.31","2028-06-06","Available","https://global.hisense.com/","ATV5653",154730,214.783,19712.16,217.19,859,4.5,4.572897158824071,84.56023622047243,"4. >65 inches"
"HISENSE","85U7KNZ","Australia,New Zealand","LCD (LED)","0.31","2028-06-06","Available","https://global.hisense.com/","ATV5653",154730,214.783,19712.16,217.19,859,4.5,4.572897158824071,84.56023622047243,"4. >65 inches"
"HISENSE","55U7K series","Australia,New Zealand","LCD (LED)","0.32","2028-06-06","Available","https://global.hisense.com/","ATV5650",154727,138.783,8230.118400000001,82.05,339,5,5.034877339973175,54.63897637795275,"2. 44–55 inches"
"HISENSE","65U7K series","Australia,New Zealand","LCD (LED)","0.3","2028-06-06","Available","https://global.hisense.com/","ATV5652",154728,163.896,11478.122496000002,109.65,459,5,5.066927359125772,64.5259842519685,"3. 56–65 inches"
"HISENSE","75U7K series","Australia,New Zealand","LCD (LED)","0.36","2028-06-06","Available","https://global.hisense.com/","ATV5651",154729,189.34,15318.517823999999,157.47,612,5,5.0060513781658935,74.54330708661418,"4. >65 inches"
"HISENSE","85U7K series","Australia,New Zealand","LCD (LED)","0.31","2028-06-06","Available","https://global.hisense.com/","ATV5653",154730,214.783,19712.16,217.19,859,4.5,4.572897158824071,84.56023622047243,"4. >65 inches"
"THOMSON","STVLED43FHDB","Australia,Fiji,New Zealand","LCD (LED)","0.31","2028-06-07","Available",,"ATV5655",154747,107.953,4979.69208,41.53,162,6,6.316078253768346,42.5011811023622,"1. ≤43 inches"
"KOGAN","KALED55R93STA","Australia,Fiji,New Zealand","LCD (LED)","0.4","2028-06-11","Available",,"ATV5660",154784,138.783,8230.118400000001,77.8,302,5.5,5.552808910591775,54.63897637795275,"2. 44–55 inches"
"KOGAN","KALED55R93STB","Australia,Fiji,New Zealand","LCD (LED)","0.4","2028-06-11","Available",,"ATV5660",154784,138.783,8230.118400000001,77.8,302,5.5,5.552808910591775,54.63897637795275,"2. 44–55 inches"
"KOGAN","KALED55R93STC","Australia,Fiji,New Zealand","LCD (LED)","0.4","2028-06-11","Available",,"ATV5660",154784,138.783,8230.118400000001,77.8,302,5.5,5.552808910591775,54.63897637795275,"2. 44–55 inches"
"KOGAN","KALED55R93STD","Australia,Fiji,New Zealand","LCD (LED)","0.4","2028-06-11","Available",,"ATV5660",154784,138.783,8230.118400000001,77.8,302,5.5,5.552808910591775,54.63897637795275,"2. 44–55 inches"
"KOGAN","KALED55R93STE","Australia,Fiji,New Zealand","LCD (LED)","0.4","2028-06-11","Available",,"ATV5660",154784,138.783,8230.118400000001,77.8,302,5.5,5.552808910591775,54.63897637795275,"2. 44–55 inches"
"KOGAN","KALED50R93STA","Australia,Fiji,New Zealand","LCD (LED)","0.35","2028-06-07","Available",,"ATV5656",154785,125.638,6745.2,69.15,276,5,5.141294446384899,49.463779527559055,"2. 44–55 inches"
"KOGAN","KALED50R93STB","Australia,Fiji,New Zealand","LCD (LED)","0.35","2028-06-07","Available",,"ATV5656",154785,125.638,6745.2,69.15,276,5,5.141294446384899,49.463779527559055,"2. 44–55 inches"
"KOGAN","KALED50R93STC","Australia,Fiji,New Zealand","LCD (LED)","0.35","2028-06-07","Available",,"ATV5656",154785,125.638,6745.2,69.15,276,5,5.141294446384899,49.463779527559055,"2. 44–55 inches"
"KOGAN","KALED50R93STD","Australia,Fiji,New Zealand","LCD (LED)","0.35","2028-06-07","Available",,"ATV5656",154785,125.638,6745.2,69.15,276,5,5.141294446384899,49.463779527559055,"2. 44–55 inches"
"KOGAN","KALED50R93STE","Australia,Fiji,New Zealand","LCD (LED)","0.35","2028-06-07","Available",,"ATV5656",154785,125.638,6745.2,69.15,276,5,5.141294446384899,49.463779527559055,"2. 44–55 inches"
"TOSHIBA","55Z870MP","Australia,New Zealand","LCD (LED)","0.342","2028-06-13","Available","https://global.hisense.com/","ATV5662",154887,138.783,8230.118400000001,115.82,459,3.5,3.6767825131441074,54.63897637795275,"2. 44–55 inches"
"TOSHIBA","65Z870MP","Australia,New Zealand","LCD (LED)","0.41","2028-06-13","Available","https://global.hisense.com/","ATV5663",154888,163.896,11478.122496000002,129.47,520,4.5,4.507742024035239,64.5259842519685,"3. 56–65 inches"
"TOSHIBA","75Z870MP","Australia,New Zealand","LCD (LED)","0.29","2028-06-12","Available","https://global.hisense.com/","ATV5661",154889,189.274,15307.855004000001,199.04,764,4,4.0089292588902365,74.51732283464567,"4. >65 inches"
"SAMSUNG","QA55QE1CAS","Australia,Fiji,New Zealand","LCD (LED)","0.5","2028-06-17","Available",,"ATV5665",154890,138.783,8230.118400000001,82,302,5.5,5.552808910591775,54.63897637795275,"2. 44–55 inches"
"SAMSUNG","QA75QE1CAW","Australia,Fiji,New Zealand","LCD (LED)","0.5","2028-06-17","Available",,"ATV5664",154893,189.338,15318.8066,130,478,6,6.113587651012818,74.54251968503937,"4. >65 inches"
"SAMSUNG","QA75QE1CAS","Australia,Fiji,New Zealand","LCD (LED)","0.5","2028-06-17","Available",,"ATV5664",154893,189.338,15318.8066,130,478,6,6.113587651012818,74.54251968503937,"4. >65 inches"
"SAMSUNG","QA75QE1CA*","Australia,Fiji,New Zealand","LCD (LED)","0.5","2028-06-17","Available",,"ATV5664",154893,189.338,15318.8066,130,478,6,6.113587651012818,74.54251968503937,"4. >65 inches"
"KOGAN","KALED22F5ZA","Australia,Fiji,New Zealand","LCD","-","2028-06-18","Available",,"ATV5666",154899,54.626,1275.68,25.2,95,3.5,3.9760647614621036,21.506299212598424,"1. ≤43 inches"
"KOGAN","KALED22F5ZB","Australia,Fiji,New Zealand","LCD","-","2028-06-18","Available",,"ATV5666",154899,54.626,1275.68,25.2,95,3.5,3.9760647614621036,21.506299212598424,"1. ≤43 inches"
"KOGAN","KALED22F5ZC","Australia,Fiji,New Zealand","LCD","-","2028-06-18","Available",,"ATV5666",154899,54.626,1275.68,25.2,95,3.5,3.9760647614621036,21.506299212598424,"1. ≤43 inches"
"KOGAN","KALED22F5ZD","Australia,Fiji,New Zealand","LCD","-","2028-06-18","Available",,"ATV5666",154899,54.626,1275.68,25.2,95,3.5,3.9760647614621036,21.506299212598424,"1. ≤43 inches"
"LG","43UQ7050PSA","Australia,New Zealand","LCD (LED)","0.31","2028-06-24","Available",,"ATV5679",154908,107.987,4982.7128,74,273,3.5,3.97971772446849,42.514566929133856,"1. ≤43 inches"
"KOGAN","KALED22F5Z*","Australia,Fiji,New Zealand","LCD","-","2028-06-18","Available",,"ATV5666",154899,54.626,1275.68,25.2,95,3.5,3.9760647614621036,21.506299212598424,"1. ≤43 inches"
"LG","50UQ7050PSA","Australia,New Zealand","LCD (LED)","0.35","2028-06-24","Available",,"ATV5678",154990,125.731,6754.867344,83,305,4.5,4.699366629657529,49.5003937007874,"2. 44–55 inches"
"LG","55UQ7050PSA","Australia,New Zealand","LCD (LED)","0.36","2028-06-24","Available",,"ATV5680",154991,138.783,8230.118400000001,90,331,5,5.141901414219262,54.63897637795275,"2. 44–55 inches"
"BLAUPUNKT","BP50WOS2","Australia,Fiji,New Zealand","LCD (LED)","-","2028-06-19","Available","https://www.ayonz.com/","ATV5669",155004,125.731,6754.867344,78.5,330,4,4.346316418754582,49.5003937007874,"2. 44–55 inches"
"ENGLAON","LED24M40","Australia,New Zealand","LCD (LED)","-","2028-06-21","Available",,"ATV5672",155061,59.774,1526.53,16.5,70,5.5,5.880197819230076,23.53307086614173,"1. ≤43 inches"
"ENGLAON","LED24M80","Australia,New Zealand","LCD (LED)","-","2028-06-21","Available",,"ATV5677",155058,59.81,1528.4516,20.3,78,5,5.399112734703527,23.54724409448819,"1. ≤43 inches"
"ENGLAON","LED24X80","Australia,New Zealand","LCD (LED)","-","2028-06-21","Available",,"ATV5677",155058,59.81,1528.4516,20.3,78,5,5.399112734703527,23.54724409448819,"1. ≤43 inches"
"ENGLAON","24in Smart TV","Australia,New Zealand","LCD (LED)","-","2028-06-21","Available",,"ATV5677",155058,59.81,1528.4516,20.3,78,5,5.399112734703527,23.54724409448819,"1. ≤43 inches"
"SAMSUNG","QA77S89CAW","Australia,New Zealand","LCD (LED)","0.5","2028-06-26","Available",,"ATV5691",155062,195.177,16277.825900000002,178,653,4.5,4.976100869213291,76.84133858267717,"4. >65 inches"
"ENGLAON","LED24M50","Australia,New Zealand","LCD (LED)","-","2028-06-21","Available",,"ATV5676",155064,59.809,1528.497216,25.03,95,4.5,4.515611521736828,23.546850393700787,"1. ≤43 inches"
"ENGLAON","LED32M50","Australia,New Zealand","LCD (LED)","-","2028-06-21","Available",,"ATV5673",155066,80.131,2743.6644,43.25,163,4,4.046337416196342,31.54763779527559,"1. ≤43 inches"
"TOSHIBA","75Z670MP","Australia,New Zealand","LCD (LED)","0.409","2028-06-21","Available","https://global.hisense.com/","ATV5674",155113,189.34,15318.517823999999,144.63,575,5,5.2855227827737865,74.54330708661418,"4. >65 inches"
"TOSHIBA","65Z670MP","Australia,New Zealand","LCD (LED)","0.283","2028-06-21","Available","https://global.hisense.com/","ATV5671",155114,163.896,11478.122496000002,117.13,465,5,5.008726279819099,64.5259842519685,"3. 56–65 inches"
"TOSHIBA","55Z670MP","Australia,New Zealand","LCD (LED)","0.285","2028-06-21","Available","https://global.hisense.com/","ATV5675",155115,138.783,8230.118400000001,86.66,341,5,5.008515969149676,54.63897637795275,"2. 44–55 inches"
"PHILIPS","32PHT6918/79","Australia,Fiji,New Zealand","LCD (LED)","0.36","2028-07-10","Available",,"ATV5701",155195,80.054,2736.1600000000003,25.7,105,6,6.007444889755374,31.517322834645668,"1. ≤43 inches"
"PHILIPS","43PUT7908/75","Australia,Fiji,New Zealand","LCD (LED)","0.41","2028-07-10","Available",,"ATV5700",155197,107.95,4977.889999999999,82.7,334,3,3.0721486367805606,42.5,"1. ≤43 inches"
"CHIQ","L32G7PG","Australia,Fiji,New Zealand","LCD (LED)","0.4","2028-06-27","Available",,"ATV5692",155200,79.967,2732.2400000000002,27.7,116,5.5,5.555846834752298,31.48307086614173,"1. ≤43 inches"
"CHIQ","L40G7PG","Australia,Fiji,New Zealand","LCD (LED)","0.4","2028-06-26","Available",,"ATV5690",155201,100.305,4258.3,46.8,189,5,5.016571587863471,39.49015748031496,"1. ≤43 inches"
"CHIQ","U75F8TG","Australia,Fiji,New Zealand","LCD (LED)","0.41","2028-06-26","Available",,"ATV5681",155202,189.306,15312,137.7,532,5.5,5.632024320830119,74.52992125984252,"4. >65 inches"
"SAMSUNG","QA98Q80CAW","Australia,Fiji,New Zealand","LCD (LED)","0.5","2028-03-21","Available",,"ATV5528",153032,247.702,26217.681599999996,289,1058,4.5,4.878897864259041,97.52047244094489,"4. >65 inches"
"SAMSUNG","QA98Q80CAS","Australia,Fiji,New Zealand","LCD (LED)","0.5","2028-03-21","Available",,"ATV5528",153032,247.702,26217.681599999996,289,1058,4.5,4.878897864259041,97.52047244094489,"4. >65 inches"
"SAMSUNG","QA98Q80CA*","Australia,Fiji,New Zealand","LCD (LED)","0.5","2028-03-21","Available",,"ATV5528",153032,247.702,26217.681599999996,289,1058,4.5,4.878897864259041,97.52047244094489,"4. >65 inches"
"KOGAN","KALED43U94VA","Australia,Fiji,New Zealand","LCD (LED)","0.45","2028-07-03","Available","https://www.expressluck.com","ATV5694",155258,107.987,4982.77868544,51.44,221,4.5,4.926734502287409,42.514566929133856,"1. ≤43 inches"
"KOGAN","KALED43U94VB","Australia,Fiji,New Zealand","LCD (LED)","0.45","2028-07-03","Available","https://www.expressluck.com","ATV5694",155258,107.987,4982.77868544,51.44,221,4.5,4.926734502287409,42.514566929133856,"1. ≤43 inches"
"KOGAN","KALED43U94VC","Australia,Fiji,New Zealand","LCD (LED)","0.45","2028-07-03","Available","https://www.expressluck.com","ATV5694",155258,107.987,4982.77868544,51.44,221,4.5,4.926734502287409,42.514566929133856,"1. ≤43 inches"
"KOGAN","KALED43U94V*","Australia,Fiji,New Zealand","LCD (LED)","0.45","2028-07-03","Available","https://www.expressluck.com","ATV5694",155258,107.987,4982.77868544,51.44,221,4.5,4.926734502287409,42.514566929133856,"1. ≤43 inches"
"EKO","K70USW2","Australia,Fiji,New Zealand","LCD","-","2028-07-12","Available","https://www.ayonz.com/","ATV5713",155332,176.538,13380.468019200001,145.2,532,5,5.055950764254519,69.50314960629922,"4. >65 inches"
"HISENSE","32A4KAU","Australia","LCD (LED)","0.31","2028-07-05","Available","https://global.hisense.com/","ATV5695",155359,80.04,2736.7587940000003,22.8,93,6,6.552094678514144,31.511811023622048,"1. ≤43 inches"
"HISENSE","40A4KAU","Australia","LCD (LED)","0.28","2028-07-05","Available","https://global.hisense.com/","ATV5697",155360,100.332,4261.906885,29.07,121,7,7.018348467224255,39.5007874015748,"1. ≤43 inches"
"HISENSE","65U8KAU","Australia,New Zealand","LCD (LED)","0.393","2028-07-05","Available","https://global.hisense.com/","ATV5696",155361,163.896,11478.122496000002,133.75,520,4.5,4.507742024035239,64.5259842519685,"3. 56–65 inches"
"HISENSE","65U8KNZ","Australia,New Zealand","LCD (LED)","0.393","2028-07-05","Available","https://global.hisense.com/","ATV5696",155361,163.896,11478.122496000002,133.75,520,4.5,4.507742024035239,64.5259842519685,"3. 56–65 inches"
"HISENSE","75U8KAU","Australia,New Zealand","LCD (LED)","0.366","2028-07-08","Available","https://global.hisense.com/","ATV5698",155362,189.34,15318.517823999999,161.33,639,4.5,4.8125787386432854,74.54330708661418,"4. >65 inches"
"HISENSE","75U8KNZ","Australia,New Zealand","LCD (LED)","0.366","2028-07-08","Available","https://global.hisense.com/","ATV5698",155362,189.34,15318.517823999999,161.33,639,4.5,4.8125787386432854,74.54330708661418,"4. >65 inches"
"HISENSE","65U8K series","Australia,New Zealand","LCD (LED)","0.393","2028-07-05","Available","https://global.hisense.com/","ATV5696",155361,163.896,11478.122496000002,133.75,520,4.5,4.507742024035239,64.5259842519685,"3. 56–65 inches"
"HISENSE","75U8K series","Australia,New Zealand","LCD (LED)","0.366","2028-07-08","Available","https://global.hisense.com/","ATV5698",155362,189.34,15318.517823999999,161.33,639,4.5,4.8125787386432854,74.54330708661418,"4. >65 inches"
"FFALCON","FF32S53","Australia,Fiji,New Zealand","LCD (LED)","0.36","2028-07-11","Available","https://www.tcl.com/au","ATV5706",155398,79.967,2732.2400000000002,27,110,5.5,5.793854274363063,31.48307086614173,"1. ≤43 inches"
"FFALCON","FF40S53","Australia,Fiji,New Zealand","LCD (LED)","0.352","2028-07-11","Available","https://www.tcl.com/au","ATV5707",155399,100.305,4258.3,35.6,180,5,5.235220811119446,39.49015748031496,"1. ≤43 inches"
"FFALCON","FF50U63","Australia,Fiji,New Zealand","LCD (LED)","0.325","2028-07-11","Available","https://www.tcl.com/au","ATV5712",155400,125.638,6745.2,50.3,204,6,6.49594202679958,49.463779527559055,"2. 44–55 inches"
"FFALCON","FF55U63","Australia,Fiji,New Zealand","LCD (LED)","0.348","2028-07-11","Available","https://www.tcl.com/au","ATV5708",155401,138.711,8221.2,53,250,6,6.395167775876558,54.61062992125985,"2. 44–55 inches"
"CHIQ","U43G7PG","Australia,Fiji,New Zealand","LCD (LED)","0.38","2028-07-11","Available",,"ATV5709",155421,107.95,4977.889999999999,52.9,214,5,5.067119924693827,42.5,"1. ≤43 inches"
"CHIQ","U50G7PG","Australia,Fiji,New Zealand","LCD (LED)","0.36","2028-07-11","Available",,"ATV5704",155422,125.638,6745.2,69.9,276,5,5.141294446384899,49.463779527559055,"2. 44–55 inches"
"CHIQ","U55G7PG","Australia,Fiji,New Zealand","LCD (LED)","0.4","2028-07-11","Available",,"ATV5710",155423,138.798,8228,82.3,320,5,5.292298502011051,54.64488188976378,"2. 44–55 inches"
"CHIQ","U58G7PG","Australia,Fiji,New Zealand","LCD (LED)","0.4","2028-07-11","Available",,"ATV5703",155424,146.039,9156.699999999999,86.5,349,5,5.346992914065456,57.49566929133858,"3. 56–65 inches"
"CHIQ","U65G7PG","Australia,Fiji,New Zealand","LCD (LED)","0.4","2028-07-11","Available",,"ATV5711",155425,163.829,11466.84,94,404,5.5,5.634761250243758,64.4996062992126,"3. 56–65 inches"
"CHIQ","U65QM8VG","Australia,Fiji,New Zealand","LCD (LED)","0.45","2028-07-11","Available",,"ATV5702",155426,163.829,11466.84,158,579,4,4.021953721223637,64.4996062992126,"3. 56–65 inches"
"KODAK","KD65WOS2","Australia,Fiji,New Zealand","LCD (LED)","0.3594","2028-07-15","Available",,"ATV5714",155477,163.896,11478.122496000002,95.274,367,6,6.0693688847202,64.5259842519685,"3. 56–65 inches"
"PHILIPS","50PUT7428/79","Australia,Fiji,New Zealand","LCD (LED)","0.42","2028-07-29","Available",,"ATV5734",155480,125.725,6751.36,66.6,269,5,5.260125965020835,49.49803149606299,"2. 44–55 inches"
"PHILIPS","65PUT7428/79","Australia,Fiji,New Zealand","LCD (LED)","0.39","2028-07-30","Available",,"ATV5736",155483,163.878,11481.120000000003,101.3,409,5.5,5.584895075395215,64.51889763779526,"3. 56–65 inches"
"KOGAN","KALED60U93NA","Australia,Fiji,New Zealand","LCD","0.3","2028-07-22","Available",,"ATV5722",155515,152.663,9958.2104,110.3,405,5,5.030432129486525,60.10354330708662,"3. 56–65 inches"
"KOGAN","KALED60U93NB","Australia,Fiji,New Zealand","LCD","0.3","2028-07-22","Available",,"ATV5722",155515,152.663,9958.2104,110.3,405,5,5.030432129486525,60.10354330708662,"3. 56–65 inches"
"KOGAN","*60*","Australia,Fiji,New Zealand","LCD","0.3","2028-07-22","Available",,"ATV5722",155515,152.663,9958.2104,110.3,405,5,5.030432129486525,60.10354330708662,"3. 56–65 inches"
"KONKA","KDE40RR314FANT","Australia,Fiji,New Zealand","LCD (LED)","0.45","2028-07-19","Available","https://www.konka.com/cn/Index.aspx","ATV5718",155554,100.332,4261.906885,44.91,189,5,5.019830173343795,39.5007874015748,"1. ≤43 inches"
"KONKA","KDE40RR315ANT","Australia,Fiji,New Zealand","LCD (LED)","0.45","2028-07-19","Available","https://www.konka.com/cn/Index.aspx","ATV5718",155554,100.332,4261.906885,44.91,189,5,5.019830173343795,39.5007874015748,"1. ≤43 inches"
"KOGAN","KALED40R93STA","Australia,Fiji,New Zealand","LCD (LED)","0.4","2028-07-23","Available",,"ATV5726",155556,100.305,4258.3,40,149,6,6.082256469696936,39.49015748031496,"1. ≤43 inches"
"KOGAN","KALED40R93STB","Australia,Fiji,New Zealand","LCD (LED)","0.4","2028-07-23","Available",,"ATV5726",155556,100.305,4258.3,40,149,6,6.082256469696936,39.49015748031496,"1. ≤43 inches"
"KOGAN","KALED40R93STC","Australia,Fiji,New Zealand","LCD (LED)","0.4","2028-07-23","Available",,"ATV5726",155556,100.305,4258.3,40,149,6,6.082256469696936,39.49015748031496,"1. ≤43 inches"
"KOGAN","KALED40R93STD","Australia,Fiji,New Zealand","LCD (LED)","0.4","2028-07-23","Available",,"ATV5726",155556,100.305,4258.3,40,149,6,6.082256469696936,39.49015748031496,"1. ≤43 inches"
"KOGAN","KALED40R93STE","Australia,Fiji,New Zealand","LCD (LED)","0.4","2028-07-23","Available",,"ATV5726",155556,100.305,4258.3,40,149,6,6.082256469696936,39.49015748031496,"1. ≤43 inches"
"KONKA","UDE55QR314FANT","Australia,Fiji,New Zealand","LCD (LED)","0.43","2028-07-22","Available","https://www.konka.com/cn/Index.aspx","ATV5723",155555,138.783,8230.118400000001,86.23,341,5,5.008515969149676,54.63897637795275,"2. 44–55 inches"
"KONKA","UDE55QR315ANT","Australia,Fiji,New Zealand","LCD (LED)","0.43","2028-07-22","Available","https://www.konka.com/cn/Index.aspx","ATV5723",155555,138.783,8230.118400000001,86.23,341,5,5.008515969149676,54.63897637795275,"2. 44–55 inches"
"KONKA","KDE32RR314FANT-5","Australia,Fiji,New Zealand","LCD (LED)","0.39","2028-07-19","Available","https://www.konka.com/cn/Index.aspx","ATV5717",155558,80.039,2736.6498,31.51,131,5,5.016627757095919,31.511417322834646,"1. ≤43 inches"
"KONKA","KDE32RR315ANT","Australia,Fiji,New Zealand","LCD (LED)","0.39","2028-07-19","Available","https://www.konka.com/cn/Index.aspx","ATV5717",155558,80.039,2736.6498,31.51,131,5,5.016627757095919,31.511417322834646,"1. ≤43 inches"
"TOSHIBA","85Z670MP","Australia,New Zealand","LCD (LED)","0.33","2028-07-18","Available","https://global.hisense.com/","ATV5715",155565,214.783,19712.16,240.73,975,4,4.005242174991582,84.56023622047243,"4. >65 inches"
"KONKA","UDE50QR314FANT","Australia,Fiji,New Zealand","LCD (LED)","0.42","2028-07-19","Available","https://www.konka.com/cn/Index.aspx","ATV5721",155568,125.731,6754.867344,72.19,285,5,5.003308177326365,49.5003937007874,"2. 44–55 inches"
"KONKA","UDE50QR315ANT","Australia,Fiji,New Zealand","LCD (LED)","0.42","2028-07-19","Available","https://www.konka.com/cn/Index.aspx","ATV5721",155568,125.731,6754.867344,72.19,285,5,5.003308177326365,49.5003937007874,"2. 44–55 inches"
"KOGAN","KALED60U93NC","Australia,Fiji,New Zealand","LCD","0.3","2028-07-22","Available",,"ATV5722",155515,152.663,9958.2104,110.3,405,5,5.030432129486525,60.10354330708662,"3. 56–65 inches"
"KOGAN","KALED60U93ND","Australia,Fiji,New Zealand","LCD","0.3","2028-07-22","Available",,"ATV5722",155515,152.663,9958.2104,110.3,405,5,5.030432129486525,60.10354330708662,"3. 56–65 inches"
"KOGAN","D60S218-U-T2-W","Australia,Fiji,New Zealand","LCD","0.3","2028-07-22","Available",,"ATV5722",155515,152.663,9958.2104,110.3,405,5,5.030432129486525,60.10354330708662,"3. 56–65 inches"
"SAMSUNG","QA83S90CAE","Australia,Fiji,New Zealand","LCD (LED)","0.5","2028-07-11","Available",,"ATV5705",155188,209.585,18769.3425,192,704,5,5.252735649098687,82.51377952755905,"4. >65 inches"
"SAMSUNG","QA83S**CA*","Australia,Fiji,New Zealand","LCD (LED)","0.5","2028-07-11","Available",,"ATV5705",155188,209.585,18769.3425,192,704,5,5.252735649098687,82.51377952755905,"4. >65 inches"
"SAMSUNG","QA83S89CAW","Australia,Fiji,New Zealand","LCD (LED)","0.5","2028-07-11","Available",,"ATV5705",155188,209.585,18769.3425,192,704,5,5.252735649098687,82.51377952755905,"4. >65 inches"
"SAMSUNG","QA83S89CAS","Australia,Fiji,New Zealand","LCD (LED)","0.5","2028-07-11","Available",,"ATV5705",155188,209.585,18769.3425,192,704,5,5.252735649098687,82.51377952755905,"4. >65 inches"
"HISENSE","55U6KAU","Australia,New Zealand","LCD (LED)","0.301","2028-07-19","Available","https://global.hisense.com/","ATV5720",155583,138.783,8230.118400000001,85.64,339,5,5.034877339973175,54.63897637795275,"2. 44–55 inches"
"HISENSE","55U6KNZ","Australia,New Zealand","LCD (LED)","0.301","2028-07-19","Available","https://global.hisense.com/","ATV5720",155583,138.783,8230.118400000001,85.64,339,5,5.034877339973175,54.63897637795275,"2. 44–55 inches"
"HISENSE","65U6KAU","Australia,New Zealand","LCD (LED)","0.306","2028-07-19","Available","https://global.hisense.com/","ATV5716",155584,163.896,11478.122496000002,140.56,555,4,4.215825444831754,64.5259842519685,"3. 56–65 inches"
"HISENSE","65U6KNZ","Australia,New Zealand","LCD (LED)","0.306","2028-07-19","Available","https://global.hisense.com/","ATV5716",155584,163.896,11478.122496000002,140.56,555,4,4.215825444831754,64.5259842519685,"3. 56–65 inches"
"HISENSE","75U6KAU","Australia,New Zealand","LCD (LED)","0.326","2028-07-19","Available","https://global.hisense.com/","ATV5719",155585,189.274,15307.855004000001,154.66,599,5,5.0992865182334395,74.51732283464567,"4. >65 inches"
"HISENSE","75U6KNZ","Australia,New Zealand","LCD (LED)","0.326","2028-07-19","Available","https://global.hisense.com/","ATV5719",155585,189.274,15307.855004000001,154.66,599,5,5.0992865182334395,74.51732283464567,"4. >65 inches"
"HISENSE","55U6K series","Australia,New Zealand","LCD (LED)","0.301","2028-07-19","Available","https://global.hisense.com/","ATV5720",155583,138.783,8230.118400000001,85.64,339,5,5.034877339973175,54.63897637795275,"2. 44–55 inches"
"HISENSE","65U6K series","Australia,New Zealand","LCD (LED)","0.306","2028-07-19","Available","https://global.hisense.com/","ATV5716",155584,163.896,11478.122496000002,140.56,555,4,4.215825444831754,64.5259842519685,"3. 56–65 inches"
"HISENSE","75U6K series","Australia,New Zealand","LCD (LED)","0.326","2028-07-19","Available","https://global.hisense.com/","ATV5719",155585,189.274,15307.855004000001,154.66,599,5,5.0992865182334395,74.51732283464567,"4. >65 inches"
"BLAUPUNKT","BP650USG9800","Australia,Fiji,New Zealand","LCD (LED)","0.3764","2028-07-23","Available",,"ATV5725",155592,163.896,11478.122496000002,141.108,540,4,4.338611758963385,64.5259842519685,"3. 56–65 inches"
"EKO","K650UGT","Australia,Fiji,New Zealand","LCD (LED)","0.3764","2028-07-23","Available",,"ATV5724",155594,163.896,11478.122496000002,141.108,540,4,4.338611758963385,64.5259842519685,"3. 56–65 inches"
"BLAUPUNKT","BP550USG9800","Australia,Fiji,New Zealand","LCD (LED)","0.2546","2028-07-29","Available",,"ATV5733",155611,138.783,8230.118400000001,87.678,338,5,5.048116404602346,54.63897637795275,"2. 44–55 inches"
"EKO","K550UGT","Australia,Fiji,New Zealand","LCD (LED)","0.2546","2028-07-30","Available",,"ATV5735",155613,138.783,8230.118400000001,87.678,338,5,5.048116404602346,54.63897637795275,"2. 44–55 inches"
"BLAUPUNKT","BP500USG9800","Australia,Fiji,New Zealand","LCD","0.38","2028-07-25","Available","https://www.ayonz.com/","ATV5728",155639,125.251,6725.3,102.36,376,3.5,3.74369813786958,49.31141732283465,"2. 44–55 inches"
"EKO","K240HSG","Australia,Fiji,New Zealand","LCD","0.25","2028-07-26","Available","https://www.ayonz.com/","ATV5729",155641,59.774,1526.53,20.8,78,5,5.395247284012249,23.53307086614173,"1. ≤43 inches"
"BLAUPUNKT","BP240HSG9800","Australia,Fiji,New Zealand","LCD","0.21","2028-07-26","Available","https://www.ayonz.com/","ATV5730",155665,59.774,1526.53,20.94,78,5,5.395247284012249,23.53307086614173,"1. ≤43 inches"
"PHILIPS","55PUT7428/79","Australia,Fiji,New Zealand","LCD (LED)","0.48","2028-07-26","Available",,"ATV5731",155702,138.798,8228,79.3,321,5,5.278315900596547,54.64488188976378,"2. 44–55 inches"
"PHILIPS","43PUT7428/79","Australia,Fiji,New Zealand","LCD (LED)","0.41","2028-07-26","Available",,"ATV5732",155735,107.95,4977.889999999999,80.8,327,3,3.167068798957339,42.5,"1. ≤43 inches"
"PHILIPS","43PFT6918/79","Australia,Fiji,New Zealand","LCD (LED)","0.39","2028-08-01","Available",,"ATV5738",155824,107.95,4977.889999999999,38,155,6,6.512606008440962,42.5,"1. ≤43 inches"
"TAVICE","65DF","Australia,New Zealand","LCD","0.39","2028-08-06","Available",,"ATV5741",155884,163.84,11487.349999999999,130.03,477,4.5,4.897938042835031,64.50393700787401,"3. 56–65 inches"
"KODAK","KD65G11","Australia,Fiji,New Zealand","LCD","0.354","2028-08-01","Available",,"ATV5740",155890,163.132,11402.6,94.65,358,6,6.152760171397917,64.2251968503937,"3. 56–65 inches"
"BAUHN","ATV40FHDG-1123","Australia","LCD (LED)","0.35","2028-08-12","Available",,"ATV5745",155912,100.305,4258.3,40,148,6,6.112434496987815,39.49015748031496,"1. ≤43 inches"
"JVC","AV-J323142A","Australia","LCD","0.39","2028-08-19","Available",,"ATV5751",155910,80.039,2736.7112736,39,145,4.5,4.561680559205172,31.511417322834646,"1. ≤43 inches"
"FFALCON","FF65U63","Australia,Fiji,New Zealand","LCD (LED)","0.288","2028-08-09","Available","https://www.tcl.com/au","ATV5743",155953,163.829,11466.84,73.5,327,6,6.582378628467457,64.4996062992126,"3. 56–65 inches"
"FFALCON","FF75U63","Australia,Fiji,New Zealand","LCD (LED)","0.291","2028-08-09","Available","https://www.tcl.com/au","ATV5744",155955,189.306,15312,123.8,500,5.5,5.910030969707462,74.52992125984252,"4. >65 inches"
"FFALCON","FF43U63","Australia,Fiji,New Zealand","LCD (LED)","0.365","2028-08-08","Available","https://www.tcl.com/au","ATV5742",155956,107.95,4977.889999999999,43.6,178,5.5,5.892563741667072,42.5,"1. ≤43 inches"
"SAMSUNG","QA65QE1CAW","Australia,Fiji,New Zealand","LCD (LED)","0.5","2028-08-14","Available",,"ATV5749",156005,163.897,11477.9975,112,412,5.5,5.5509951097435115,64.52637795275591,"3. 56–65 inches"
"SAMSUNG","QA65QE1CAS","Australia,Fiji,New Zealand","LCD (LED)","0.5","2028-08-14","Available",,"ATV5749",156005,163.897,11477.9975,112,412,5.5,5.5509951097435115,64.52637795275591,"3. 56–65 inches"
"SAMSUNG","QA65QE1CA*","Australia,Fiji,New Zealand","LCD (LED)","0.5","2028-08-14","Available",,"ATV5749",156005,163.897,11477.9975,112,412,5.5,5.5509951097435115,64.52637795275591,"3. 56–65 inches"
"TCL","50C845","Australia,Fiji,New Zealand","LCD (LED)","0.333","2028-09-24","Available","https://www.tcl.com/au","ATV5780",156025,125.638,6745.2,91.4,390,3.5,3.591861933680575,49.463779527559055,"2. 44–55 inches"
"EKO","K400FSG","Australia,Fiji,New Zealand","LCD (LED)","0.4","2028-08-14","Available","https://www.ayonz.com/","ATV5747",156044,100.36,4265.0248,54.48,210,4.5,4.550480363705366,39.511811023622045,"1. ≤43 inches"
"EKO","K400FAT","Australia,Fiji,New Zealand","LCD (LED)","0.4","2028-08-14","Available","https://www.ayonz.com/","ATV5747",156044,100.36,4265.0248,54.48,210,4.5,4.550480363705366,39.511811023622045,"1. ≤43 inches"
"EKO","K240HGT","Australia,Fiji,New Zealand","LCD","0.21","2028-08-15","Available","https://www.ayonz.com/","ATV5750",156077,59.774,1526.53,20.94,78,5,5.395247284012249,23.53307086614173,"1. ≤43 inches"
"KOGAN","KALED65R94KA","Australia,Fiji,New Zealand","LCD (LED)","0.391","2028-08-13","Available",,"ATV5746",156156,163.916,11474.87,86.9,372,6,6.007529267450542,64.53385826771654,"3. 56–65 inches"
"KOGAN","KALED65R94KB","Australia,Fiji,New Zealand","LCD (LED)","0.391","2028-08-13","Available",,"ATV5746",156156,163.916,11474.87,86.9,372,6,6.007529267450542,64.53385826771654,"3. 56–65 inches"
"KOGAN","KALED65R94KC","Australia,Fiji,New Zealand","LCD (LED)","0.391","2028-08-13","Available",,"ATV5746",156156,163.916,11474.87,86.9,372,6,6.007529267450542,64.53385826771654,"3. 56–65 inches"
"KOGAN","KALED65R94KD","Australia,Fiji,New Zealand","LCD (LED)","0.391","2028-08-13","Available",,"ATV5746",156156,163.916,11474.87,86.9,372,6,6.007529267450542,64.53385826771654,"3. 56–65 inches"
"KOGAN","KALED65R94K*","Australia,Fiji,New Zealand","LCD (LED)","0.391","2028-08-13","Available",,"ATV5746",156156,163.916,11474.87,86.9,372,6,6.007529267450542,64.53385826771654,"3. 56–65 inches"
"HISENSE","75UXAU","Australia,New Zealand","LCD (LED)","0.326","2028-08-20","Available","https://global.hisense.com/","ATV5752",156284,189.34,15318.517823999999,181.25,719,4,4.283964298975181,74.54330708661418,"4. >65 inches"
"HISENSE","85UXAU","Australia,New Zealand","LCD (LED)","0.315","2028-08-26","Available","https://global.hisense.com/","ATV5756",156285,214.783,19712.16,202.84,780,5,5.005242174991583,84.56023622047243,"4. >65 inches"
"HISENSE","85UXNZ","Australia,New Zealand","LCD (LED)","0.315","2028-08-26","Available","https://global.hisense.com/","ATV5756",156285,214.783,19712.16,202.84,780,5,5.005242174991583,84.56023622047243,"4. >65 inches"
"HISENSE","70A6KAU","Australia,New Zealand","LCD (LED)","0.337","2028-08-26","Available","https://global.hisense.com/","ATV5757",156286,176.57,13119.418367999999,104.78,415,6,6.085115800336112,69.51574803149606,"4. >65 inches"
"HISENSE","58A6KAU","Australia,New Zealand","LCD (LED)","0.317","2028-08-22","Available","https://global.hisense.com/","ATV5754",156287,146.068,9162.865152,73.72,299,6,6.042749570721936,57.50708661417323,"3. 56–65 inches"
"HISENSE","75UXNZ","Australia,New Zealand","LCD (LED)","0.326","2028-08-20","Available","https://global.hisense.com/","ATV5752",156284,189.34,15318.517823999999,181.25,719,4,4.283964298975181,74.54330708661418,"4. >65 inches"
"HISENSE","75UX series","Australia,New Zealand","LCD (LED)","0.326","2028-08-20","Available","https://global.hisense.com/","ATV5752",156284,189.34,15318.517823999999,181.25,719,4,4.283964298975181,74.54330708661418,"4. >65 inches"
"HISENSE","85UX series","Australia,New Zealand","LCD (LED)","0.315","2028-08-26","Available","https://global.hisense.com/","ATV5756",156285,214.783,19712.16,202.84,780,5,5.005242174991583,84.56023622047243,"4. >65 inches"
"EKO","K320HAT","Australia,Fiji,New Zealand","LCD (LED)","0.4","2028-08-26","Available","https://www.ayonz.com/","ATV5758",156316,79.994,2734.4184,28.86,130,5,5.048057871940883,31.493700787401576,"1. ≤43 inches"
"LINSAR","LS86UHDNF23","Australia,Fiji,New Zealand","LCD","0.41","2028-09-24","Available",,"ATV5781",156317,217.425,20200.7,169.97,630,6,6.068349670732032,85.60039370078741,"4. >65 inches"
"SVISION","SC32HSG","Australia,Fiji,New Zealand","LCD (LED)","0.4","2028-08-26","Available","https://www.ayonz.com/","ATV5759",156318,79.994,2734.4184,28.86,130,5,5.048057871940883,31.493700787401576,"1. ≤43 inches"
"EKO","K240HAT","Australia,Fiji,New Zealand","LCD (LED)","0.4","2028-08-29","Available","https://www.ayonz.com/","ATV5761",156319,59.796,1527.6372,18.72,82,5,5.173357206775349,23.541732283464565,"1. ≤43 inches"
"JVC","AV-JQ757115A","Australia","LCD (LED)","0.38","2028-08-22","Available",,"ATV5753",156324,189.34,15318.517823999999,117.5,431,6,6.577345687786619,74.54330708661418,"4. >65 inches"
"AKAI","AK6522S7TZN","Australia,Fiji,New Zealand","LCD","0.49","2028-09-06","Available",,"ATV5765",156354,163.853,11473.98,85.2,320,6,6.681981903222721,64.50905511811024,"3. 56–65 inches"
"EKO","K500UAT","Australia,Fiji,New Zealand","LCD","0.37","2028-08-26","Available","https://www.ayonz.com/","ATV5760",156356,125.725,6751.36,66.62,246,5.5,5.660674594560302,49.49803149606299,"2. 44–55 inches"
"TCL","98C845","Australia,Fiji,New Zealand","LCD (LED)","0.354","2028-09-25","Available","https://www.tcl.com/au","ATV5787",156367,247.604,26198.120000000003,197.4,890,5.5,5.650540933575439,97.48188976377953,"4. >65 inches"
"JVC","AV-J987145A","Australia","LCD (LED)","0.98","2028-09-04","Available",,"ATV5763",156394,249.606,26714.079599999997,237.4,872,5.5,5.827252980961725,98.27007874015747,"4. >65 inches"
"AKAI","AK2422S7WOS","Australia,Fiji,New Zealand","LCD (LED)","0.2","2027-10-16","Available",,"ATV5266",150505,59.774,1526.53,15.1,60,6,6.571011776968867,23.53307086614173,"1. ≤43 inches"
"AKAI","AK24**S7WOS","Australia,Fiji,New Zealand","LCD (LED)","0.2","2027-10-16","Available",,"ATV5266",150505,59.774,1526.53,15.1,60,6,6.571011776968867,23.53307086614173,"1. ≤43 inches"
"AKAI","AK2423S7WOS","Australia,Fiji,New Zealand","LCD (LED)","0.2","2027-10-16","Available",,"ATV5266",150505,59.774,1526.53,15.1,60,6,6.571011776968867,23.53307086614173,"1. ≤43 inches"
"BLAUPUNKT","BP4000HDV7100","Australia","LCD","0.38","2027-05-26","Available","https://www.ayonz.com/","ATV5079",147110,100.333,4262.2974,49.1,181,5,5.214004183541708,39.5011811023622,"1. ≤43 inches"
"SAMSUNG","UA85CU7000S","Australia,Fiji,New Zealand","LCD (LED)","0.5","2028-09-05","Available",,"ATV5764",156520,214.783,19712.16,145,532,6,6.720059511582148,84.56023622047243,"4. >65 inches"
"SAMSUNG","UA85CU7100S","Australia,Fiji,New Zealand","LCD (LED)","0.5","2028-09-05","Available",,"ATV5764",156520,214.783,19712.16,145,532,6,6.720059511582148,84.56023622047243,"4. >65 inches"
"SAMSUNG","UA85CU7*00S","Australia,Fiji,New Zealand","LCD (LED)","0.5","2028-09-05","Available",,"ATV5764",156520,214.783,19712.16,145,532,6,6.720059511582148,84.56023622047243,"4. >65 inches"
"AKAI","AK3223S7WOS","Australia,Fiji,New Zealand","LCD","0.25","2028-09-03","Available",,"ATV5762",156521,80.054,2736.1600000000003,23.5,90,6,6.698258847494166,31.517322834645668,"1. ≤43 inches"
"BLAUPUNKT","BP750USG9800","Australia,Fiji,New Zealand","LCD","0.392","2028-09-06","Available","https://www.ayonz.com/","ATV5766",156634,188.424,15195.659999999998,221.6,811,3.5,3.7098681994864435,74.18267716535433,"4. >65 inches"
"SAMSUNG","UA43CU7000S","Australia,Fiji,New Zealand","LCD (LED)","0.5","2027-12-20","Available",,"ATV5392",151606,107.987,4982.7128,70,259,4,4.2156364107821895,42.514566929133856,"1. ≤43 inches"
"SAMSUNG","UA43CU7100S","Australia,Fiji,New Zealand","LCD (LED)","0.5","2027-12-20","Available",,"ATV5392",151606,107.987,4982.7128,70,259,4,4.2156364107821895,42.514566929133856,"1. ≤43 inches"
"SAMSUNG","UA43CU7*00S","Australia,Fiji,New Zealand","LCD (LED)","0.5","2027-12-20","Available",,"ATV5392",151606,107.987,4982.7128,70,259,4,4.2156364107821895,42.514566929133856,"1. ≤43 inches"
"SAMSUNG","UA65CU7000S","Australia,Fiji,New Zealand","LCD (LED)","0.5","2027-12-20","Available",,"ATV5395",151613,163.897,11477.9975,116,426,5,5.401243988893101,64.52637795275591,"3. 56–65 inches"
"SAMSUNG","UA65CU7100S","Australia,Fiji,New Zealand","LCD (LED)","0.5","2027-12-20","Available",,"ATV5395",151613,163.897,11477.9975,116,426,5,5.401243988893101,64.52637795275591,"3. 56–65 inches"
"SAMSUNG","UA65CU7*00S","Australia,Fiji,New Zealand","LCD (LED)","0.5","2027-12-20","Available",,"ATV5395",151613,163.897,11477.9975,116,426,5,5.401243988893101,64.52637795275591,"3. 56–65 inches"
"SAMSUNG","UA75CU7000S","Australia,Fiji,New Zealand","LCD (LED)","0.5","2027-12-20","Available",,"ATV5396",151615,189.338,15318.8066,139,510,5.5,5.823191657737304,74.54251968503937,"4. >65 inches"
"SAMSUNG","UA75CU7100S","Australia,Fiji,New Zealand","LCD (LED)","0.5","2027-12-20","Available",,"ATV5396",151615,189.338,15318.8066,139,510,5.5,5.823191657737304,74.54251968503937,"4. >65 inches"
"SAMSUNG","UA75CU7*00S","Australia,Fiji,New Zealand","LCD (LED)","0.5","2027-12-20","Available",,"ATV5396",151615,189.338,15318.8066,139,510,5.5,5.823191657737304,74.54251968503937,"4. >65 inches"
"SAMSUNG","UA50CU7000S","Australia,Fiji,New Zealand","LCD (LED)","0.5","2027-12-20","Available",,"ATV5393",151607,125.727,6754.5112,80,295,4.5,4.8485470457482105,49.4988188976378,"2. 44–55 inches"
"SAMSUNG","UA50CU7100S","Australia,Fiji,New Zealand","LCD (LED)","0.5","2027-12-20","Available",,"ATV5393",151607,125.727,6754.5112,80,295,4.5,4.8485470457482105,49.4988188976378,"2. 44–55 inches"
"SAMSUNG","UA50CU7*00S","Australia,Fiji,New Zealand","LCD (LED)","0.5","2027-12-20","Available",,"ATV5393",151607,125.727,6754.5112,80,295,4.5,4.8485470457482105,49.4988188976378,"2. 44–55 inches"
"SAMSUNG","UA55CU7000S","Australia,Fiji,New Zealand","LCD (LED)","0.5","2027-12-20","Available",,"ATV5394",151610,138.783,8230.118400000001,81,299,5.5,5.597548917306669,54.63897637795275,"2. 44–55 inches"
"SAMSUNG","UA55CU7100S","Australia,Fiji,New Zealand","LCD (LED)","0.5","2027-12-20","Available",,"ATV5394",151610,138.783,8230.118400000001,81,299,5.5,5.597548917306669,54.63897637795275,"2. 44–55 inches"
"SAMSUNG","UA55CU7*00S","Australia,Fiji,New Zealand","LCD (LED)","0.5","2027-12-20","Available",,"ATV5394",151610,138.783,8230.118400000001,81,299,5.5,5.597548917306669,54.63897637795275,"2. 44–55 inches"
"PHILIPS","75HFL5214U/97","Australia,Fiji,New Zealand","LCD (LED)","0.29","2028-09-13","Available",,"ATV5776",156641,189.306,15312,99.7,450,6,6.382195704190277,74.52992125984252,"4. >65 inches"
"CAIXUN","EC32T1HN","Australia,Fiji,New Zealand","LCD (LED)","-","2026-11-17","Available","https://www.expressluck.com","ATV4688",143036,80.039,2736.7112736,25.92,110,5.5,5.799687998815937,31.511417322834646,"1. ≤43 inches"
"CAIXUN","EC32T2HN","Australia,Fiji,New Zealand","LCD (LED)","-","2026-11-17","Available","https://www.expressluck.com","ATV4688",143036,80.039,2736.7112736,25.92,110,5.5,5.799687998815937,31.511417322834646,"1. ≤43 inches"
"CAIXUN","EC32T1HA","Australia,Fiji,New Zealand","LCD (LED)","-","2026-11-17","Available","https://www.expressluck.com","ATV4688",143036,80.039,2736.7112736,25.92,110,5.5,5.799687998815937,31.511417322834646,"1. ≤43 inches"
"CAIXUN","EC32T2HA","Australia,Fiji,New Zealand","LCD (LED)","-","2026-11-17","Available","https://www.expressluck.com","ATV4688",143036,80.039,2736.7112736,25.92,110,5.5,5.799687998815937,31.511417322834646,"1. ≤43 inches"
"CAIXUN","EC32V1HA","Australia,Fiji,New Zealand","LCD (LED)","-","2026-11-17","Available","https://www.expressluck.com","ATV4688",143036,80.039,2736.7112736,25.92,110,5.5,5.799687998815937,31.511417322834646,"1. ≤43 inches"
"CAIXUN","EC32V2HA","Australia,Fiji,New Zealand","LCD (LED)","-","2026-11-17","Available","https://www.expressluck.com","ATV4688",143036,80.039,2736.7112736,25.92,110,5.5,5.799687998815937,31.511417322834646,"1. ≤43 inches"
"CAIXUN","EC32V1HN","Australia,Fiji,New Zealand","LCD (LED)","-","2026-11-17","Available","https://www.expressluck.com","ATV4688",143036,80.039,2736.7112736,25.92,110,5.5,5.799687998815937,31.511417322834646,"1. ≤43 inches"
"CAIXUN","EC32T1N","Australia,Fiji,New Zealand","LCD (LED)","-","2026-11-17","Available","https://www.expressluck.com","ATV4688",143036,80.039,2736.7112736,25.92,110,5.5,5.799687998815937,31.511417322834646,"1. ≤43 inches"
"CAIXUN","EC32T3H","Australia,Fiji,New Zealand","LCD (LED)","-","2026-11-17","Available","https://www.expressluck.com","ATV4688",143036,80.039,2736.7112736,25.92,110,5.5,5.799687998815937,31.511417322834646,"1. ≤43 inches"
"CAIXUN","*****32*****","Australia,Fiji,New Zealand","LCD (LED)","-","2026-11-17","Available","https://www.expressluck.com","ATV4688",143036,80.039,2736.7112736,25.92,110,5.5,5.799687998815937,31.511417322834646,"1. ≤43 inches"
"CAIXUN","LE-32V1","Australia,Fiji,New Zealand","LCD (LED)","-","2026-11-17","Available","https://www.expressluck.com","ATV4688",143036,80.039,2736.7112736,25.92,110,5.5,5.799687998815937,31.511417322834646,"1. ≤43 inches"
"JVC","LT-50NQ7145A","Australia","LCD","0.38","2028-09-10","Available",,"ATV5771",156661,125.725,6751.36,112.52,413,3,3.3387788732758996,49.49803149606299,"2. 44–55 inches"
"KOGAN","KALED40R94KA","Australia,Fiji,New Zealand","LCD (LED)","-","2028-09-12","Available",,"ATV5773",156684,100.333,4262.2974,40.7,158,5.5,5.823038132488297,39.5011811023622,"1. ≤43 inches"
"KOGAN","KALED40R94KB","Australia,Fiji,New Zealand","LCD (LED)","-","2028-09-12","Available",,"ATV5773",156684,100.333,4262.2974,40.7,158,5.5,5.823038132488297,39.5011811023622,"1. ≤43 inches"
"KOGAN","KALED40R94KC","Australia,Fiji,New Zealand","LCD (LED)","-","2028-09-12","Available",,"ATV5773",156684,100.333,4262.2974,40.7,158,5.5,5.823038132488297,39.5011811023622,"1. ≤43 inches"
"KOGAN","KALED32R94KA","Australia,Fiji,New Zealand","LCD (LED)","-","2028-09-13","Available",,"ATV5775",156703,80.043,2737.0770999999995,31.8,130,5,5.051525425251889,31.512992125984255,"1. ≤43 inches"
"KOGAN","KALED32R94KB","Australia,Fiji,New Zealand","LCD (LED)","-","2028-09-13","Available",,"ATV5775",156703,80.043,2737.0770999999995,31.8,130,5,5.051525425251889,31.512992125984255,"1. ≤43 inches"
"KOGAN","KALED32R94KC","Australia,Fiji,New Zealand","LCD (LED)","-","2028-09-13","Available",,"ATV5775",156703,80.043,2737.0770999999995,31.8,130,5,5.051525425251889,31.512992125984255,"1. ≤43 inches"
"JVC","LT-55NQ7145A","Australia","LCD","0.36","2028-09-16","Available",,"ATV5777",156711,138.798,8228,126.52,464,3.5,3.627166105201241,54.64488188976378,"2. 44–55 inches"
"KOGAN","KALED55R94KA","Australia,Fiji,New Zealand","LCD (LED)","0.382","2028-09-12","Available",,"ATV5772",156712,138.439,8183.46,68.9,295,5.5,5.634430436780009,54.50354330708661,"2. 44–55 inches"
"KOGAN","KALED55R94KB","Australia,Fiji,New Zealand","LCD (LED)","0.382","2028-09-12","Available",,"ATV5772",156712,138.439,8183.46,68.9,295,5.5,5.634430436780009,54.50354330708661,"2. 44–55 inches"
"KOGAN","KALED55R94KC","Australia,Fiji,New Zealand","LCD (LED)","0.382","2028-09-12","Available",,"ATV5772",156712,138.439,8183.46,68.9,295,5.5,5.634430436780009,54.50354330708661,"2. 44–55 inches"
"KOGAN","KALED55R94KD","Australia,Fiji,New Zealand","LCD (LED)","0.382","2028-09-12","Available",,"ATV5772",156712,138.439,8183.46,68.9,295,5.5,5.634430436780009,54.50354330708661,"2. 44–55 inches"
"KOGAN","KALED55R94****","Australia,Fiji,New Zealand","LCD (LED)","0.382","2028-09-12","Available",,"ATV5772",156712,138.439,8183.46,68.9,295,5.5,5.634430436780009,54.50354330708661,"2. 44–55 inches"
"KOGAN","KALED50R94KA","Australia,Fiji,New Zealand","LCD (LED)","0.395","2028-09-12","Available",,"ATV5774",156714,125.812,6757.52,66.4,285,5,5.004902443051654,49.53228346456693,"2. 44–55 inches"
"KOGAN","KALED50R94KB","Australia,Fiji,New Zealand","LCD (LED)","0.395","2028-09-12","Available",,"ATV5774",156714,125.812,6757.52,66.4,285,5,5.004902443051654,49.53228346456693,"2. 44–55 inches"
"KOGAN","KALED50R94KC","Australia,Fiji,New Zealand","LCD (LED)","0.395","2028-09-12","Available",,"ATV5774",156714,125.812,6757.52,66.4,285,5,5.004902443051654,49.53228346456693,"2. 44–55 inches"
"KOGAN","KALED50R94KD","Australia,Fiji,New Zealand","LCD (LED)","0.395","2028-09-12","Available",,"ATV5774",156714,125.812,6757.52,66.4,285,5,5.004902443051654,49.53228346456693,"2. 44–55 inches"
"KOGAN","KALED50R94****","Australia,Fiji,New Zealand","LCD (LED)","0.395","2028-09-12","Available",,"ATV5774",156714,125.812,6757.52,66.4,285,5,5.004902443051654,49.53228346456693,"2. 44–55 inches"
"BLAUPUNKT","BP650USG9800","Australia,Fiji,New Zealand","LCD (LED)","0.307698","2028-09-30","Available",,"ATV5792",156801,163.896,11478.122496000002,139.758,520,4.5,4.507742024035239,64.5259842519685,"3. 56–65 inches"
"EKO","K650UGT","Australia,Fiji,New Zealand","LCD (LED)","0.307698","2028-09-30","Available",,"ATV5791",156803,163.896,11478.122496000002,139.758,520,4.5,4.507742024035239,64.5259842519685,"3. 56–65 inches"
"EKO","K55USWQ2","Australia,Fiji,New Zealand","LCD","0.45","2028-09-24","Available","https://www.ayonz.com/","ATV5786",156804,138.783,8230.118400000001,102.7,378,4.5,4.546877182237033,54.63897637795275,"2. 44–55 inches"
"SYLVOX","OT75A2KEGC","Australia,Fiji,New Zealand","LCD (LED)","0.39","2028-09-20","Available",,"ATV5778",156806,189.34,15318.517823999999,306.7,1122,2,2.2897021939727447,74.54330708661418,"4. >65 inches"
"LG","43UM662H0LC","Australia,New Zealand","LCD (LED)","0.4","2028-09-25","Available",,"ATV5788",156855,107.987,4982.7128,36,134,7,7.168839664326816,42.514566929133856,"1. ≤43 inches"
"LG","50UM662H0LC","Australia,New Zealand","LCD (LED)","0.4","2028-09-24","Available",,"ATV5785",156856,125.727,6754.5112,40,149,7,7.909487173175795,49.4988188976378,"2. 44–55 inches"
"LG","55UM662H0LC","Australia,New Zealand","LCD (LED)","0.4","2028-09-25","Available",,"ATV5789",156857,138.783,8230.118400000001,49,181,7,7.846982249207294,54.63897637795275,"2. 44–55 inches"
"LG","65UM662H0LC","Australia,New Zealand","LCD (LED)","0.4","2028-09-24","Available",,"ATV5784",156858,163.897,11477.9975,56,207,8,8.635576994500521,64.52637795275591,"3. 56–65 inches"
"PRISM+","Q75U","Australia","LCD (LED)","-","2028-09-24","Available",,"ATV5779",156888,189.344,15304.77,165.8,670,4.5,4.596431533399473,74.54488188976377,"4. >65 inches"
"EKO","K65USW","Australia,Fiji,New Zealand","LCD (LED)","-","2028-03-20","Available","https://www.ayonz.com/","ATV5523",153057,163.897,11477.9975,154.08,581,4,4.01060819074902,64.52637795275591,"3. 56–65 inches"
"EKO","K65USW2","Australia,Fiji,New Zealand","LCD (LED)","-","2028-03-20","Available","https://www.ayonz.com/","ATV5523",153057,163.897,11477.9975,154.08,581,4,4.01060819074902,64.52637795275591,"3. 56–65 inches"
"KOGAN","KAL24DH5300QA","Australia,Fiji,New Zealand","LCD (LED)","-","2028-10-10","Available",,"ATV5800",157100,60.47,1562.462784,25.83,110,3.5,3.9263981940022497,23.807086614173226,"1. ≤43 inches"
"EKO","K42FSW3","Australia,Fiji,New Zealand","LCD (LED)","-","2028-10-09","Available","https://www.ayonz.com/","ATV5796",157104,105.422,4663.42023168,55.82,230,4,4.488668130626437,41.50472440944882,"1. ≤43 inches"
"BLAUPUNKT","BP420FSG9700","Australia,Fiji,New Zealand","LCD (LED)","0.44","2028-10-09","Available","https://www.ayonz.com/","ATV5793",157105,105.422,4663.42023168,53.38,240,4,4.297940618367445,41.50472440944882,"1. ≤43 inches"
"EKO","K50USW3","Australia,Fiji,New Zealand","LCD (LED)","0.37","2028-10-09","Available","https://www.ayonz.com/","ATV5795",157108,125.731,6754.867344,94.37,400,3,3.4842171489595257,49.5003937007874,"2. 44–55 inches"
"BLAUPUNKT","BP500USG9700","Australia,Fiji,New Zealand","LCD (LED)","0.31","2028-10-11","Available","https://www.ayonz.com/","ATV5802",157109,125.731,6754.867344,97.68,460,2.5,2.85788516870723,49.5003937007874,"2. 44–55 inches"
"EKO","K320HATTA","Australia,Fiji,New Zealand","LCD (LED)","0.41662","2028-10-09","Available","https://www.ayonz.com/","ATV5794",157113,80.039,2736.70931232,24.687,130,5,5.051045905816841,31.511417322834646,"1. ≤43 inches"
"KOGAN","KAQL50W94QA","Australia,Fiji,New Zealand","LCD (LED)","-","2028-10-11","Available",,"ATV5803",157119,125.731,6754.867344,94.01,415,3,3.3192382691940128,49.5003937007874,"2. 44–55 inches"
"KOGAN","KAQL55W94QA","Australia,Fiji,New Zealand","LCD (LED)","-","2028-10-10","Available",,"ATV5799",157120,138.783,8230.118400000001,109.19,468,3.5,3.5897619125363893,54.63897637795275,"2. 44–55 inches"
"KOGAN","KAQL65W94QA","Australia,Fiji,New Zealand","LCD (LED)","-","2028-10-10","Available",,"ATV5801",157121,163.896,11478.122496000002,134.93,543,4,4.31378388317228,64.5259842519685,"3. 56–65 inches"
"KOGAN","KAQL75W94QA","Australia,Fiji,New Zealand","LCD (LED)","-","2028-10-10","Available",,"ATV5798",157122,189.34,15318.517823999999,159.15,772,3.5,3.9652313941484554,74.54330708661418,"4. >65 inches"
"SAMSUNG","HG50CU700AW","Australia,Fiji,New Zealand","LCD (LED)","0.5","2028-10-10","Available",,"ATV5797",157176,125.727,6754.5112,80,295,4.5,4.8485470457482105,49.4988188976378,"2. 44–55 inches"
"SAMSUNG","HG55CU700AW","Australia,Fiji,New Zealand","LCD (LED)","0.5","2028-10-11","Available",,"ATV5804",157177,138.783,8230.118400000001,81,299,5.5,5.597548917306669,54.63897637795275,"2. 44–55 inches"
"JVC","LT-32N3115A11N","Australia","LCD","0.255","2028-11-15","Available",,"ATV5827",157180,80.103,2743.14,29.22,108,5.5,5.890292548310127,31.536614173228344,"1. ≤43 inches"
"EKO","K650USGQ2","Australia,Fiji,New Zealand","LCD","0.4","2028-05-16","Available","https://www.ayonz.com/","ATV5633",154241,163.954,11468.6,234.49,858,2,2.2600521183951523,64.5488188976378,"3. 56–65 inches"
"EKO","K650UGTQ","Australia,Fiji,New Zealand","LCD","0.4","2028-05-16","Available","https://www.ayonz.com/","ATV5633",154241,163.954,11468.6,234.49,858,2,2.2600521183951523,64.5488188976378,"3. 56–65 inches"
"LINSAR","LS70UHDNF","Australia","LCD (LED)","0.51","2028-10-14","Available",,"ATV5805",157231,176.592,13327.74,107.4,395,6,6.37351524694427,69.5244094488189,"4. >65 inches"
"BLAUPUNKT","BP750USG9700","Australia,Fiji,New Zealand","LCD (LED)","-","2028-10-30","Available","https://www.ayonz.com/","ATV5814",157250,189.34,15318.517823999999,160.5,656,4.5,4.694913072699023,74.54330708661418,"4. >65 inches"
"SAMSUNG","HG43CU700AW","Australia,Fiji,New Zealand","LCD (LED)","0.5","2028-10-28","Available",,"ATV5809",157291,107.987,4982.7128,70,259,4,4.2156364107821895,42.514566929133856,"1. ≤43 inches"
"SAMSUNG","HG65CU700AW","Australia,Fiji,New Zealand","LCD (LED)","0.5","2028-10-28","Available",,"ATV5810",157297,163.897,11477.9975,126,463,5,5.027996779523445,64.52637795275591,"3. 56–65 inches"
"LINSAR","LS65UHDZEN","Australia,Fiji,New Zealand","LCD","0.49","2028-10-29","Available",,"ATV5811",157322,163.853,11473.98,85.2,320,6,6.681981903222721,64.50905511811024,"3. 56–65 inches"
"SAMSUNG","HG75CU700AW","Australia,Fiji,New Zealand","LCD (LED)","0.5","2028-10-28","Available",,"ATV5808",157446,189.338,15318.8066,143,525,5.5,5.69328632683023,74.54251968503937,"4. >65 inches"
"KOGAN","KALED40F98VA","Australia,Fiji,New Zealand","LCD (LED)","-","2028-10-22","Available",,"ATV5806",157472,100.36,4265.0248,54.48,210,4.5,4.550480363705366,39.511811023622045,"1. ≤43 inches"
"KOGAN","KALED40F98VB","Australia,Fiji,New Zealand","LCD (LED)","-","2028-10-22","Available",,"ATV5806",157472,100.36,4265.0248,54.48,210,4.5,4.550480363705366,39.511811023622045,"1. ≤43 inches"
"KOGAN","KALED40F98VC","Australia,Fiji,New Zealand","LCD (LED)","-","2028-10-22","Available",,"ATV5806",157472,100.36,4265.0248,54.48,210,4.5,4.550480363705366,39.511811023622045,"1. ≤43 inches"
"ENGLAON","LED27M80","Australia,New Zealand","LCD (LED)","-","2028-10-25","Available",,"ATV5807",157544,68.568,2009.1311999999998,42.76,158,3,3.1109409488656943,26.99527559055118,"1. ≤43 inches"
"ENGLAON","LED27X80","Australia,New Zealand","LCD (LED)","-","2028-10-25","Available",,"ATV5807",157544,68.568,2009.1311999999998,42.76,158,3,3.1109409488656943,26.99527559055118,"1. ≤43 inches"
"ENGLAON","27in Smart TV","Australia,New Zealand","LCD (LED)","-","2028-10-25","Available",,"ATV5807",157544,68.568,2009.1311999999998,42.76,158,3,3.1109409488656943,26.99527559055118,"1. ≤43 inches"
"EKO","K75USW2","Australia,Fiji,New Zealand","LCD (LED)","-","2028-11-01","Available","https://www.ayonz.com/","ATV5815",157581,189.34,15318.517823999999,186.3,682,4.5,4.5207253416601745,74.54330708661418,"4. >65 inches"
"BLAUPUNKT","BP75WOS","Australia,Fiji,New Zealand","LCD (LED)","-","2028-10-30","Available","https://www.ayonz.com/","ATV5813",157567,189.34,15318.517823999999,186.3,682,4.5,4.5207253416601745,74.54330708661418,"4. >65 inches"
"BLAUPUNKT","BP700USG9700","Australia,Fiji,New Zealand","LCD","-","2028-10-30","Available","https://www.ayonz.com/","ATV5812",157590,176.539,13385.2,153.11,561,4.5,4.819594333692885,69.5035433070866,"4. >65 inches"
"JVC","LT-70N7145A","Australia","LCD (LED)","0.33","2030-03-11","Available",,"ATV6636",157597,176.563,13320.853056,116.74,470,5.5,5.59223346725026,69.51299212598424,"4. >65 inches"
"KOGAN","KALED32R98VA","Australia,Fiji,New Zealand","LCD (LED)","-","2028-11-04","Available",,"ATV5816",157676,79.994,2734.4184,28.86,145,4.5,4.558689968087691,31.493700787401576,"1. ≤43 inches"
"KOGAN","KALED32R98VB","Australia,Fiji,New Zealand","LCD (LED)","-","2028-11-04","Available",,"ATV5816",157676,79.994,2734.4184,28.86,145,4.5,4.558689968087691,31.493700787401576,"1. ≤43 inches"
"KOGAN","KALED32R98VC","Australia,Fiji,New Zealand","LCD (LED)","-","2028-11-04","Available",,"ATV5816",157676,79.994,2734.4184,28.86,145,4.5,4.558689968087691,31.493700787401576,"1. ≤43 inches"
"KOGAN","KAQL65XQ98GSTA","Australia,Fiji,New Zealand","LCD (LED)","0.4","2028-11-06","Available",,"ATV5817",157699,163.829,11466.84,195.5,809,2.5,2.5229346480061015,64.4996062992126,"3. 56–65 inches"
"KOGAN","KAQL65XQ98GSTB","Australia,Fiji,New Zealand","LCD (LED)","0.4","2028-11-06","Available",,"ATV5817",157699,163.829,11466.84,195.5,809,2.5,2.5229346480061015,64.4996062992126,"3. 56–65 inches"
"KOGAN","KAQL65XQ98GSTC","Australia,Fiji,New Zealand","LCD (LED)","0.4","2028-11-06","Available",,"ATV5817",157699,163.829,11466.84,195.5,809,2.5,2.5229346480061015,64.4996062992126,"3. 56–65 inches"
"KOGAN","KAQL65XQ98GSTD","Australia,Fiji,New Zealand","LCD (LED)","0.4","2028-11-06","Available",,"ATV5817",157699,163.829,11466.84,195.5,809,2.5,2.5229346480061015,64.4996062992126,"3. 56–65 inches"
"KOGAN","KAQL65XQ98GSTE","Australia,Fiji,New Zealand","LCD (LED)","0.4","2028-11-06","Available",,"ATV5817",157699,163.829,11466.84,195.5,809,2.5,2.5229346480061015,64.4996062992126,"3. 56–65 inches"
"KOGAN","KAQL65XQ98GST*","Australia,Fiji,New Zealand","LCD (LED)","0.4","2028-11-06","Available",,"ATV5817",157699,163.829,11466.84,195.5,809,2.5,2.5229346480061015,64.4996062992126,"3. 56–65 inches"
"LINSAR","LS50UHDNF23","Australia,Fiji,New Zealand","LCD (LED)","0.3","2029-01-17","Available",,"ATV5978",157732,127.259,6951.065884,57.06,210,6,6.488264199278357,50.10196850393701,"2. 44–55 inches"
"JVC","LT-40N5115A11E","Australia","LCD (LED)","0.4","2028-12-13","Available",,"ATV5891",157736,100.36,4265.0248,54.48,210,4.5,4.550480363705366,39.511811023622045,"1. ≤43 inches"
"EKO","K320HGT","Australia,Fiji,New Zealand","LCD (LED)","0.49038","2028-11-11","Available",,"ATV5821",157749,80.039,2736.7112736,31.626,125,5,5.2268129560149825,31.511417322834646,"1. ≤43 inches"
"BLAUPUNKT","BP320HSG9800","Australia,Fiji,New Zealand","LCD (LED)","0.49038","2028-11-11","Available",,"ATV5820",157752,80.039,2736.7112736,31.626,125,5,5.2268129560149825,31.511417322834646,"1. ≤43 inches"
"LINSAR","LS55UHDNF23","Australia,Fiji,New Zealand","LCD (LED)","0.31","2029-01-01","Available",,"ATV5912",157754,138.783,8230.118400000001,69.65,256,6,6.293361671010194,54.63897637795275,"2. 44–55 inches"
"LINSAR","LS60UHDNF23","Australia,Fiji,New Zealand","LCD","0.31","2029-01-13","Available",,"ATV5936",157755,152.663,9958.2104,85.97,316,6,6.142473468159193,60.10354330708662,"3. 56–65 inches"
"LINSAR","LS65UHDNF23","Australia,Fiji,New Zealand","LCD (LED)","0.3","2029-01-14","Available",,"ATV5948",157756,164.961,11576.0245,95.92,352,6,6.292263476185693,64.94527559055119,"3. 56–65 inches"
"LINSAR","LS70UHDNF23","Australia,Fiji,New Zealand","LCD (LED)","0.37","2029-01-21","Available",,"ATV5984",157757,176.537,13380.8032,99.18,364,6,6.756709864424354,69.50275590551182,"4. >65 inches"
"EKO","K400FGT","Australia,Fiji,New Zealand","LCD (LED)","0.4441","2028-11-11","Available",,"ATV5822",157771,100.332,4261.934154240001,46.5216,183,5,5.164429277262144,39.5007874015748,"1. ≤43 inches"
"BLAUPUNKT","BP400FSG9800","Australia,Fiji,New Zealand","LCD (LED)","0.4441","2028-11-11","Available",,"ATV5819",157772,100.332,4261.934154240001,46.5216,183,5,5.164429277262144,39.5007874015748,"1. ≤43 inches"
"JVC","AV-H437115A11N","Australia","LCD","0.313","2028-11-21","Available",,"ATV5838",157773,107.95,4977.889999999999,57.474,212,5,5.109199295997805,42.5,"1. ≤43 inches"
"JVC","AV-H323115A11N","Australia","LCD","0.255","2028-11-11","Available",,"ATV5823",157776,80.103,2743.14,29.22,108,5.5,5.890292548310127,31.536614173228344,"1. ≤43 inches"
"KOGAN","KAQL75W94QA","Australia,Fiji,New Zealand","LCD (LED)","-","2028-11-08","Available",,"ATV5818",157788,189.34,15318.517823999999,187.1,690,4,4.468463290262498,74.54330708661418,"4. >65 inches"
"KOGAN","KAQL65W94QA","Australia,Fiji,New Zealand","LCD (LED)","-","2028-11-15","Available",,"ATV5825",157789,163.896,11478.122496000002,150.64,560,4,4.17563306674178,64.5259842519685,"3. 56–65 inches"
"JVC","LT-55NQ7145AN","Australia","LCD","0.368","2028-11-12","Available",,"ATV5824",157838,138.798,8228,97.36,358,4.5,4.789429429855246,54.64488188976378,"2. 44–55 inches"
"JVC","LT-43N5135AN","Australia","LCD","0.256","2028-11-18","Available",,"ATV5828",157956,107.999,4987.299999999999,53.26,196,5,5.468284088523051,42.519291338582676,"1. ≤43 inches"
"SONY","K-50S30","Australia,New Zealand","LCD (LED)","0.5","2028-11-15","Available","https://www.sony.com.au/","ATV5826",157958,125.725,6751.36,83.3,310,4.5,4.6243875937263965,49.49803149606299,"2. 44–55 inches"
"JVC","LT-50NQ7145AN","Australia","LCD","0.391","2028-11-19","Available",,"ATV5830",157965,125.725,6751.36,110.72,407,3,3.404361801540006,49.49803149606299,"2. 44–55 inches"
"KOGAN","KAQL55W94QA","Australia,Fiji,New Zealand","LCD (LED)","-","2028-11-29","Available",,"ATV5847",157967,138.783,8230.118400000001,111.7,427,4,4.000637701458118,54.63897637795275,"2. 44–55 inches"
"SAMSUNG","QA75QN90DAW","Australia,Fiji,New Zealand","LCD (LED)","0.5","2028-11-19","Available",,"ATV5835",157994,189.338,15318.8066,157,576,5,5.277816565063631,74.54251968503937,"4. >65 inches"
"SAMSUNG","QA75QN90DAS","Australia,Fiji,New Zealand","LCD (LED)","0.5","2028-11-19","Available",,"ATV5835",157994,189.338,15318.8066,157,576,5,5.277816565063631,74.54251968503937,"4. >65 inches"
"SAMSUNG","QA75QN90DA*","Australia,Fiji,New Zealand","LCD (LED)","0.5","2028-11-19","Available",,"ATV5835",157994,189.338,15318.8066,157,576,5,5.277816565063631,74.54251968503937,"4. >65 inches"
"BAUHN","ATV24HDW-0224","Australia,Fiji,New Zealand","LCD","0.2","2029-01-01","Available",,"ATV5911",158053,59.774,1526.53,15.1,66,6,6.143886819769821,23.53307086614173,"1. ≤43 inches"
"KOGAN","KAL24DH5300QA","Australia,Fiji,New Zealand","LCD (LED)","-","2028-11-28","Available",,"ATV5842",158063,60.47,1562.462784,25.23,96,4.5,4.536463658690008,23.807086614173226,"1. ≤43 inches"
"KOGAN","KAQL50W94QA","Australia,Fiji,New Zealand","LCD (LED)","-","2028-11-28","Available",,"ATV5841",158082,125.731,6754.867344,101.23,398,3.5,3.506680454728492,49.5003937007874,"2. 44–55 inches"
"BAUHN","ATV55UHDW-0124","Australia,Fiji,New Zealand","LCD (LED)","0.277","2028-11-22","Available",,"ATV5839",157859,138.783,8230.118400000001,73.991,272,6,6.02167727117258,54.63897637795275,"2. 44–55 inches"
"EKO","K420FAT","Australia,Fiji,New Zealand","LCD (LED)","0.44","2028-11-29","Available","https://www.ayonz.com/","ATV5848",158097,105.421,4663.417,53.38,240,4,4.297937918289465,41.50433070866142,"1. ≤43 inches"
"BAUHN","ATV40UHDW-0124","Australia,Fiji,New Zealand","LCD (LED)","0.27","2028-11-18","Available",,"ATV5829",157758,101.549,4407.3,51.2,189,5,5.1492487763669255,39.97992125984252,"1. ≤43 inches"
"BAUHN","ATV40UHDW-0324","Australia,Fiji,New Zealand","LCD (LED)","0.27","2028-11-18","Available",,"ATV5829",157758,101.549,4407.3,51.2,189,5,5.1492487763669255,39.97992125984252,"1. ≤43 inches"
"BAUHN","ATV40UHDW-****","Australia,Fiji,New Zealand","LCD (LED)","0.27","2028-11-18","Available",,"ATV5829",157758,101.549,4407.3,51.2,189,5,5.1492487763669255,39.97992125984252,"1. ≤43 inches"
"SYLVOX","BT24A1KEGB","Australia,Fiji,New Zealand","LCD (LED)","-","2028-12-19","Available",,"ATV5902",158143,60.47,1562.462784,17.14,65,6,6.284042377750066,23.807086614173226,"1. ≤43 inches"
"SYLVOX","BT24A0KEGB","Australia,Fiji,New Zealand","LCD (LED)","-","2028-12-19","Available",,"ATV5902",158143,60.47,1562.462784,17.14,65,6,6.284042377750066,23.807086614173226,"1. ≤43 inches"
"SYLVOX","BT24A0KOGB","Australia,Fiji,New Zealand","LCD (LED)","-","2028-12-19","Available",,"ATV5902",158143,60.47,1562.462784,17.14,65,6,6.284042377750066,23.807086614173226,"1. ≤43 inches"
"SYLVOX","BT24A1KOGB","Australia,Fiji,New Zealand","LCD (LED)","-","2028-12-19","Available",,"ATV5902",158143,60.47,1562.462784,17.14,65,6,6.284042377750066,23.807086614173226,"1. ≤43 inches"
"SYLVOX","BT24A2KOGB","Australia,Fiji,New Zealand","LCD (LED)","-","2028-12-19","Available",,"ATV5902",158143,60.47,1562.462784,17.14,65,6,6.284042377750066,23.807086614173226,"1. ≤43 inches"
"SYLVOX","BT24A3KOGB","Australia,Fiji,New Zealand","LCD (LED)","-","2028-12-19","Available",,"ATV5902",158143,60.47,1562.462784,17.14,65,6,6.284042377750066,23.807086614173226,"1. ≤43 inches"
"SYLVOX","BT24A4KOGB","Australia,Fiji,New Zealand","LCD (LED)","-","2028-12-19","Available",,"ATV5902",158143,60.47,1562.462784,17.14,65,6,6.284042377750066,23.807086614173226,"1. ≤43 inches"
"SYLVOX","BT24A5KOGB","Australia,Fiji,New Zealand","LCD (LED)","-","2028-12-19","Available",,"ATV5902",158143,60.47,1562.462784,17.14,65,6,6.284042377750066,23.807086614173226,"1. ≤43 inches"
"SYLVOX","BT24A6KOGB","Australia,Fiji,New Zealand","LCD (LED)","-","2028-12-19","Available",,"ATV5902",158143,60.47,1562.462784,17.14,65,6,6.284042377750066,23.807086614173226,"1. ≤43 inches"
"SYLVOX","BT24A7KOGB","Australia,Fiji,New Zealand","LCD (LED)","-","2028-12-19","Available",,"ATV5902",158143,60.47,1562.462784,17.14,65,6,6.284042377750066,23.807086614173226,"1. ≤43 inches"
"KOGAN","KAQL98XQ98GSTA","Australia,Fiji,New Zealand","LCD (LED)","0.4","2028-11-28","Available",,"ATV5843",158147,247.691,26210.260000000002,297.5,1233,4,4.191691627513516,97.51614173228346,"4. >65 inches"
"KOGAN","KAQL98XQ98GSTB","Australia,Fiji,New Zealand","LCD (LED)","0.4","2028-11-28","Available",,"ATV5843",158147,247.691,26210.260000000002,297.5,1233,4,4.191691627513516,97.51614173228346,"4. >65 inches"
"KOGAN","KAQL98XQ98GSTC","Australia,Fiji,New Zealand","LCD (LED)","0.4","2028-11-28","Available",,"ATV5843",158147,247.691,26210.260000000002,297.5,1233,4,4.191691627513516,97.51614173228346,"4. >65 inches"
"KOGAN","KAQL98XQ98GSTD","Australia,Fiji,New Zealand","LCD (LED)","0.4","2028-11-28","Available",,"ATV5843",158147,247.691,26210.260000000002,297.5,1233,4,4.191691627513516,97.51614173228346,"4. >65 inches"
"KOGAN","KAQL98XQ98GSTE","Australia,Fiji,New Zealand","LCD (LED)","0.4","2028-11-28","Available",,"ATV5843",158147,247.691,26210.260000000002,297.5,1233,4,4.191691627513516,97.51614173228346,"4. >65 inches"
"KOGAN","KAQL98XQ98GST*","Australia,Fiji,New Zealand","LCD (LED)","0.4","2028-11-28","Available",,"ATV5843",158147,247.691,26210.260000000002,297.5,1233,4,4.191691627513516,97.51614173228346,"4. >65 inches"
"SAMSUNG","QA65QN800DW","Australia,Fiji,New Zealand","LCD (LED)","0.5","2028-12-13","Available",,"ATV5890",158162,163.897,11477.9975,262,959,1.5,1.7647878877196552,64.52637795275591,"3. 56–65 inches"
"SAMSUNG","QA65QN800DS","Australia,Fiji,New Zealand","LCD (LED)","0.5","2028-12-13","Available",,"ATV5890",158162,163.897,11477.9975,262,959,1.5,1.7647878877196552,64.52637795275591,"3. 56–65 inches"
"SAMSUNG","QA65QN800D*","Australia,Fiji,New Zealand","LCD (LED)","0.5","2028-12-13","Available",,"ATV5890",158162,163.897,11477.9975,262,959,1.5,1.7647878877196552,64.52637795275591,"3. 56–65 inches"
"SAMSUNG","QA75QN800DW","Australia,Fiji,New Zealand","LCD (LED)","0.5","2028-12-13","Available",,"ATV5892",158163,189.338,15318.8066,269,985,2.5,2.873382391114767,74.54251968503937,"4. >65 inches"
"SAMSUNG","QA75QN800DS","Australia,Fiji,New Zealand","LCD (LED)","0.5","2028-12-13","Available",,"ATV5892",158163,189.338,15318.8066,269,985,2.5,2.873382391114767,74.54251968503937,"4. >65 inches"
"SAMSUNG","QA75QN800D*","Australia,Fiji,New Zealand","LCD (LED)","0.5","2028-12-13","Available",,"ATV5892",158163,189.338,15318.8066,269,985,2.5,2.873382391114767,74.54251968503937,"4. >65 inches"
"SAMSUNG","QA85QN90DAW","Australia,Fiji,New Zealand","LCD (LED)","0.5","2028-12-16","Available",,"ATV5900",158165,214.783,19712.16,211,773,5,5.045641599680856,84.56023622047243,"4. >65 inches"
"SAMSUNG","QA85QN90DAS","Australia,Fiji,New Zealand","LCD (LED)","0.5","2028-12-16","Available",,"ATV5900",158165,214.783,19712.16,211,773,5,5.045641599680856,84.56023622047243,"4. >65 inches"
"SAMSUNG","QA85QN90DA*","Australia,Fiji,New Zealand","LCD (LED)","0.5","2028-12-16","Available",,"ATV5900",158165,214.783,19712.16,211,773,5,5.045641599680856,84.56023622047243,"4. >65 inches"
"LG","43QNED80T6A","Australia,New Zealand","LCD (LED)","0.4","2028-12-02","Available",,"ATV5863",158176,107.987,4982.7128,67,247,4,4.428233749097203,42.514566929133856,"1. ≤43 inches"
"LG","43QNED81TSA","Australia,New Zealand","LCD (LED)","0.4","2028-12-02","Available",,"ATV5864",158177,107.987,4982.7128,67,247,4,4.428233749097203,42.514566929133856,"1. ≤43 inches"
"LG","50QNED81TSA","Australia,New Zealand","LCD (LED)","0.4","2028-12-02","Available",,"ATV5862",158180,125.727,6754.5112,72,265,5,5.329159323010862,49.4988188976378,"2. 44–55 inches"
"LG","55QNED81TSA","Australia,New Zealand","LCD (LED)","0.4","2028-12-02","Available",,"ATV5861",158182,138.783,8230.118400000001,92,338,5,5.048116404602346,54.63897637795275,"2. 44–55 inches"
"LG","55QNED86T6A","Australia,New Zealand","LCD (LED)","0.4","2028-12-02","Available",,"ATV5867",158183,138.783,8230.118400000001,94,346,4.5,4.9432830834647525,54.63897637795275,"2. 44–55 inches"
"LG","55QNED86TSA","Australia,New Zealand","LCD (LED)","0.4","2028-11-29","Available",,"ATV5856",158184,138.783,8230.118400000001,94,346,4.5,4.9432830834647525,54.63897637795275,"2. 44–55 inches"
"LG","65QNED80T6A","Australia,New Zealand","LCD (LED)","0.4","2028-12-02","Available",,"ATV5868",158185,163.897,11477.9975,109,400,5.5,5.68346052076461,64.52637795275591,"3. 56–65 inches"
"LG","65QNED81TSA","Australia,New Zealand","LCD (LED)","0.4","2028-11-28","Available",,"ATV5845",158186,163.897,11477.9975,109,400,5.5,5.68346052076461,64.52637795275591,"3. 56–65 inches"
"LG","75QNED80T6A","Australia,New Zealand","LCD (LED)","0.4","2028-11-28","Available",,"ATV5846",158188,189.275,15307.5663,126,462,6,6.263015743468501,74.51771653543307,"4. >65 inches"
"LG","75QNED81TSA","Australia,New Zealand","LCD (LED)","0.4","2028-12-02","Available",,"ATV5869",158189,189.275,15307.5663,126,462,6,6.263015743468501,74.51771653543307,"4. >65 inches"
"LG","OLED42C4PSA","Australia,New Zealand","OLED","0.4","2028-11-29","Available",,"ATV5855",158190,105.52,4757.6080999999995,70,258,4,4.051852607368282,41.54330708661417,"1. ≤43 inches"
"LG","OLED42C44LA","Australia,New Zealand","OLED","0.4","2028-12-02","Available",,"ATV5870",158192,105.52,4757.6080999999995,70,258,4,4.051852607368282,41.54330708661417,"1. ≤43 inches"
"LG","OLED48C4PSA","Australia,New Zealand","OLED","0.4","2028-11-29","Available",,"ATV5849",158193,120.721,6226.9196,79,291,4.5,4.580787588050276,47.52795275590551,"2. 44–55 inches"
"LG","OLED48C46LA","Australia,New Zealand","OLED","0.4","2028-12-02","Available",,"ATV5860",158194,120.721,6226.9196,79,291,4.5,4.580787588050276,47.52795275590551,"2. 44–55 inches"
"LG","OLED55C4PSA","Australia,New Zealand","OLED","0.4","2028-11-28","Available",,"ATV5844",158195,138.783,8230.118400000001,100,368,4.5,4.667029690757898,54.63897637795275,"2. 44–55 inches"
"LG","OLED55C46LA","Australia,New Zealand","OLED","0.4","2028-12-02","Available",,"ATV5859",158196,138.783,8230.118400000001,100,368,4.5,4.667029690757898,54.63897637795275,"2. 44–55 inches"
"LG","OLED55G4PSA","Australia,New Zealand","OLED","0.4","2028-11-29","Available",,"ATV5854",158197,138.783,8230.118400000001,115,422,4,4.053423000980519,54.63897637795275,"2. 44–55 inches"
"LG","OLED55G46LA","Australia,New Zealand","OLED","0.4","2028-12-02","Available",,"ATV5871",158198,138.783,8230.118400000001,115,422,4,4.053423000980519,54.63897637795275,"2. 44–55 inches"
"LG","OLED65B4PSA","Australia,New Zealand","OLED","0.4","2028-11-29","Available",,"ATV5850",158199,163.897,11477.9975,109,400,5.5,5.68346052076461,64.52637795275591,"3. 56–65 inches"
"LG","OLED65B46LA","Australia,New Zealand","OLED","0.4","2028-12-02","Available",,"ATV5858",158200,163.897,11477.9975,109,400,5.5,5.68346052076461,64.52637795275591,"3. 56–65 inches"
"LG","OLED65G4PSA","Australia,New Zealand","OLED","0.4","2028-11-29","Available",,"ATV5851",158201,163.897,11477.9975,147,539,4,4.3468723825707976,64.52637795275591,"3. 56–65 inches"
"LG","OLED65G46LA","Australia,New Zealand","OLED","0.4","2028-12-02","Available",,"ATV5857",158202,163.897,11477.9975,147,539,4,4.3468723825707976,64.52637795275591,"3. 56–65 inches"
"LG","OLED77G4PSA","Australia,New Zealand","OLED","0.4","2028-11-29","Available",,"ATV5853",158203,194.738,16204.123099999999,195,714,4.5,4.556387544515083,76.66850393700787,"4. >65 inches"
"LG","OLED77G46LA","Australia,New Zealand","OLED","0.4","2028-12-02","Available",,"ATV5872",158204,194.738,16204.123099999999,195,714,4.5,4.556387544515083,76.66850393700787,"4. >65 inches"
"EKO","K500UAT","Australia,Fiji,New Zealand","LCD (LED)","-","2028-12-03","Available","https://www.ayonz.com/","ATV5874",158218,125.731,6754.867344,91.8,381,3.5,3.702306229708963,49.5003937007874,"2. 44–55 inches"
"SAMSUNG","QA55QN90DAW","Australia,Fiji,New Zealand","LCD (LED)","0.5","2028-12-13","Available",,"ATV5888",158220,138.783,8230.118400000001,114,419,4,4.08539521829021,54.63897637795275,"2. 44–55 inches"
"SAMSUNG","QA55QN90DAS","Australia,Fiji,New Zealand","LCD (LED)","0.5","2028-12-13","Available",,"ATV5888",158220,138.783,8230.118400000001,114,419,4,4.08539521829021,54.63897637795275,"2. 44–55 inches"
"SAMSUNG","QA55QN90DA*","Australia,Fiji,New Zealand","LCD (LED)","0.5","2028-12-13","Available",,"ATV5888",158220,138.783,8230.118400000001,114,419,4,4.08539521829021,54.63897637795275,"2. 44–55 inches"
"SAMSUNG","QA65QN90DAW","Australia,Fiji,New Zealand","LCD (LED)","0.5","2028-12-13","Available",,"ATV5893",158222,169.152,11960.097499999998,138,507,4.5,4.795139162334372,66.59527559055117,"4. >65 inches"
"SAMSUNG","QA65QN90DAS","Australia,Fiji,New Zealand","LCD (LED)","0.5","2028-12-13","Available",,"ATV5893",158222,169.152,11960.097499999998,138,507,4.5,4.795139162334372,66.59527559055117,"4. >65 inches"
"SAMSUNG","QA65QN90DA*","Australia,Fiji,New Zealand","LCD (LED)","0.5","2028-12-13","Available",,"ATV5893",158222,169.152,11960.097499999998,138,507,4.5,4.795139162334372,66.59527559055117,"4. >65 inches"
"KOGAN","KAQL50XQ98GSVA","Australia,Fiji,New Zealand","LCD (LED)","-","2028-11-29","Available",,"ATV5852",158236,125.665,6748.622399999999,104.46,396,3.5,3.525501428231561,49.474409448818896,"2. 44–55 inches"
"KOGAN","KAQL55XQ98GSVA","Australia,Fiji,New Zealand","LCD (LED)","-","2028-12-03","Available",,"ATV5873",158237,138.721,8223.618,127.86,475,3.5,3.5199652925266594,54.61456692913386,"2. 44–55 inches"
"SYLVOX","BT32A0KEGB","Australia,Fiji,New Zealand","LCD (LED)","-","2028-12-19","Available",,"ATV5903",158242,80.131,2743.6644,27,101,6,6.19127811085949,31.54763779527559,"1. ≤43 inches"
"SYLVOX","BT32A1KEGB","Australia,Fiji,New Zealand","LCD (LED)","-","2028-12-19","Available",,"ATV5903",158242,80.131,2743.6644,27,101,6,6.19127811085949,31.54763779527559,"1. ≤43 inches"
"SYLVOX","BT32A0KOGB","Australia,Fiji,New Zealand","LCD (LED)","-","2028-12-19","Available",,"ATV5903",158242,80.131,2743.6644,27,101,6,6.19127811085949,31.54763779527559,"1. ≤43 inches"
"SYLVOX","BT32A1KOGB","Australia,Fiji,New Zealand","LCD (LED)","-","2028-12-19","Available",,"ATV5903",158242,80.131,2743.6644,27,101,6,6.19127811085949,31.54763779527559,"1. ≤43 inches"
"SYLVOX","BT32A2KOGB","Australia,Fiji,New Zealand","LCD (LED)","-","2028-12-19","Available",,"ATV5903",158242,80.131,2743.6644,27,101,6,6.19127811085949,31.54763779527559,"1. ≤43 inches"
"SYLVOX","BT32A3KOGB","Australia,Fiji,New Zealand","LCD (LED)","-","2028-12-19","Available",,"ATV5903",158242,80.131,2743.6644,27,101,6,6.19127811085949,31.54763779527559,"1. ≤43 inches"
"SYLVOX","BT32A4KOGB","Australia,Fiji,New Zealand","LCD (LED)","-","2028-12-19","Available",,"ATV5903",158242,80.131,2743.6644,27,101,6,6.19127811085949,31.54763779527559,"1. ≤43 inches"
"SYLVOX","BT32A5KOGB","Australia,Fiji,New Zealand","LCD (LED)","-","2028-12-19","Available",,"ATV5903",158242,80.131,2743.6644,27,101,6,6.19127811085949,31.54763779527559,"1. ≤43 inches"
"SYLVOX","BT32A6KOGB","Australia,Fiji,New Zealand","LCD (LED)","-","2028-12-19","Available",,"ATV5903",158242,80.131,2743.6644,27,101,6,6.19127811085949,31.54763779527559,"1. ≤43 inches"
"SYLVOX","BT32A7KOGB","Australia,Fiji,New Zealand","LCD (LED)","-","2028-12-19","Available",,"ATV5903",158242,80.131,2743.6644,27,101,6,6.19127811085949,31.54763779527559,"1. ≤43 inches"
"JVC","LT-40N7145A","Australia","LCD (LED)","0.36","2028-12-20","Available",,"ATV5907",158245,101.51,4402.997084,64.06,259,3.5,3.733461271230745,39.96456692913386,"1. ≤43 inches"
"EKO","K55USWQ","Australia,Fiji,New Zealand","LCD (LED)","-","2028-05-06","Available","https://www.ayonz.com/","ATV5609",153945,138.783,8230.118400000001,117.3,470,3.5,3.570651350024759,54.63897637795275,"2. 44–55 inches"
"EKO","K55USWQ2","Australia,Fiji,New Zealand","LCD (LED)","-","2028-05-06","Available","https://www.ayonz.com/","ATV5609",153945,138.783,8230.118400000001,117.3,470,3.5,3.570651350024759,54.63897637795275,"2. 44–55 inches"
"EKO","K320HSG","Australia","LCD (LED)","-","2027-04-21","Available","https://www.ayonz.com/","ATV5015",146150,80.029,2735.9872,34.4,151,4,4.379032283719447,31.507480314960628,"1. ≤43 inches"
"EKO","K320HAT","Australia","LCD (LED)","-","2027-04-21","Available","https://www.ayonz.com/","ATV5015",146150,80.029,2735.9872,34.4,151,4,4.379032283719447,31.507480314960628,"1. ≤43 inches"
"LINSAR","LS32HDNF23","Australia,Fiji,New Zealand","LCD","0.29","2028-12-17","Available",,"ATV5901",158252,80.043,2737.0770999999995,23.8,89,6,6.749526906773145,31.512992125984255,"1. ≤43 inches"
"EKO","K240HSG","Australia","LCD (LED)","-","2027-04-21","Available","https://www.ayonz.com/","ATV5014",146104,59.814,1528.2233999999999,27.3,110,3.5,3.858069175506572,23.548818897637794,"1. ≤43 inches"
"EKO","K240HAT","Australia","LCD (LED)","-","2027-04-21","Available","https://www.ayonz.com/","ATV5014",146104,59.814,1528.2233999999999,27.3,110,3.5,3.858069175506572,23.548818897637794,"1. ≤43 inches"
"SAMSUNG","QA43QN90DAW","Australia,Fiji,New Zealand","LCD (LED)","0.5","2028-12-13","Available",,"ATV5887",158250,107.987,4982.7128,63,233,4.5,4.689724088919364,42.514566929133856,"1. ≤43 inches"
"SAMSUNG","QA43QN90DAS","Australia,Fiji,New Zealand","LCD (LED)","0.5","2028-12-13","Available",,"ATV5887",158250,107.987,4982.7128,63,233,4.5,4.689724088919364,42.514566929133856,"1. ≤43 inches"
"SAMSUNG","QA43QN90DA*","Australia,Fiji,New Zealand","LCD (LED)","0.5","2028-12-13","Available",,"ATV5887",158250,107.987,4982.7128,63,233,4.5,4.689724088919364,42.514566929133856,"1. ≤43 inches"
"AKAI","AK3223S7WOS","Australia,Fiji,New Zealand","LCD","0.29","2029-01-09","Available",,"ATV5935",158256,80.043,2737.0770999999995,23.8,89,6,6.749526906773145,31.512992125984255,"1. ≤43 inches"
"BAUHN","ATV75UHDW-0324","Australia,Fiji,New Zealand","LCD (LED)","0.34","2028-12-20","Available",,"ATV5908",158314,189.344,15304.77,117.61,474,6,6.147318344386143,74.54488188976377,"4. >65 inches"
"SONY","K-55XR70","Australia,New Zealand","LCD (LED)","0.5","2028-12-05","Available","https://www.sony.com.au/","ATV5875",158329,138.798,8228,148,547,2.5,2.889684563715858,54.64488188976378,"2. 44–55 inches"
"SONY","K-65XR70","Australia,New Zealand","LCD (LED)","0.5","2028-12-05","Available","https://www.sony.com.au/","ATV5876",158330,163.878,11481.120000000003,171.9,634,3.5,3.6205371729918245,64.51889763779526,"3. 56–65 inches"
"LG","50QNED80T6A","Australia,New Zealand","LCD (LED)","0.4","2028-12-06","Available",,"ATV5877",158336,125.727,6754.5112,68,251,5.5,5.572396855687801,49.4988188976378,"2. 44–55 inches"
"LG","55QNED80T6A","Australia,New Zealand","LCD (LED)","0.4","2028-12-09","Available",,"ATV5878",158337,138.783,8230.118400000001,87,320,5,5.293361671010193,54.63897637795275,"2. 44–55 inches"
"KOGAN","KALED42F98TA","Australia,Fiji,New Zealand","LCD (LED)","0.4","2028-12-10","Available",,"ATV5879",158394,105.38,4657.78,39.8,163,6,6.027036614996438,41.48818897637795,"1. ≤43 inches"
"KOGAN","KALED42F98TB","Australia,Fiji,New Zealand","LCD (LED)","0.4","2028-12-10","Available",,"ATV5879",158394,105.38,4657.78,39.8,163,6,6.027036614996438,41.48818897637795,"1. ≤43 inches"
"KOGAN","KALED42F98TC","Australia,Fiji,New Zealand","LCD (LED)","0.4","2028-12-10","Available",,"ATV5879",158394,105.38,4657.78,39.8,163,6,6.027036614996438,41.48818897637795,"1. ≤43 inches"
"KOGAN","KALED42F98TD","Australia,Fiji,New Zealand","LCD (LED)","0.4","2028-12-10","Available",,"ATV5879",158394,105.38,4657.78,39.8,163,6,6.027036614996438,41.48818897637795,"1. ≤43 inches"
"KOGAN","KALED42F98TE","Australia,Fiji,New Zealand","LCD (LED)","0.4","2028-12-10","Available",,"ATV5879",158394,105.38,4657.78,39.8,163,6,6.027036614996438,41.48818897637795,"1. ≤43 inches"
"KOGAN","KALED42F98TF","Australia,Fiji,New Zealand","LCD (LED)","0.4","2028-12-10","Available",,"ATV5879",158394,105.38,4657.78,39.8,163,6,6.027036614996438,41.48818897637795,"1. ≤43 inches"
"KOGAN","KALED42F98T*","Australia,Fiji,New Zealand","LCD (LED)","0.4","2028-12-10","Available",,"ATV5879",158394,105.38,4657.78,39.8,163,6,6.027036614996438,41.48818897637795,"1. ≤43 inches"
"KOGAN","KALED24R98TA","Australia,Fiji,New Zealand","LCD (LED)","0.22","2028-12-11","Available",,"ATV5880",158395,59.774,1526.53,16.2,67,6,6.076495773620495,23.53307086614173,"1. ≤43 inches"
"KOGAN","KALED24R98TB","Australia,Fiji,New Zealand","LCD (LED)","0.22","2028-12-11","Available",,"ATV5880",158395,59.774,1526.53,16.2,67,6,6.076495773620495,23.53307086614173,"1. ≤43 inches"
"KOGAN","KALED24R98TC","Australia,Fiji,New Zealand","LCD (LED)","0.22","2028-12-11","Available",,"ATV5880",158395,59.774,1526.53,16.2,67,6,6.076495773620495,23.53307086614173,"1. ≤43 inches"
"KOGAN","KALED24R98TD","Australia,Fiji,New Zealand","LCD (LED)","0.22","2028-12-11","Available",,"ATV5880",158395,59.774,1526.53,16.2,67,6,6.076495773620495,23.53307086614173,"1. ≤43 inches"
"KOGAN","KALED24R98TE","Australia,Fiji,New Zealand","LCD (LED)","0.22","2028-12-11","Available",,"ATV5880",158395,59.774,1526.53,16.2,67,6,6.076495773620495,23.53307086614173,"1. ≤43 inches"
"KOGAN","KALED24R98T*","Australia,Fiji,New Zealand","LCD (LED)","0.22","2028-12-11","Available",,"ATV5880",158395,59.774,1526.53,16.2,67,6,6.076495773620495,23.53307086614173,"1. ≤43 inches"
"SAMSUNG","QA98QN90DAW","Australia,Fiji,New Zealand","LCD (LED)","0.5","2028-12-13","Available",,"ATV5886",158416,247.697,26215.5227,256,937,5,5.422817343081843,97.51850393700788,"4. >65 inches"
"SAMSUNG","QA98QN90DAS","Australia,Fiji,New Zealand","LCD (LED)","0.5","2028-12-13","Available",,"ATV5886",158416,247.697,26215.5227,256,937,5,5.422817343081843,97.51850393700788,"4. >65 inches"
"SAMSUNG","QA98QN90DA*","Australia,Fiji,New Zealand","LCD (LED)","0.5","2028-12-13","Available",,"ATV5886",158416,247.697,26215.5227,256,937,5,5.422817343081843,97.51850393700788,"4. >65 inches"
"SAMSUNG","QA55S90DAW","Australia,Fiji,New Zealand","LCD (LED)","0.5","2028-12-16","Available",,"ATV5897",158421,138.783,8230.118400000001,112,412,4,4.160896259989094,54.63897637795275,"2. 44–55 inches"
"SAMSUNG","QA55S90DAS","Australia,Fiji,New Zealand","LCD (LED)","0.5","2028-12-16","Available",,"ATV5897",158421,138.783,8230.118400000001,112,412,4,4.160896259989094,54.63897637795275,"2. 44–55 inches"
"SAMSUNG","QA55S90DA*","Australia,Fiji,New Zealand","LCD (LED)","0.5","2028-12-16","Available",,"ATV5897",158421,138.783,8230.118400000001,112,412,4,4.160896259989094,54.63897637795275,"2. 44–55 inches"
"SAMSUNG","QA65QN85DBW","Australia,Fiji,New Zealand","LCD (LED)","0.5","2028-12-13","Available",,"ATV5895",158422,163.897,11477.9975,134,492,4.5,4.755743057431653,64.52637795275591,"3. 56–65 inches"
"SAMSUNG","QA65QN85DBS","Australia,Fiji,New Zealand","LCD (LED)","0.5","2028-12-13","Available",,"ATV5895",158422,163.897,11477.9975,134,492,4.5,4.755743057431653,64.52637795275591,"3. 56–65 inches"
"SAMSUNG","QA65QN85DB*","Australia,Fiji,New Zealand","LCD (LED)","0.5","2028-12-13","Available",,"ATV5895",158422,163.897,11477.9975,134,492,4.5,4.755743057431653,64.52637795275591,"3. 56–65 inches"
"VDT","LEW22BA43","Australia,Fiji,New Zealand","LCD (LED)","-","2028-12-19","Available",,"ATV5906",158428,54.687,1277.919504,20.64,78,4.5,4.864733842526665,21.53031496062992,"1. ≤43 inches"
"SYLVOX","BT32A***GB","Australia,Fiji,New Zealand","LCD (LED)","-","2028-12-19","Available",,"ATV5903",158242,80.131,2743.6644,27,101,6,6.19127811085949,31.54763779527559,"1. ≤43 inches"
"SYLVOX","BT24A***GB","Australia,Fiji,New Zealand","LCD (LED)","-","2028-12-19","Available",,"ATV5902",158143,60.47,1562.462784,17.14,65,6,6.284042377750066,23.807086614173226,"1. ≤43 inches"
"SAMSUNG","QA65QN80DAW","Australia,Fiji,New Zealand","LCD (LED)","0.5","2028-12-13","Available",,"ATV5896",158476,163.897,11477.9975,134,492,4.5,4.755743057431653,64.52637795275591,"3. 56–65 inches"
"SAMSUNG","QA65QN80DAS","Australia,Fiji,New Zealand","LCD (LED)","0.5","2028-12-13","Available",,"ATV5896",158476,163.897,11477.9975,134,492,4.5,4.755743057431653,64.52637795275591,"3. 56–65 inches"
"SAMSUNG","QA65QN80DA*","Australia,Fiji,New Zealand","LCD (LED)","0.5","2028-12-13","Available",,"ATV5896",158476,163.897,11477.9975,134,492,4.5,4.755743057431653,64.52637795275591,"3. 56–65 inches"
"LOEWE","BILD i77","Australia,New Zealand","OLED","0.27","2028-12-12","Available",,"ATV5881",158484,194.139,16533,107.8,395,7,7.295724706334558,76.43267716535433,"4. >65 inches"
"HISENSE","100U7KAU","Australia,New Zealand","LCD (LED)","0.35","2028-12-12","Available","https://global.hisense.com/","ATV5882",158506,252.784,27304.2576,241.58,955,5.5,5.515246011667352,99.52125984251968,"4. >65 inches"
"HISENSE","100U7KNZ","Australia,New Zealand","LCD (LED)","0.35","2028-12-12","Available","https://global.hisense.com/","ATV5882",158506,252.784,27304.2576,241.58,955,5.5,5.515246011667352,99.52125984251968,"4. >65 inches"
"HISENSE","100U7K series","Australia,New Zealand","LCD (LED)","0.35","2028-12-12","Available","https://global.hisense.com/","ATV5882",158506,252.784,27304.2576,241.58,955,5.5,5.515246011667352,99.52125984251968,"4. >65 inches"
"SONY","K-43S30","Australia,New Zealand","LCD (LED)","0.5","2028-12-12","Available","https://www.sony.com.au/","ATV5883",158508,107.95,4977.889999999999,63.2,236,4.5,4.628587018735154,42.5,"1. ≤43 inches"
"JVC","LT-32N3115A11E","Australia","LCD (LED)","0.4","2028-12-13","Available",,"ATV5885",158538,79.994,2734.4184,28.86,130,5,5.048057871940883,31.493700787401576,"1. ≤43 inches"
"JVC","LT-43N5135AE","Australia","LCD (LED)","0.36","2028-12-13","Available",,"ATV5884",158544,107.947,4979.654399999999,39.24,229,4.5,4.7649139916034216,42.4988188976378,"1. ≤43 inches"
"SAMSUNG","QA75Q60DAW","Australia,Fiji,New Zealand","LCD (LED)","0.5","2028-11-19","Available",,"ATV5833",157991,189.338,15318.8066,112,412,6,6.779470139065108,74.54251968503937,"4. >65 inches"
"SAMSUNG","QA75Q60DAS","Australia,Fiji,New Zealand","LCD (LED)","0.5","2028-11-19","Available",,"ATV5833",157991,189.338,15318.8066,112,412,6,6.779470139065108,74.54251968503937,"4. >65 inches"
"SAMSUNG","QA75Q65DAW","Australia,Fiji,New Zealand","LCD (LED)","0.5","2028-11-19","Available",,"ATV5833",157991,189.338,15318.8066,112,412,6,6.779470139065108,74.54251968503937,"4. >65 inches"
"SAMSUNG","QA75Q65DAS","Australia,Fiji,New Zealand","LCD (LED)","0.5","2028-11-19","Available",,"ATV5833",157991,189.338,15318.8066,112,412,6,6.779470139065108,74.54251968503937,"4. >65 inches"
"SAMSUNG","QA75Q6*DA*","Australia,Fiji,New Zealand","LCD (LED)","0.5","2028-11-19","Available",,"ATV5833",157991,189.338,15318.8066,112,412,6,6.779470139065108,74.54251968503937,"4. >65 inches"
"SAMSUNG","QA55Q60DAW","Australia,Fiji,New Zealand","LCD (LED)","0.5","2028-11-19","Available",,"ATV5831",157987,138.783,8230.118400000001,74,273,6,6.005231674302989,54.63897637795275,"2. 44–55 inches"
"SAMSUNG","QA55Q60DAS","Australia,Fiji,New Zealand","LCD (LED)","0.5","2028-11-19","Available",,"ATV5831",157987,138.783,8230.118400000001,74,273,6,6.005231674302989,54.63897637795275,"2. 44–55 inches"
"SAMSUNG","QA55Q65DAW","Australia,Fiji,New Zealand","LCD (LED)","0.5","2028-11-19","Available",,"ATV5831",157987,138.783,8230.118400000001,74,273,6,6.005231674302989,54.63897637795275,"2. 44–55 inches"
"SAMSUNG","QA55Q65DAS","Australia,Fiji,New Zealand","LCD (LED)","0.5","2028-11-19","Available",,"ATV5831",157987,138.783,8230.118400000001,74,273,6,6.005231674302989,54.63897637795275,"2. 44–55 inches"
"SAMSUNG","QA55Q6*DA*","Australia,Fiji,New Zealand","LCD (LED)","0.5","2028-11-19","Available",,"ATV5831",157987,138.783,8230.118400000001,74,273,6,6.005231674302989,54.63897637795275,"2. 44–55 inches"
"SAMSUNG","QA50Q60DAS","Australia,Fiji,New Zealand","LCD (LED)","0.5","2028-11-19","Available",,"ATV5836",157986,125.727,6754.5112,66,244,5.5,5.699152541308105,49.4988188976378,"2. 44–55 inches"
"SAMSUNG","QA50Q65DAS","Australia,Fiji,New Zealand","LCD (LED)","0.5","2028-11-19","Available",,"ATV5836",157986,125.727,6754.5112,66,244,5.5,5.699152541308105,49.4988188976378,"2. 44–55 inches"
"SAMSUNG","QA50Q6*DAS","Australia,Fiji,New Zealand","LCD (LED)","0.5","2028-11-19","Available",,"ATV5836",157986,125.727,6754.5112,66,244,5.5,5.699152541308105,49.4988188976378,"2. 44–55 inches"
"SAMSUNG","QA85Q60DAW","Australia,Fiji,New Zealand","LCD (LED)","0.5","2028-11-19","Available",,"ATV5834",157993,214.783,19712.16,142,521,6,6.813691827932876,84.56023622047243,"4. >65 inches"
"SAMSUNG","QA85Q60DAS","Australia,Fiji,New Zealand","LCD (LED)","0.5","2028-11-19","Available",,"ATV5834",157993,214.783,19712.16,142,521,6,6.813691827932876,84.56023622047243,"4. >65 inches"
"SAMSUNG","QA85Q65DAW","Australia,Fiji,New Zealand","LCD (LED)","0.5","2028-11-19","Available",,"ATV5834",157993,214.783,19712.16,142,521,6,6.813691827932876,84.56023622047243,"4. >65 inches"
"SAMSUNG","QA85Q65DAS","Australia,Fiji,New Zealand","LCD (LED)","0.5","2028-11-19","Available",,"ATV5834",157993,214.783,19712.16,142,521,6,6.813691827932876,84.56023622047243,"4. >65 inches"
"SAMSUNG","QA85Q6*DA*","Australia,Fiji,New Zealand","LCD (LED)","0.5","2028-11-19","Available",,"ATV5834",157993,214.783,19712.16,142,521,6,6.813691827932876,84.56023622047243,"4. >65 inches"
"SAMSUNG","QA65Q60DAW","Australia,Fiji,New Zealand","LCD (LED)","0.5","2028-11-19","Available",,"ATV5832",157989,163.897,11477.9975,86,317,6,6.725672011354488,64.52637795275591,"3. 56–65 inches"
"SAMSUNG","QA65Q60DAS","Australia,Fiji,New Zealand","LCD (LED)","0.5","2028-11-19","Available",,"ATV5832",157989,163.897,11477.9975,86,317,6,6.725672011354488,64.52637795275591,"3. 56–65 inches"
"SAMSUNG","QA65Q65DAW","Australia,Fiji,New Zealand","LCD (LED)","0.5","2028-11-19","Available",,"ATV5832",157989,163.897,11477.9975,86,317,6,6.725672011354488,64.52637795275591,"3. 56–65 inches"
"SAMSUNG","QA65Q65DAS","Australia,Fiji,New Zealand","LCD (LED)","0.5","2028-11-19","Available",,"ATV5832",157989,163.897,11477.9975,86,317,6,6.725672011354488,64.52637795275591,"3. 56–65 inches"
"SAMSUNG","QA65Q6*DA*","Australia,Fiji,New Zealand","LCD (LED)","0.5","2028-11-19","Available",,"ATV5832",157989,163.897,11477.9975,86,317,6,6.725672011354488,64.52637795275591,"3. 56–65 inches"
"SAMSUNG","QA43Q60DAS","Australia,Fiji,New Zealand","LCD (LED)","0.5","2028-11-19","Available",,"ATV5837",157984,107.987,4982.7128,64,237,4.5,4.613442755808096,42.514566929133856,"1. ≤43 inches"
"SAMSUNG","QA43Q65DAS","Australia,Fiji,New Zealand","LCD (LED)","0.5","2028-11-19","Available",,"ATV5837",157984,107.987,4982.7128,64,237,4.5,4.613442755808096,42.514566929133856,"1. ≤43 inches"
"SAMSUNG","QA43Q6*DAS","Australia,Fiji,New Zealand","LCD (LED)","0.5","2028-11-19","Available",,"ATV5837",157984,107.987,4982.7128,64,237,4.5,4.613442755808096,42.514566929133856,"1. ≤43 inches"
"SAMSUNG","QA50QN90DAW","Australia,Fiji,New Zealand","LCD (LED)","0.5","2029-01-08","Available",,"ATV5916",158602,125.727,6754.5112,81,299,4.5,4.788190306906577,49.4988188976378,"2. 44–55 inches"
"SAMSUNG","QA50QN90DAS","Australia,Fiji,New Zealand","LCD (LED)","0.5","2029-01-08","Available",,"ATV5916",158602,125.727,6754.5112,81,299,4.5,4.788190306906577,49.4988188976378,"2. 44–55 inches"
"SAMSUNG","QA50QN90DA*","Australia,Fiji,New Zealand","LCD (LED)","0.5","2029-01-08","Available",,"ATV5916",158602,125.727,6754.5112,81,299,4.5,4.788190306906577,49.4988188976378,"2. 44–55 inches"
"SONY","K-75XR70","Australia,New Zealand","LCD (LED)","0.5","2028-12-19","Available","https://www.sony.com.au/","ATV5905",158722,189.306,15312,200.3,737,4,4.171330516648757,74.52992125984252,"4. >65 inches"
"SONY","K-85XR70","Australia,New Zealand","LCD (LED)","0.5","2028-12-19","Available","https://www.sony.com.au/","ATV5904",158724,214.783,19712.16,227.9,838,4.5,4.683815988234116,84.56023622047243,"4. >65 inches"
"SAMSUNG","QA85QN800DW","Australia,Fiji,New Zealand","LCD (LED)","0.5","2029-01-08","Available",,"ATV5917",158741,214.783,19712.16,294,1076,3.5,3.5635163480816754,84.56023622047243,"4. >65 inches"
"SAMSUNG","QA85QN800DS","Australia,Fiji,New Zealand","LCD (LED)","0.5","2029-01-08","Available",,"ATV5917",158741,214.783,19712.16,294,1076,3.5,3.5635163480816754,84.56023622047243,"4. >65 inches"
"SAMSUNG","QA85QN800D*","Australia,Fiji,New Zealand","LCD (LED)","0.5","2029-01-08","Available",,"ATV5917",158741,214.783,19712.16,294,1076,3.5,3.5635163480816754,84.56023622047243,"4. >65 inches"
"SAMSUNG","UA85DU8000W","Australia,Fiji,New Zealand","LCD (LED)","0.5","2029-01-08","Available",,"ATV5918",158742,214.783,19712.16,195,715,5,5.395176710303825,84.56023622047243,"4. >65 inches"
"SAMSUNG","UA85DU8000S","Australia,Fiji,New Zealand","LCD (LED)","0.5","2029-01-08","Available",,"ATV5918",158742,214.783,19712.16,195,715,5,5.395176710303825,84.56023622047243,"4. >65 inches"
"SAMSUNG","UA85DU8000*","Australia,Fiji,New Zealand","LCD (LED)","0.5","2029-01-08","Available",,"ATV5918",158742,214.783,19712.16,195,715,5,5.395176710303825,84.56023622047243,"4. >65 inches"
"SAMSUNG","QA55Q80DAW","Australia,Fiji,New Zealand","LCD (LED)","0.5","2029-01-08","Available",,"ATV5919",158743,138.783,8230.118400000001,108,397,4,4.327098995599919,54.63897637795275,"2. 44–55 inches"
"SAMSUNG","QA55Q80DAS","Australia,Fiji,New Zealand","LCD (LED)","0.5","2029-01-08","Available",,"ATV5919",158743,138.783,8230.118400000001,108,397,4,4.327098995599919,54.63897637795275,"2. 44–55 inches"
"SAMSUNG","QA55Q80DA*","Australia,Fiji,New Zealand","LCD (LED)","0.5","2029-01-08","Available",,"ATV5919",158743,138.783,8230.118400000001,108,397,4,4.327098995599919,54.63897637795275,"2. 44–55 inches"
"SAMSUNG","QA85Q70DAW","Australia,Fiji,New Zealand","LCD (LED)","0.5","2029-01-08","Available",,"ATV5920",158744,214.783,19712.16,200,733,5,5.283754448507723,84.56023622047243,"4. >65 inches"
"SAMSUNG","QA85Q70DAS","Australia,Fiji,New Zealand","LCD (LED)","0.5","2029-01-08","Available",,"ATV5920",158744,214.783,19712.16,200,733,5,5.283754448507723,84.56023622047243,"4. >65 inches"
"SAMSUNG","QA85Q70DA*","Australia,Fiji,New Zealand","LCD (LED)","0.5","2029-01-08","Available",,"ATV5920",158744,214.783,19712.16,200,733,5,5.283754448507723,84.56023622047243,"4. >65 inches"
"SAMSUNG","QA77S95DAW","Australia,Fiji,New Zealand","LCD (LED)","0.5","2029-01-08","Available",,"ATV5921",158746,195.177,16277.825900000002,216,791,4,4.116919246611706,76.84133858267717,"4. >65 inches"
"SAMSUNG","QA77S95DAS","Australia,Fiji,New Zealand","LCD (LED)","0.5","2029-01-08","Available",,"ATV5921",158746,195.177,16277.825900000002,216,791,4,4.116919246611706,76.84133858267717,"4. >65 inches"
"SAMSUNG","QA77S95DA*","Australia,Fiji,New Zealand","LCD (LED)","0.5","2029-01-08","Available",,"ATV5921",158746,195.177,16277.825900000002,216,791,4,4.116919246611706,76.84133858267717,"4. >65 inches"
"KOGAN","KALED50U94VA","Australia,Fiji,New Zealand","LCD (LED)","0.4","2028-12-31","Available",,"ATV5909",158750,125.731,6754.867344,47.3,210,6,6.371851645208939,49.5003937007874,"2. 44–55 inches"
"KOGAN","KALED50U94VB","Australia,Fiji,New Zealand","LCD (LED)","0.4","2028-12-31","Available",,"ATV5909",158750,125.731,6754.867344,47.3,210,6,6.371851645208939,49.5003937007874,"2. 44–55 inches"
"KOGAN","KALED50U94VC","Australia,Fiji,New Zealand","LCD (LED)","0.4","2028-12-31","Available",,"ATV5909",158750,125.731,6754.867344,47.3,210,6,6.371851645208939,49.5003937007874,"2. 44–55 inches"
"KOGAN","KALED50U94V*","Australia,Fiji,New Zealand","LCD (LED)","0.4","2028-12-31","Available",,"ATV5909",158750,125.731,6754.867344,47.3,210,6,6.371851645208939,49.5003937007874,"2. 44–55 inches"
"KOGAN","KALED43F98VA","Australia,Fiji,New Zealand","LCD (LED)","-","2029-01-02","Available",,"ATV5913",158767,107.947,4979.654399999999,39.24,229,4.5,4.7649139916034216,42.4988188976378,"1. ≤43 inches"
"KOGAN","KALED43F98VB","Australia,Fiji,New Zealand","LCD (LED)","-","2029-01-02","Available",,"ATV5913",158767,107.947,4979.654399999999,39.24,229,4.5,4.7649139916034216,42.4988188976378,"1. ≤43 inches"
"KOGAN","KALED43F98VC","Australia,Fiji,New Zealand","LCD (LED)","-","2029-01-02","Available",,"ATV5913",158767,107.947,4979.654399999999,39.24,229,4.5,4.7649139916034216,42.4988188976378,"1. ≤43 inches"
"LG","43UT8050PSB","Australia,New Zealand","LCD (LED)","0.4","2029-01-09","Available",,"ATV5922",158836,107.987,4982.7128,70,258,4,4.232972680439712,42.514566929133856,"1. ≤43 inches"
"LG","43UT80506LA","Australia,New Zealand","LCD (LED)","0.4","2029-01-13","Available",,"ATV5937",158837,107.987,4982.7128,73,269,4,4.045865347808662,42.514566929133856,"1. ≤43 inches"
"LG","43UT81006LA","Australia,New Zealand","LCD (LED)","0.4","2029-01-13","Available",,"ATV5945",158838,107.987,4982.7128,73,269,4,4.045865347808662,42.514566929133856,"1. ≤43 inches"
"LG","50UT8050PSB","Australia,New Zealand","LCD (LED)","0.4","2029-01-09","Available",,"ATV5923",158839,125.727,6754.5112,83,305,4.5,4.699152541308104,49.4988188976378,"2. 44–55 inches"
"LG","50UT80506LA","Australia,New Zealand","LCD (LED)","0.4","2029-01-13","Available",,"ATV5944",158840,125.727,6754.5112,83,305,4.5,4.699152541308104,49.4988188976378,"2. 44–55 inches"
"LG","50UT81006LA","Australia,New Zealand","LCD (LED)","0.4","2029-01-13","Available",,"ATV5938",158841,125.727,6754.5112,83,305,4.5,4.699152541308104,49.4988188976378,"2. 44–55 inches"
"LG","55UT8050PSB","Australia,New Zealand","LCD (LED)","0.4","2029-01-09","Available",,"ATV5924",158842,138.783,8230.118400000001,97,357,4.5,4.803028047916603,54.63897637795275,"2. 44–55 inches"
"LG","55UT80506LA","Australia,New Zealand","LCD (LED)","0.4","2029-01-13","Available",,"ATV5939",158843,138.783,8230.118400000001,97,357,4.5,4.803028047916603,54.63897637795275,"2. 44–55 inches"
"LG","55UT81006LA","Australia,New Zealand","LCD (LED)","0.4","2029-01-13","Available",,"ATV5943",158844,138.783,8230.118400000001,97,357,4.5,4.803028047916603,54.63897637795275,"2. 44–55 inches"
"LG","65UT8050PSB","Australia,New Zealand","LCD (LED)","0.4","2029-01-13","Available",,"ATV5940",158845,163.897,11477.9975,120,441,5,5.246162074252658,64.52637795275591,"3. 56–65 inches"
"LG","65UT80506LA","Australia,New Zealand","LCD (LED)","0.4","2029-01-13","Available",,"ATV5942",158846,163.897,11477.9975,120,441,5,5.246162074252658,64.52637795275591,"3. 56–65 inches"
"LG","65UT81006LA","Australia,New Zealand","LCD (LED)","0.4","2029-01-13","Available",,"ATV5941",158847,163.897,11477.9975,120,441,5,5.246162074252658,64.52637795275591,"3. 56–65 inches"
"LG","75UT8050PSB","Australia,New Zealand","LCD (LED)","0.4","2029-01-15","Available",,"ATV5950",158848,189.275,15307.5663,165,605,5,5.054540009525431,74.51771653543307,"4. >65 inches"
"LG","75UT81006LA","Australia,New Zealand","LCD (LED)","0.4","2029-01-20","Available",,"ATV5979",158849,189.275,15307.5663,165,605,5,5.054540009525431,74.51771653543307,"4. >65 inches"
"LG","86UT8050PSB","Australia,New Zealand","LCD (LED)","0.4","2029-01-14","Available",,"ATV5946",158851,217.425,20200.7,212,776,5,5.134275172185824,85.60039370078741,"4. >65 inches"
"LG","86UT80506LA","Australia,New Zealand","LCD (LED)","0.4","2029-01-31","Available",,"ATV6009",158852,217.425,20200.7,212,776,5,5.134275172185824,85.60039370078741,"4. >65 inches"
"LG","86UT81006LA","Australia,New Zealand","LCD (LED)","0.4","2029-01-22","Available",,"ATV5992",158853,217.425,20200.7,212,776,5,5.134275172185824,85.60039370078741,"4. >65 inches"
"LG","50QNED86TSA","Australia,New Zealand","LCD (LED)","0.4","2029-03-14","Available",,"ATV6096",158854,125.727,6754.5112,80,295,4.5,4.8485470457482105,49.4988188976378,"2. 44–55 inches"
"LG","65QNED86TSA","Australia,New Zealand","LCD (LED)","0.4","2029-01-20","Available",,"ATV5980",158855,163.897,11477.9975,118,433,5,5.328204093107946,64.52637795275591,"3. 56–65 inches"
"LG","65QNED91TSA","Australia,New Zealand","LCD (LED)","0.4","2029-01-15","Available",,"ATV5951",158856,163.897,11477.9975,125,459,5,5.066881362898524,64.52637795275591,"3. 56–65 inches"
"LG","75QNED86TSA","Australia,New Zealand","LCD (LED)","0.4","2029-01-21","Available",,"ATV5985",158857,189.275,15307.5663,134,492,5.5,5.981072460590566,74.51771653543307,"4. >65 inches"
"LG","75QNED91TSA","Australia,New Zealand","LCD (LED)","0.4","2029-01-15","Available",,"ATV5952",158858,189.275,15307.5663,150,550,5,5.481664966724477,74.51771653543307,"4. >65 inches"
"LG","86QNED91TSA","Australia,New Zealand","LCD (LED)","0.4","2029-01-14","Available",,"ATV5947",158859,217.425,20200.7,206,754,5,5.263161496732867,85.60039370078741,"4. >65 inches"
"LG","OLED48B46LA","Australia,New Zealand","OLED","0.4","2029-01-20","Available",,"ATV5982",158860,120.721,6226.9196,78,287,4.5,4.642815154297896,47.52795275590551,"2. 44–55 inches"
"LG","OLED55B4PSA","Australia,New Zealand","OLED","0.4","2029-01-21","Available",,"ATV5986",158861,138.783,8230.118400000001,92,338,5,5.048116404602346,54.63897637795275,"2. 44–55 inches"
"LG","OLED55B46LA","Australia,New Zealand","OLED","0.4","2029-01-22","Available",,"ATV6000",158862,138.783,8230.118400000001,92,338,5,5.048116404602346,54.63897637795275,"2. 44–55 inches"
"LG","OLED65C4PSA","Australia,New Zealand","OLED","0.4","2029-01-15","Available",,"ATV5953",158863,163.897,11477.9975,122,448,5,5.175587070514531,64.52637795275591,"3. 56–65 inches"
"LG","OLED77B4PSA","Australia,New Zealand","OLED","0.4","2029-01-20","Available",,"ATV5983",158864,194.738,16204.123099999999,143,524,5.5,5.942899842075888,76.66850393700787,"4. >65 inches"
"LG","OLED77C4PSA","Australia,New Zealand","OLED","0.4","2029-01-15","Available",,"ATV5954",158865,194.738,16204.123099999999,154,565,5.5,5.605296329082943,76.66850393700787,"4. >65 inches"
"LG","OLED83G4PSA","Australia,New Zealand","OLED","0.4","2029-01-15","Available",,"ATV5964",158866,209.585,18769.3425,217,795,4.5,4.707957376187206,82.51377952755905,"4. >65 inches"
"AKAI","AK7523S7WOS","Australia,Fiji,New Zealand","LCD (LED)","0.34","2029-01-01","Available",,"ATV5910",158870,189.344,15304.77,117.61,474,6,6.147318344386143,74.54488188976377,"4. >65 inches"
"EKO","K32HSW2","Australia,Fiji,New Zealand","LCD (LED)","-","2029-01-03","Available","https://www.ayonz.com/","ATV5915",158914,80.039,2736.719568,34.8,131,5,5.0167187257265855,31.511417322834646,"1. ≤43 inches"
"QBELL","QT32WY8A","Australia,Fiji,New Zealand","LCD (LED)","-","2029-01-03","Available","https://www.ayonz.com/","ATV5914",158915,80.039,2736.719568,34.8,131,5,5.0167187257265855,31.511417322834646,"1. ≤43 inches"
"LG","50QNED86T6A","Australia,New Zealand","LCD (LED)","0.4","2029-01-22","Available",,"ATV5999",158932,125.727,6754.5112,80,295,4.5,4.8485470457482105,49.4988188976378,"2. 44–55 inches"
"LG","65QNED86T6A","Australia,New Zealand","LCD (LED)","0.4","2029-01-22","Available",,"ATV5998",158934,163.896,11478.122496000002,118,433,5,5.328250089335192,64.5259842519685,"3. 56–65 inches"
"LG","65QNED91T6A","Australia,New Zealand","LCD (LED)","0.4","2029-01-22","Available",,"ATV5993",158935,163.896,11478.122496000002,125,459,5,5.066927359125772,64.5259842519685,"3. 56–65 inches"
"LG","86QNED86T6A","Australia,New Zealand","LCD (LED)","0.4","2029-02-10","Available",,"ATV6032",158936,217.427,20200.368384,156,572,6,6.50109783348272,85.6011811023622,"4. >65 inches"
"LG","86QNED86TSA","Australia,New Zealand","LCD (LED)","0.4","2029-02-10","Available",,"ATV6033",158937,217.427,20200.368384,156,572,6,6.50109783348272,85.6011811023622,"4. >65 inches"
"LG","86QNED91T6A","Australia,New Zealand","LCD (LED)","0.4","2029-01-23","Available",,"ATV6003",158938,217.427,20200.368384,206,754,5,5.263090393871955,85.6011811023622,"4. >65 inches"
"LG","OLED65C46LA","Australia,New Zealand","OLED","0.4","2029-02-04","Available",,"ATV6020",158939,163.896,11478.122496000002,122,448,5,5.17563306674178,64.5259842519685,"3. 56–65 inches"
"TCL","85X925 PRO","Australia,Fiji,New Zealand","LCD (LED)","0.467","2029-01-09","Available","https://www.tcl.com/au","ATV5925",158940,214.783,19712.16,408.9,1645,1.5,1.6611986697185854,84.56023622047243,"4. >65 inches"
"LG","OLED77B46LA","Australia,New Zealand","OLED","0.4","2029-01-22","Available",,"ATV5994",158941,194.737,16204.271616,143,524,5.5,5.942939213950808,76.66811023622047,"4. >65 inches"
"LG","OLED77C46LA","Australia,New Zealand","OLED","0.4","2029-02-04","Available",,"ATV6019",158942,194.737,16204.271616,154,565,5.5,5.605335700957863,76.66811023622047,"4. >65 inches"
"LG","OLED83G46LA","Australia,New Zealand","OLED","0.4","2029-01-22","Available",,"ATV5995",158943,209.584,18769.23975,217,795,4.5,4.707933725694868,82.51338582677165,"4. >65 inches"
"LG","75QNED86T6A","Australia,New Zealand","LCD (LED)","0.4","2029-01-23","Available",,"ATV6002",158944,189.275,15307.5663,134,492,5.5,5.981072460590566,74.51771653543307,"4. >65 inches"
"LG","75QNED91T6A","Australia,New Zealand","LCD (LED)","0.4","2029-01-23","Available",,"ATV6001",158949,189.275,15307.5663,150,550,5,5.481664966724477,74.51771653543307,"4. >65 inches"
"SAMSUNG","QA75Q80DAW","Australia,Fiji,New Zealand","LCD (LED)","0.5","2029-01-09","Available",,"ATV5926",158971,189.338,15318.8066,198,726,4,4.240626143176827,74.54251968503937,"4. >65 inches"
"SAMSUNG","QA75Q80DAS","Australia,Fiji,New Zealand","LCD (LED)","0.5","2029-01-09","Available",,"ATV5926",158971,189.338,15318.8066,198,726,4,4.240626143176827,74.54251968503937,"4. >65 inches"
"SAMSUNG","QA75Q80DA*","Australia,Fiji,New Zealand","LCD (LED)","0.5","2029-01-09","Available",,"ATV5926",158971,189.338,15318.8066,198,726,4,4.240626143176827,74.54251968503937,"4. >65 inches"
"SAMSUNG","QA85Q80DAW","Australia,Fiji,New Zealand","LCD (LED)","0.5","2029-01-09","Available",,"ATV5927",158972,214.783,19712.16,258,945,4,4.145297952180938,84.56023622047243,"4. >65 inches"
"SAMSUNG","QA85Q80DAS","Australia,Fiji,New Zealand","LCD (LED)","0.5","2029-01-09","Available",,"ATV5927",158972,214.783,19712.16,258,945,4,4.145297952180938,84.56023622047243,"4. >65 inches"
"SAMSUNG","QA85Q80DA*","Australia,Fiji,New Zealand","LCD (LED)","0.5","2029-01-09","Available",,"ATV5927",158972,214.783,19712.16,258,945,4,4.145297952180938,84.56023622047243,"4. >65 inches"
"SAMSUNG","QA65Q80DAW","Australia,Fiji,New Zealand","LCD (LED)","0.5","2029-01-09","Available",,"ATV5928",158973,163.897,11477.9975,147,540,4,4.338565762736138,64.52637795275591,"3. 56–65 inches"
"SAMSUNG","QA65Q80DAS","Australia,Fiji,New Zealand","LCD (LED)","0.5","2029-01-09","Available",,"ATV5928",158973,163.897,11477.9975,147,540,4,4.338565762736138,64.52637795275591,"3. 56–65 inches"
"SAMSUNG","QA65Q80DA*","Australia,Fiji,New Zealand","LCD (LED)","0.5","2029-01-09","Available",,"ATV5928",158973,163.897,11477.9975,147,540,4,4.338565762736138,64.52637795275591,"3. 56–65 inches"
"SAMSUNG","QA50Q80DAW","Australia,Fiji,New Zealand","LCD (LED)","0.5","2029-01-09","Available",,"ATV5929",158974,125.727,6754.5112,82,302,4.5,4.7434503001916815,49.4988188976378,"2. 44–55 inches"
"SAMSUNG","QA50Q80DAS","Australia,Fiji,New Zealand","LCD (LED)","0.5","2029-01-09","Available",,"ATV5929",158974,125.727,6754.5112,82,302,4.5,4.7434503001916815,49.4988188976378,"2. 44–55 inches"
"SAMSUNG","QA50Q80DA*","Australia,Fiji,New Zealand","LCD (LED)","0.5","2029-01-09","Available",,"ATV5929",158974,125.727,6754.5112,82,302,4.5,4.7434503001916815,49.4988188976378,"2. 44–55 inches"
"SAMSUNG","QA65S90DAW","Australia,Fiji,New Zealand","LCD (LED)","0.5","2029-01-09","Available",,"ATV5930",158975,163.897,11477.9975,146,536,4,4.371885024904951,64.52637795275591,"3. 56–65 inches"
"SAMSUNG","QA65S90DAS","Australia,Fiji,New Zealand","LCD (LED)","0.5","2029-01-09","Available",,"ATV5930",158975,163.897,11477.9975,146,536,4,4.371885024904951,64.52637795275591,"3. 56–65 inches"
"SAMSUNG","QA65S90DA*","Australia,Fiji,New Zealand","LCD (LED)","0.5","2029-01-09","Available",,"ATV5930",158975,163.897,11477.9975,146,536,4,4.371885024904951,64.52637795275591,"3. 56–65 inches"
"SAMSUNG","QA65S95DAW","Australia,Fiji,New Zealand","LCD (LED)","0.5","2029-01-09","Available",,"ATV5931",158976,163.897,11477.9975,153,562,4,4.159610511283939,64.52637795275591,"3. 56–65 inches"
"SAMSUNG","QA65S95DAS","Australia,Fiji,New Zealand","LCD (LED)","0.5","2029-01-09","Available",,"ATV5931",158976,163.897,11477.9975,153,562,4,4.159610511283939,64.52637795275591,"3. 56–65 inches"
"SAMSUNG","QA65S95DA*","Australia,Fiji,New Zealand","LCD (LED)","0.5","2029-01-09","Available",,"ATV5931",158976,163.897,11477.9975,153,562,4,4.159610511283939,64.52637795275591,"3. 56–65 inches"
"SAMSUNG","QA55S95DAW","Australia,Fiji,New Zealand","LCD (LED)","0.5","2029-01-09","Available",,"ATV5932",158980,138.783,8230.118400000001,110,405,4,4.237691139975824,54.63897637795275,"2. 44–55 inches"
"SAMSUNG","QA55S95DAS","Australia,Fiji,New Zealand","LCD (LED)","0.5","2029-01-09","Available",,"ATV5932",158980,138.783,8230.118400000001,110,405,4,4.237691139975824,54.63897637795275,"2. 44–55 inches"
"SAMSUNG","QA55S95DA*","Australia,Fiji,New Zealand","LCD (LED)","0.5","2029-01-09","Available",,"ATV5932",158980,138.783,8230.118400000001,110,405,4,4.237691139975824,54.63897637795275,"2. 44–55 inches"
"SAMSUNG","QA55Q70DAW","Australia,Fiji,New Zealand","LCD (LED)","0.5","2029-01-09","Available",,"ATV5933",158984,138.783,8230.118400000001,108,397,4,4.327098995599919,54.63897637795275,"2. 44–55 inches"
"SAMSUNG","QA55Q70DAS","Australia,Fiji,New Zealand","LCD (LED)","0.5","2029-01-09","Available",,"ATV5933",158984,138.783,8230.118400000001,108,397,4,4.327098995599919,54.63897637795275,"2. 44–55 inches"
"SAMSUNG","QA55Q70DA*","Australia,Fiji,New Zealand","LCD (LED)","0.5","2029-01-09","Available",,"ATV5933",158984,138.783,8230.118400000001,108,397,4,4.327098995599919,54.63897637795275,"2. 44–55 inches"
"SAMSUNG","QA65Q70DAW","Australia,Fiji,New Zealand","LCD (LED)","0.5","2029-01-09","Available",,"ATV5934",158985,163.897,11477.9975,142,521,4,4.499086188237998,64.52637795275591,"3. 56–65 inches"
"SAMSUNG","QA65Q70DAS","Australia,Fiji,New Zealand","LCD (LED)","0.5","2029-01-09","Available",,"ATV5934",158985,163.897,11477.9975,142,521,4,4.499086188237998,64.52637795275591,"3. 56–65 inches"
"SAMSUNG","QA65Q70DA*","Australia,Fiji,New Zealand","LCD (LED)","0.5","2029-01-09","Available",,"ATV5934",158985,163.897,11477.9975,142,521,4,4.499086188237998,64.52637795275591,"3. 56–65 inches"
"SAMSUNG","QA75Q70DAW","Australia,Fiji,New Zealand","LCD (LED)","0.5","2029-01-16","Available",,"ATV5977",158986,189.338,15318.8066,157,576,5,5.277816565063631,74.54251968503937,"4. >65 inches"
"SAMSUNG","QA75Q70DAS","Australia,Fiji,New Zealand","LCD (LED)","0.5","2029-01-16","Available",,"ATV5977",158986,189.338,15318.8066,157,576,5,5.277816565063631,74.54251968503937,"4. >65 inches"
"SAMSUNG","QA75Q70DA*","Australia,Fiji,New Zealand","LCD (LED)","0.5","2029-01-16","Available",,"ATV5977",158986,189.338,15318.8066,157,576,5,5.277816565063631,74.54251968503937,"4. >65 inches"
"SAMSUNG","QA55QE1DAS","Australia,Fiji,New Zealand","LCD (LED)","0.5","2029-01-15","Available",,"ATV5955",159005,138.783,8230.118400000001,78,288,5.5,5.765526405493009,54.63897637795275,"2. 44–55 inches"
"SAMSUNG","QA43LS03DAW","Australia,Fiji,New Zealand","LCD (LED)","0.5","2029-01-15","Available",,"ATV5957",159007,107.987,4982.7128,92,339,3,3.009363390138676,42.514566929133856,"1. ≤43 inches"
"SAMSUNG","QA43LS03DAS","Australia,Fiji,New Zealand","LCD (LED)","0.5","2029-01-15","Available",,"ATV5957",159007,107.987,4982.7128,92,339,3,3.009363390138676,42.514566929133856,"1. ≤43 inches"
"SAMSUNG","QA43LS03DA*","Australia,Fiji,New Zealand","LCD (LED)","0.5","2029-01-15","Available",,"ATV5957",159007,107.987,4982.7128,92,339,3,3.009363390138676,42.514566929133856,"1. ≤43 inches"
"SAMSUNG","QA75QN900DW","Australia,Fiji,New Zealand","LCD (LED)","0.5","2029-01-16","Available",,"ATV5976",159010,189.338,15318.8066,286,1047,2.5,2.5998249912305393,74.54251968503937,"4. >65 inches"
"SAMSUNG","QA75QN900DS","Australia,Fiji,New Zealand","LCD (LED)","0.5","2029-01-16","Available",,"ATV5976",159010,189.338,15318.8066,286,1047,2.5,2.5998249912305393,74.54251968503937,"4. >65 inches"
"SAMSUNG","QA75QN900D*","Australia,Fiji,New Zealand","LCD (LED)","0.5","2029-01-16","Available",,"ATV5976",159010,189.338,15318.8066,286,1047,2.5,2.5998249912305393,74.54251968503937,"4. >65 inches"
"SAMSUNG","QA55QN85DBW","Australia,Fiji,New Zealand","LCD (LED)","0.5","2029-01-16","Available",,"ATV5975",159034,138.783,8230.118400000001,112,412,4,4.160896259989094,54.63897637795275,"2. 44–55 inches"
"SAMSUNG","QA55QN85DBS","Australia,Fiji,New Zealand","LCD (LED)","0.5","2029-01-16","Available",,"ATV5975",159034,138.783,8230.118400000001,112,412,4,4.160896259989094,54.63897637795275,"2. 44–55 inches"
"SAMSUNG","QA55QN85DB*","Australia,Fiji,New Zealand","LCD (LED)","0.5","2029-01-16","Available",,"ATV5975",159034,138.783,8230.118400000001,112,412,4,4.160896259989094,54.63897637795275,"2. 44–55 inches"
"SAMSUNG","QA55QN87DAW","Australia,Fiji,New Zealand","LCD (LED)","0.5","2029-01-16","Available",,"ATV5974",159036,138.783,8230.118400000001,109,401,4,4.2821721018566965,54.63897637795275,"2. 44–55 inches"
"SAMSUNG","QA55QN87DAS","Australia,Fiji,New Zealand","LCD (LED)","0.5","2029-01-16","Available",,"ATV5974",159036,138.783,8230.118400000001,109,401,4,4.2821721018566965,54.63897637795275,"2. 44–55 inches"
"SAMSUNG","QA55QN87DA*","Australia,Fiji,New Zealand","LCD (LED)","0.5","2029-01-16","Available",,"ATV5974",159036,138.783,8230.118400000001,109,401,4,4.2821721018566965,54.63897637795275,"2. 44–55 inches"
"SAMSUNG","QA50LS03DAW","Australia,Fiji,New Zealand","LCD (LED)","0.5","2029-01-16","Available",,"ATV5973",159044,125.727,6754.5112,93,343,4,4.172950148870644,49.4988188976378,"2. 44–55 inches"
"SAMSUNG","QA50LS03DAS","Australia,Fiji,New Zealand","LCD (LED)","0.5","2029-01-16","Available",,"ATV5973",159044,125.727,6754.5112,93,343,4,4.172950148870644,49.4988188976378,"2. 44–55 inches"
"SAMSUNG","QA50LS03DA*","Australia,Fiji,New Zealand","LCD (LED)","0.5","2029-01-16","Available",,"ATV5973",159044,125.727,6754.5112,93,343,4,4.172950148870644,49.4988188976378,"2. 44–55 inches"
"SAMSUNG","QA55LS03DAW","Australia,Fiji,New Zealand","LCD (LED)","0.5","2029-01-15","Available",,"ATV5959",159051,138.783,8230.118400000001,119,437,3.5,3.8968964921306344,54.63897637795275,"2. 44–55 inches"
"SAMSUNG","QA55LS03DAS","Australia,Fiji,New Zealand","LCD (LED)","0.5","2029-01-15","Available",,"ATV5959",159051,138.783,8230.118400000001,119,437,3.5,3.8968964921306344,54.63897637795275,"2. 44–55 inches"
"SAMSUNG","QA55LS03DA*","Australia,Fiji,New Zealand","LCD (LED)","0.5","2029-01-15","Available",,"ATV5959",159051,138.783,8230.118400000001,119,437,3.5,3.8968964921306344,54.63897637795275,"2. 44–55 inches"
"SAMSUNG","QA65LS03DAW","Australia,Fiji,New Zealand","LCD (LED)","0.5","2029-01-16","Available",,"ATV5972",159052,163.897,11477.9975,154,565,4,4.13575196273349,64.52637795275591,"3. 56–65 inches"
"SAMSUNG","QA65LS03DAS","Australia,Fiji,New Zealand","LCD (LED)","0.5","2029-01-16","Available",,"ATV5972",159052,163.897,11477.9975,154,565,4,4.13575196273349,64.52637795275591,"3. 56–65 inches"
"SAMSUNG","QA65LS03DA*","Australia,Fiji,New Zealand","LCD (LED)","0.5","2029-01-16","Available",,"ATV5972",159052,163.897,11477.9975,154,565,4,4.13575196273349,64.52637795275591,"3. 56–65 inches"
"SAMSUNG","QA75LS03DAW","Australia,Fiji,New Zealand","LCD (LED)","0.5","2029-01-16","Available",,"ATV5971",159054,189.338,15318.8066,190,697,4,4.423309459921533,74.54251968503937,"4. >65 inches"
"SAMSUNG","QA75LS03DAS","Australia,Fiji,New Zealand","LCD (LED)","0.5","2029-01-16","Available",,"ATV5971",159054,189.338,15318.8066,190,697,4,4.423309459921533,74.54251968503937,"4. >65 inches"
"SAMSUNG","QA75LS03DA*","Australia,Fiji,New Zealand","LCD (LED)","0.5","2029-01-16","Available",,"ATV5971",159054,189.338,15318.8066,190,697,4,4.423309459921533,74.54251968503937,"4. >65 inches"
"SAMSUNG","QA65QN900DW","Australia,Fiji,New Zealand","LCD (LED)","0.5","2029-01-16","Available",,"ATV5969",159075,163.897,11477.9975,260,952,1.5,1.7976189511715273,64.52637795275591,"3. 56–65 inches"
"SAMSUNG","QA65QN900DS","Australia,Fiji,New Zealand","LCD (LED)","0.5","2029-01-16","Available",,"ATV5969",159075,163.897,11477.9975,260,952,1.5,1.7976189511715273,64.52637795275591,"3. 56–65 inches"
"SAMSUNG","QA65QN900D*","Australia,Fiji,New Zealand","LCD (LED)","0.5","2029-01-16","Available",,"ATV5969",159075,163.897,11477.9975,260,952,1.5,1.7976189511715273,64.52637795275591,"3. 56–65 inches"
"SAMSUNG","QA85LS03DAW","Australia,Fiji,New Zealand","LCD (LED)","0.5","2029-01-16","Available",,"ATV5968",159076,214.783,19712.16,220,806,4.5,4.858297203336008,84.56023622047243,"4. >65 inches"
"SAMSUNG","QA85LS03DAS","Australia,Fiji,New Zealand","LCD (LED)","0.5","2029-01-16","Available",,"ATV5968",159076,214.783,19712.16,220,806,4.5,4.858297203336008,84.56023622047243,"4. >65 inches"
"SAMSUNG","QA85LS03DA*","Australia,Fiji,New Zealand","LCD (LED)","0.5","2029-01-16","Available",,"ATV5968",159076,214.783,19712.16,220,806,4.5,4.858297203336008,84.56023622047243,"4. >65 inches"
"LG","43NANO81TSA","Australia,New Zealand","LCD (LED)","0.4","2029-02-04","Available",,"ATV6018",159090,107.987,4982.7128,70,258,4,4.232972680439712,42.514566929133856,"1. ≤43 inches"
"LG","50NANO81TSA","Australia,New Zealand","LCD (LED)","0.4","2029-02-25","Available",,"ATV6042",159093,125.727,6754.5112,90,331,4,4.332542803819169,49.4988188976378,"2. 44–55 inches"
"LG","55NANO81TSA","Australia,New Zealand","LCD (LED)","0.4","2029-02-04","Available",,"ATV6021",159095,138.783,8230.118400000001,112,411,4,4.17178671520942,54.63897637795275,"2. 44–55 inches"
"LG","65NANO81TSA","Australia,New Zealand","LCD (LED)","0.4","2029-02-04","Available",,"ATV6017",159098,163.897,11477.9975,144,528,4,4.439276071054277,64.52637795275591,"3. 56–65 inches"
"LG","75NANO81TSA","Australia,New Zealand","LCD (LED)","0.4","2029-02-10","Available",,"ATV6031",159102,189.275,15307.5663,181,663,4.5,4.644281538618003,74.51771653543307,"4. >65 inches"
"LG","86NANO81TSA","Australia,New Zealand","LCD (LED)","0.4","2029-02-10","Available",,"ATV6030",159106,217.427,20200.368384,250,915,4,4.395793552319711,85.6011811023622,"4. >65 inches"
"LG","86QNED80T6A","Australia,New Zealand","LCD (LED)","0.4","2029-02-28","Available",,"ATV6047",159109,217.427,20200.368384,154,565,6,6.556278725607263,85.6011811023622,"4. >65 inches"
"LG","86QNED81TSA","Australia,New Zealand","LCD (LED)","0.4","2029-02-10","Available",,"ATV6034",159111,217.427,20200.368384,154,565,6,6.556278725607263,85.6011811023622,"4. >65 inches"
"LG","OLED83C4PSA","Australia,New Zealand","OLED","0.4","2029-02-10","Available",,"ATV6029",159112,209.585,18769.3425,193,707,5,5.23367926268964,82.51377952755905,"4. >65 inches"
"LG","OLED83C46LA","Australia,New Zealand","OLED","0.4","2029-02-10","Available",,"ATV6035",159113,209.585,18769.3425,193,707,5,5.23367926268964,82.51377952755905,"4. >65 inches"
"SAMSUNG","QA85QN87DAW","Australia,Fiji,New Zealand","LCD (LED)","0.5","2029-01-15","Available",,"ATV5961",159127,214.783,19712.16,192,704,5,5.464657483755054,84.56023622047243,"4. >65 inches"
"SAMSUNG","QA85QN87DAS","Australia,Fiji,New Zealand","LCD (LED)","0.5","2029-01-15","Available",,"ATV5961",159127,214.783,19712.16,192,704,5,5.464657483755054,84.56023622047243,"4. >65 inches"
"SAMSUNG","QA85QN87DA*","Australia,Fiji,New Zealand","LCD (LED)","0.5","2029-01-15","Available",,"ATV5961",159127,214.783,19712.16,192,704,5,5.464657483755054,84.56023622047243,"4. >65 inches"
"SAMSUNG","QA75QN87DAW","Australia,Fiji,New Zealand","LCD (LED)","0.5","2029-01-15","Available",,"ATV5962",159131,189.338,15318.8066,144,529,5.5,5.659271589581614,74.54251968503937,"4. >65 inches"
"SAMSUNG","QA75QN87DAS","Australia,Fiji,New Zealand","LCD (LED)","0.5","2029-01-15","Available",,"ATV5962",159131,189.338,15318.8066,144,529,5.5,5.659271589581614,74.54251968503937,"4. >65 inches"
"SAMSUNG","QA75QN87DA*","Australia,Fiji,New Zealand","LCD (LED)","0.5","2029-01-15","Available",,"ATV5962",159131,189.338,15318.8066,144,529,5.5,5.659271589581614,74.54251968503937,"4. >65 inches"
"SONY","K-55S30","Australia,New Zealand","LCD (LED)","0.5","2029-01-15","Available","https://www.sony.com.au/","ATV5963",159153,138.798,8228,119,440,3.5,3.8651735448120057,54.64488188976378,"2. 44–55 inches"
"SONY","K-65S30","Australia,New Zealand","LCD (LED)","0.5","2029-01-15","Available","https://www.sony.com.au/","ATV5949",159152,163.878,11481.120000000003,140,517,4.5,4.534774123722858,64.51889763779526,"3. 56–65 inches"
"SAMSUNG","QA75QN85DBW","Australia,Fiji,New Zealand","LCD (LED)","0.5","2029-01-16","Available",,"ATV5967",159160,189.338,15318.8066,178,653,4.5,4.7155351644065915,74.54251968503937,"4. >65 inches"
"SAMSUNG","QA75QN85DBS","Australia,Fiji,New Zealand","LCD (LED)","0.5","2029-01-16","Available",,"ATV5967",159160,189.338,15318.8066,178,653,4.5,4.7155351644065915,74.54251968503937,"4. >65 inches"
"SAMSUNG","QA75QN85DB*","Australia,Fiji,New Zealand","LCD (LED)","0.5","2029-01-16","Available",,"ATV5967",159160,189.338,15318.8066,178,653,4.5,4.7155351644065915,74.54251968503937,"4. >65 inches"
"SAMSUNG","QA85QN85DBW","Australia,Fiji,New Zealand","LCD (LED)","0.5","2029-01-16","Available",,"ATV5966",159164,214.783,19712.16,215,788,4.5,4.959513001488052,84.56023622047243,"4. >65 inches"
"SAMSUNG","QA85QN85DBS","Australia,Fiji,New Zealand","LCD (LED)","0.5","2029-01-16","Available",,"ATV5966",159164,214.783,19712.16,215,788,4.5,4.959513001488052,84.56023622047243,"4. >65 inches"
"SAMSUNG","QA85QN85DB*","Australia,Fiji,New Zealand","LCD (LED)","0.5","2029-01-16","Available",,"ATV5966",159164,214.783,19712.16,215,788,4.5,4.959513001488052,84.56023622047243,"4. >65 inches"
"DYNALINK","S 8866","Australia,Fiji,New Zealand","LCD","0.6","2029-03-13","Available","https://www.altronics.com.au/","ATV6081",159165,59.823,1531.74,19.8,76,5.5,5.522126954239557,23.55236220472441,"1. ≤43 inches"
"TECO","LED65AUSRC","Australia,Fiji,New Zealand","LCD (LED)","0.4","2029-03-27","Available","https://www.teco.com.au/","ATV6125",159173,163.829,11466.84,94,404,5.5,5.634761250243758,64.4996062992126,"3. 56–65 inches"
"AIWA","AW240DVD","Australia","LCD","0.39","2029-01-16","Available",,"ATV5965",159179,59.824,1528.86807072,24.2,91,4.5,4.709136101392171,23.55275590551181,"1. ≤43 inches"
"QBELL","QT50WX8A","Australia,Fiji,New Zealand","LCD (LED)","-","2029-01-21","Available","https://www.ayonz.com/","ATV5991",159188,125.743,6755.730318,83.3,317,4.5,4.526947355502383,49.50511811023622,"2. 44–55 inches"
"SAMSUNG","QA75QE1DAW","Australia,Fiji,New Zealand","LCD (LED)","0.5","2029-02-05","Available",,"ATV6028",159228,189.338,15318.8066,124,456,6,6.324742858947655,74.54251968503937,"4. >65 inches"
"SAMSUNG","QA75QE1DAS","Australia,Fiji,New Zealand","LCD (LED)","0.5","2029-02-05","Available",,"ATV6028",159228,189.338,15318.8066,124,456,6,6.324742858947655,74.54251968503937,"4. >65 inches"
"SAMSUNG","QA75QE1DA*","Australia,Fiji,New Zealand","LCD (LED)","0.5","2029-02-05","Available",,"ATV6028",159228,189.338,15318.8066,124,456,6,6.324742858947655,74.54251968503937,"4. >65 inches"
"SAMSUNG","QA85QE1DAS","Australia,Fiji,New Zealand","LCD (LED)","0.5","2029-02-05","Available",,"ATV6027",159229,214.783,19712.16,172,631,5.5,5.955249718986985,84.56023622047243,"4. >65 inches"
"SAMSUNG","UA65DU7000S","Australia,Fiji,New Zealand","LCD (LED)","0.5","2029-02-04","Available",,"ATV6015",159230,163.897,11477.9975,114,419,5,5.475494068044627,64.52637795275591,"3. 56–65 inches"
"SAMSUNG","UA75DU7000S","Australia,Fiji,New Zealand","LCD (LED)","0.5","2029-02-04","Available",,"ATV6014",159232,189.338,15318.8066,137,503,5.5,5.885127373724774,74.54251968503937,"4. >65 inches"
"HISENSE","75U7NAU","Australia,New Zealand","LCD (LED)","0.34","2029-04-22","Available","https://global.hisense.com/","ATV6170",159233,189.34,15318.517823999999,156.29,659,4.5,4.674465492961469,74.54330708661418,"4. >65 inches"
"HISENSE","75U7NNZ","Australia,New Zealand","LCD (LED)","0.34","2029-04-22","Available","https://global.hisense.com/","ATV6170",159233,189.34,15318.517823999999,156.29,659,4.5,4.674465492961469,74.54330708661418,"4. >65 inches"
"HISENSE","65U7NAU","Australia,New Zealand","LCD (LED)","0.33","2029-04-17","Available","https://global.hisense.com/","ATV6161",159234,163.829,11466.84,110.54,464,5,5.014220466297351,64.4996062992126,"3. 56–65 inches"
"HISENSE","65U7NNZ","Australia,New Zealand","LCD (LED)","0.33","2029-04-17","Available","https://global.hisense.com/","ATV6161",159234,163.829,11466.84,110.54,464,5,5.014220466297351,64.4996062992126,"3. 56–65 inches"
"HISENSE","55U7NAU","Australia,New Zealand","LCD (LED)","0.29","2029-04-18","Available","https://global.hisense.com/","ATV6163",159235,138.783,8230.118400000001,91.26,381,4.5,4.511450751759631,54.63897637795275,"2. 44–55 inches"
"HISENSE","55U7NNZ","Australia,New Zealand","LCD (LED)","0.29","2029-04-18","Available","https://global.hisense.com/","ATV6163",159235,138.783,8230.118400000001,91.26,381,4.5,4.511450751759631,54.63897637795275,"2. 44–55 inches"
"HISENSE","65U7N series","Australia,New Zealand","LCD (LED)","0.33","2029-04-17","Available","https://global.hisense.com/","ATV6161",159234,163.829,11466.84,110.54,464,5,5.014220466297351,64.4996062992126,"3. 56–65 inches"
"HISENSE","75U7N series","Australia,New Zealand","LCD (LED)","0.34","2029-04-22","Available","https://global.hisense.com/","ATV6170",159233,189.34,15318.517823999999,156.29,659,4.5,4.674465492961469,74.54330708661418,"4. >65 inches"
"BAUHN","ATV50UHDW-0424","Australia,Fiji,New Zealand","LCD (LED)","0.3","2029-01-20","Available",,"ATV5981",159237,127.259,6951.065884,57.06,210,6,6.488264199278357,50.10196850393701,"2. 44–55 inches"
"SAMSUNG","UA85DU7000S","Australia,Fiji,New Zealand","LCD (LED)","0.5","2029-02-04","Available",,"ATV6022",159231,214.783,19712.16,143,525,6,6.779416937203513,84.56023622047243,"4. >65 inches"
"KOGAN","KAQL85W94QA","Australia,Fiji,New Zealand","LCD (LED)","-","2029-01-21","Available",,"ATV5987",159275,214.783,19712.16,292.93,1090,3.5,3.5055839793202916,84.56023622047243,"4. >65 inches"
"SAMSUNG","QA55QN80DAW","Australia,Fiji,New Zealand","LCD (LED)","0.5","2029-02-04","Available",,"ATV6013",159286,138.783,8230.118400000001,109,401,4,4.2821721018566965,54.63897637795275,"2. 44–55 inches"
"SAMSUNG","QA55QN80DAS","Australia,Fiji,New Zealand","LCD (LED)","0.5","2029-02-04","Available",,"ATV6013",159286,138.783,8230.118400000001,109,401,4,4.2821721018566965,54.63897637795275,"2. 44–55 inches"
"SAMSUNG","QA55QN80DA*","Australia,Fiji,New Zealand","LCD (LED)","0.5","2029-02-04","Available",,"ATV6013",159286,138.783,8230.118400000001,109,401,4,4.2821721018566965,54.63897637795275,"2. 44–55 inches"
"SONY","K-75S30","Australia,New Zealand","LCD (LED)","0.5","2029-01-21","Available","https://www.sony.com.au/","ATV5988",159287,189.306,15312,179.2,660,4.5,4.665846519997129,74.52992125984252,"4. >65 inches"
"SAMSUNG","QA65QN87DAW","Australia,Fiji,New Zealand","LCD (LED)","0.5","2029-02-05","Available",,"ATV6026",159288,163.897,11477.9975,130,478,4.5,4.885112621691222,64.52637795275591,"3. 56–65 inches"
"SAMSUNG","QA65QN87DAS","Australia,Fiji,New Zealand","LCD (LED)","0.5","2029-02-05","Available",,"ATV6026",159288,163.897,11477.9975,130,478,4.5,4.885112621691222,64.52637795275591,"3. 56–65 inches"
"SAMSUNG","QA65QN87DA*","Australia,Fiji,New Zealand","LCD (LED)","0.5","2029-02-05","Available",,"ATV6026",159288,163.897,11477.9975,130,478,4.5,4.885112621691222,64.52637795275591,"3. 56–65 inches"
"SONY","K-85S30","Australia,New Zealand","LCD (LED)","0.5","2029-01-21","Available","https://www.sony.com.au/","ATV5989",159289,214.783,19712.16,229.8,845,4.5,4.646537174546252,84.56023622047243,"4. >65 inches"
"SAMSUNG","QA85QN900DW","Australia,Fiji,New Zealand","LCD (LED)","0.5","2029-02-04","Available",,"ATV6012",159290,214.783,19712.16,338,1237,2.5,2.9386332589243565,84.56023622047243,"4. >65 inches"
"SAMSUNG","QA85QN900DS","Australia,Fiji,New Zealand","LCD (LED)","0.5","2029-02-04","Available",,"ATV6012",159290,214.783,19712.16,338,1237,2.5,2.9386332589243565,84.56023622047243,"4. >65 inches"
"SAMSUNG","QA85QN900D*","Australia,Fiji,New Zealand","LCD (LED)","0.5","2029-02-04","Available",,"ATV6012",159290,214.783,19712.16,338,1237,2.5,2.9386332589243565,84.56023622047243,"4. >65 inches"
"SAMSUNG","UA65DU7000W","Australia,Fiji,New Zealand","LCD (LED)","0.5","2029-02-04","Available",,"ATV6015",159230,163.897,11477.9975,114,419,5,5.475494068044627,64.52637795275591,"3. 56–65 inches"
"SAMSUNG","UA65DU7700S","Australia,Fiji,New Zealand","LCD (LED)","0.5","2029-02-04","Available",,"ATV6015",159230,163.897,11477.9975,114,419,5,5.475494068044627,64.52637795275591,"3. 56–65 inches"
"SAMSUNG","UA65DU7700W","Australia,Fiji,New Zealand","LCD (LED)","0.5","2029-02-04","Available",,"ATV6015",159230,163.897,11477.9975,114,419,5,5.475494068044627,64.52637795275591,"3. 56–65 inches"
"SAMSUNG","UA75DU7000W","Australia,Fiji,New Zealand","LCD (LED)","0.5","2029-02-04","Available",,"ATV6014",159232,189.338,15318.8066,137,503,5.5,5.885127373724774,74.54251968503937,"4. >65 inches"
"SAMSUNG","UA75DU7700S","Australia,Fiji,New Zealand","LCD (LED)","0.5","2029-02-04","Available",,"ATV6014",159232,189.338,15318.8066,137,503,5.5,5.885127373724774,74.54251968503937,"4. >65 inches"
"SAMSUNG","UA75DU7700W","Australia,Fiji,New Zealand","LCD (LED)","0.5","2029-02-04","Available",,"ATV6014",159232,189.338,15318.8066,137,503,5.5,5.885127373724774,74.54251968503937,"4. >65 inches"
"SAMSUNG","UA75DU7*00*","Australia,Fiji,New Zealand","LCD (LED)","0.5","2029-02-04","Available",,"ATV6014",159232,189.338,15318.8066,137,503,5.5,5.885127373724774,74.54251968503937,"4. >65 inches"
"SAMSUNG","UA85DU7000W","Australia,Fiji,New Zealand","LCD (LED)","0.5","2029-02-04","Available",,"ATV6022",159231,214.783,19712.16,143,525,6,6.779416937203513,84.56023622047243,"4. >65 inches"
"SAMSUNG","UA85DU7700S","Australia,Fiji,New Zealand","LCD (LED)","0.5","2029-02-04","Available",,"ATV6022",159231,214.783,19712.16,143,525,6,6.779416937203513,84.56023622047243,"4. >65 inches"
"SAMSUNG","UA85DU7700W","Australia,Fiji,New Zealand","LCD (LED)","0.5","2029-02-04","Available",,"ATV6022",159231,214.783,19712.16,143,525,6,6.779416937203513,84.56023622047243,"4. >65 inches"
"SAMSUNG","UA85DU7*00*","Australia,Fiji,New Zealand","LCD (LED)","0.5","2029-02-04","Available",,"ATV6022",159231,214.783,19712.16,143,525,6,6.779416937203513,84.56023622047243,"4. >65 inches"
"EKO","K42FSW3","Australia,Fiji,New Zealand","LCD","0.48","2029-01-22","Available","https://www.ayonz.com/","ATV5996",159305,105.422,4663.42023168,53.12,205,5,5.004342140057064,41.50472440944882,"1. ≤43 inches"
"SONY","K-85XR90","Australia,New Zealand","LCD (LED)","0.5","2029-01-21","Available","https://www.sony.com.au/","ATV5990",159315,214.783,19712.16,272.5,1002,3.5,3.8828285516263286,84.56023622047243,"4. >65 inches"
"SONY","K-75XR90","Australia,New Zealand","LCD (LED)","0.5","2029-01-22","Available","https://www.sony.com.au/","ATV5997",159318,189.306,15312,238.4,878,3,3.386818930206902,74.52992125984252,"4. >65 inches"
"SAMSUNG","UA75DU8000W","Australia,Fiji,New Zealand","LCD (LED)","0.5","2029-02-04","Available",,"ATV6023",159321,189.338,15318.8066,163,598,5,5.109839076877291,74.54251968503937,"4. >65 inches"
"SAMSUNG","UA75DU8000S","Australia,Fiji,New Zealand","LCD (LED)","0.5","2029-02-04","Available",,"ATV6023",159321,189.338,15318.8066,163,598,5,5.109839076877291,74.54251968503937,"4. >65 inches"
"SAMSUNG","UA75DU8500S","Australia,Fiji,New Zealand","LCD (LED)","0.5","2029-02-04","Available",,"ATV6023",159321,189.338,15318.8066,163,598,5,5.109839076877291,74.54251968503937,"4. >65 inches"
"SAMSUNG","UA75DU8*00*","Australia,Fiji,New Zealand","LCD (LED)","0.5","2029-02-04","Available",,"ATV6023",159321,189.338,15318.8066,163,598,5,5.109839076877291,74.54251968503937,"4. >65 inches"
"KOGAN","KALED24DH65NA","Australia,Fiji,New Zealand","LCD","0.18","2029-01-31","Available",,"ATV6008",159326,59.824,1528.86807072,25.3,94,4.5,4.563780004108044,23.55275590551181,"1. ≤43 inches"
"KOGAN","KALED24DH65NB","Australia,Fiji,New Zealand","LCD","0.18","2029-01-31","Available",,"ATV6008",159326,59.824,1528.86807072,25.3,94,4.5,4.563780004108044,23.55275590551181,"1. ≤43 inches"
"KOGAN","KALED24DH65NC","Australia,Fiji,New Zealand","LCD","0.18","2029-01-31","Available",,"ATV6008",159326,59.824,1528.86807072,25.3,94,4.5,4.563780004108044,23.55275590551181,"1. ≤43 inches"
"KOGAN","KALED24DH65ND","Australia,Fiji,New Zealand","LCD","0.18","2029-01-31","Available",,"ATV6008",159326,59.824,1528.86807072,25.3,94,4.5,4.563780004108044,23.55275590551181,"1. ≤43 inches"
"KOGAN","KALED24DH65NE","Australia,Fiji,New Zealand","LCD","0.18","2029-01-31","Available",,"ATV6008",159326,59.824,1528.86807072,25.3,94,4.5,4.563780004108044,23.55275590551181,"1. ≤43 inches"
"KOGAN","D236GV68C-T2C","Australia,Fiji,New Zealand","LCD","0.18","2029-01-31","Available",,"ATV6008",159326,59.824,1528.86807072,25.3,94,4.5,4.563780004108044,23.55275590551181,"1. ≤43 inches"
"KOGAN","*24*","Australia,Fiji,New Zealand","LCD","0.18","2029-01-31","Available",,"ATV6008",159326,59.824,1528.86807072,25.3,94,4.5,4.563780004108044,23.55275590551181,"1. ≤43 inches"
"SAMSUNG","QA50QE1DAS","Australia,Fiji,New Zealand","LCD (LED)","0.5","2029-02-05","Available",,"ATV6025",159333,125.727,6754.5112,73,270,5,5.245392022087018,49.4988188976378,"2. 44–55 inches"
"KOGAN","KALED24D95SNA","Australia,Fiji,New Zealand","LCD","0.34","2029-01-31","Available",,"ATV6007",159338,59.824,1528.86807072,22.1,83,5,5.121511445327967,23.55275590551181,"1. ≤43 inches"
"KOGAN","KALED24D95SNB","Australia,Fiji,New Zealand","LCD","0.34","2029-01-31","Available",,"ATV6007",159338,59.824,1528.86807072,22.1,83,5,5.121511445327967,23.55275590551181,"1. ≤43 inches"
"KOGAN","KALED24D95SNC","Australia,Fiji,New Zealand","LCD","0.34","2029-01-31","Available",,"ATV6007",159338,59.824,1528.86807072,22.1,83,5,5.121511445327967,23.55275590551181,"1. ≤43 inches"
"KOGAN","KALED24D95SND","Australia,Fiji,New Zealand","LCD","0.34","2029-01-31","Available",,"ATV6007",159338,59.824,1528.86807072,22.1,83,5,5.121511445327967,23.55275590551181,"1. ≤43 inches"
"KOGAN","KALED24D95SNE","Australia,Fiji,New Zealand","LCD","0.34","2029-01-31","Available",,"ATV6007",159338,59.824,1528.86807072,22.1,83,5,5.121511445327967,23.55275590551181,"1. ≤43 inches"
"KOGAN","D236GV66C-T2C-W","Australia,Fiji,New Zealand","LCD","0.34","2029-01-31","Available",,"ATV6007",159338,59.824,1528.86807072,22.1,83,5,5.121511445327967,23.55275590551181,"1. ≤43 inches"
"KOGAN","*24*","Australia,Fiji,New Zealand","LCD","0.34","2029-01-31","Available",,"ATV6007",159338,59.824,1528.86807072,22.1,83,5,5.121511445327967,23.55275590551181,"1. ≤43 inches"
"SVISION","SVU550WOS","Australia,Fiji,New Zealand","LCD (LED)","-","2029-02-18","Available","https://www.ayonz.com/","ATV6038",159389,140.219,8438.4124,103.3,379,4.5,4.638361742226943,55.204330708661416,"3. 56–65 inches"
"CHIQ","U85F8TG","Australia,Fiji,New Zealand","LCD (LED)","0.45","2029-01-29","Available",,"ATV6004",159406,214.783,19712.16,248.9,974,4,4.00984086202183,84.56023622047243,"4. >65 inches"
"EKO","K650UGT","Australia,New Zealand","LCD (LED)","0.354956","2029-01-29","Available",,"ATV6005",159420,163.896,11478.122496000002,143.934,554,4,4.223907358866596,64.5259842519685,"3. 56–65 inches"
"KOGAN","KALED32D95SNA","Australia,Fiji,New Zealand","LCD","0.38","2029-01-31","Available",,"ATV6006",159490,80.039,2736.719568,35.2,131,5,5.0167187257265855,31.511417322834646,"1. ≤43 inches"
"KOGAN","KALED32D95SNB","Australia,Fiji,New Zealand","LCD","0.38","2029-01-31","Available",,"ATV6006",159490,80.039,2736.719568,35.2,131,5,5.0167187257265855,31.511417322834646,"1. ≤43 inches"
"KOGAN","KALED32D95SNC","Australia,Fiji,New Zealand","LCD","0.38","2029-01-31","Available",,"ATV6006",159490,80.039,2736.719568,35.2,131,5,5.0167187257265855,31.511417322834646,"1. ≤43 inches"
"KOGAN","KALED32D95SND","Australia,Fiji,New Zealand","LCD","0.38","2029-01-31","Available",,"ATV6006",159490,80.039,2736.719568,35.2,131,5,5.0167187257265855,31.511417322834646,"1. ≤43 inches"
"KOGAN","KALED32D95SNE","Australia,Fiji,New Zealand","LCD","0.38","2029-01-31","Available",,"ATV6006",159490,80.039,2736.719568,35.2,131,5,5.0167187257265855,31.511417322834646,"1. ≤43 inches"
"KOGAN","D32GV66C-T2C-W","Australia,Fiji,New Zealand","LCD","0.38","2029-01-31","Available",,"ATV6006",159490,80.039,2736.719568,35.2,131,5,5.0167187257265855,31.511417322834646,"1. ≤43 inches"
"KOGAN","*32*","Australia,Fiji,New Zealand","LCD","0.38","2029-01-31","Available",,"ATV6006",159490,80.039,2736.719568,35.2,131,5,5.0167187257265855,31.511417322834646,"1. ≤43 inches"
"BLAUPUNKT","BP3200HDV8100","Australia,Fiji,New Zealand","LCD (LED)","0.3","2029-02-03","Available","https://www.ayonz.com/","ATV6010",159494,80.039,2736.70931232,35.8,133,4.5,4.948803749896118,31.511417322834646,"1. ≤43 inches"
"SAMSUNG","QA48S90DAE","Australia,Fiji,New Zealand","LCD (LED)","0.5","2029-02-04","Available",,"ATV6024",159510,120.712,6226.3278,80,295,4.5,4.5192239731629495,47.5244094488189,"2. 44–55 inches"
"EKO","K750UGT","Australia,Fiji,New Zealand","LCD","0.401","2029-02-04","Available","https://www.ayonz.com/","ATV6011",159526,189.306,15312,204.81,811,3.5,3.742547514126096,74.52992125984252,"4. >65 inches"
"EKO","K750UGT2","Australia,Fiji,New Zealand","LCD","0.401","2029-02-04","Available","https://www.ayonz.com/","ATV6011",159526,189.306,15312,204.81,811,3.5,3.742547514126096,74.52992125984252,"4. >65 inches"
"EKO","K700UGT","Australia,Fiji,New Zealand","LCD","0.334","2029-02-18","Available","https://www.ayonz.com/","ATV6037",159529,176.539,13385.2,161.454,592,4.5,4.578557884086625,69.5035433070866,"4. >65 inches"
"EKO","K700UGT2","Australia,Fiji,New Zealand","LCD","0.334","2029-02-18","Available","https://www.ayonz.com/","ATV6037",159529,176.539,13385.2,161.454,592,4.5,4.578557884086625,69.5035433070866,"4. >65 inches"
"LG","55LX1T6LA","Australia,New Zealand","OLED","0.4","2029-03-21","Available",,"ATV6107",159535,138.783,8230.118400000001,100,368,4.5,4.667029690757898,54.63897637795275,"2. 44–55 inches"
"LG","55LX1TPSA","Australia,New Zealand","OLED","0.4","2029-03-21","Available",,"ATV6108",159537,138.783,8230.118400000001,100,368,4.5,4.667029690757898,54.63897637795275,"2. 44–55 inches"
"LG","OLED97G46LA","Australia,New Zealand","OLED","0.4","2029-03-24","Available",,"ATV6116",159538,245.145,25679.7954,219,802,6,6.029915935369911,96.51377952755905,"4. >65 inches"
"SAMSUNG","UA65DU7*00*","Australia,Fiji,New Zealand","LCD (LED)","0.5","2029-02-04","Available",,"ATV6015",159230,163.897,11477.9975,114,419,5,5.475494068044627,64.52637795275591,"3. 56–65 inches"
"SAMSUNG","UA65DU8000W","Australia,Fiji,New Zealand","LCD (LED)","0.5","2028-12-13","Available",,"ATV5894",158415,163.897,11477.9975,122,448,5,5.175587070514531,64.52637795275591,"3. 56–65 inches"
"SAMSUNG","UA65DU8000S","Australia,Fiji,New Zealand","LCD (LED)","0.5","2028-12-13","Available",,"ATV5894",158415,163.897,11477.9975,122,448,5,5.175587070514531,64.52637795275591,"3. 56–65 inches"
"SAMSUNG","UA65DU8500S","Australia,Fiji,New Zealand","LCD (LED)","0.5","2028-12-13","Available",,"ATV5894",158415,163.897,11477.9975,122,448,5,5.175587070514531,64.52637795275591,"3. 56–65 inches"
"SAMSUNG","UA65DU8*00*","Australia,Fiji,New Zealand","LCD (LED)","0.5","2028-12-13","Available",,"ATV5894",158415,163.897,11477.9975,122,448,5,5.175587070514531,64.52637795275591,"3. 56–65 inches"
"SAMSUNG","UA43DU8000W","Australia,Fiji,New Zealand","LCD (LED)","0.5","2028-12-16","Available",,"ATV5899",158085,107.987,4982.7128,71,262,4,4.164026395642909,42.514566929133856,"1. ≤43 inches"
"SAMSUNG","UA43DU8000S","Australia,Fiji,New Zealand","LCD (LED)","0.5","2028-12-16","Available",,"ATV5899",158085,107.987,4982.7128,71,262,4,4.164026395642909,42.514566929133856,"1. ≤43 inches"
"SAMSUNG","UA43DU8500S","Australia,Fiji,New Zealand","LCD (LED)","0.5","2028-12-16","Available",,"ATV5899",158085,107.987,4982.7128,71,262,4,4.164026395642909,42.514566929133856,"1. ≤43 inches"
"SAMSUNG","UA43DU8*00*","Australia,Fiji,New Zealand","LCD (LED)","0.5","2028-12-16","Available",,"ATV5899",158085,107.987,4982.7128,71,262,4,4.164026395642909,42.514566929133856,"1. ≤43 inches"
"SAMSUNG","UA55DU7000S","Australia,Fiji,New Zealand","LCD (LED)","0.5","2029-01-15","Available",,"ATV5958",159037,138.783,8230.118400000001,79,291,5.5,5.719086403196216,54.63897637795275,"2. 44–55 inches"
"SAMSUNG","UA55DU7000W","Australia,Fiji,New Zealand","LCD (LED)","0.5","2029-01-15","Available",,"ATV5958",159037,138.783,8230.118400000001,79,291,5.5,5.719086403196216,54.63897637795275,"2. 44–55 inches"
"SAMSUNG","UA55DU7700S","Australia,Fiji,New Zealand","LCD (LED)","0.5","2029-01-15","Available",,"ATV5958",159037,138.783,8230.118400000001,79,291,5.5,5.719086403196216,54.63897637795275,"2. 44–55 inches"
"SAMSUNG","UA55DU7700W","Australia,Fiji,New Zealand","LCD (LED)","0.5","2029-01-15","Available",,"ATV5958",159037,138.783,8230.118400000001,79,291,5.5,5.719086403196216,54.63897637795275,"2. 44–55 inches"
"SAMSUNG","UA55DU7*00*","Australia,Fiji,New Zealand","LCD (LED)","0.5","2029-01-15","Available",,"ATV5958",159037,138.783,8230.118400000001,79,291,5.5,5.719086403196216,54.63897637795275,"2. 44–55 inches"
"SAMSUNG","UA50DU7000S","Australia,Fiji,New Zealand","LCD (LED)","0.5","2029-01-15","Available",,"ATV5960",159059,125.727,6754.5112,71,262,5,5.380181735077315,49.4988188976378,"2. 44–55 inches"
"SAMSUNG","UA50DU7000W","Australia,Fiji,New Zealand","LCD (LED)","0.5","2029-01-15","Available",,"ATV5960",159059,125.727,6754.5112,71,262,5,5.380181735077315,49.4988188976378,"2. 44–55 inches"
"SAMSUNG","UA50DU7700S","Australia,Fiji,New Zealand","LCD (LED)","0.5","2029-01-15","Available",,"ATV5960",159059,125.727,6754.5112,71,262,5,5.380181735077315,49.4988188976378,"2. 44–55 inches"
"SAMSUNG","UA50DU7700W","Australia,Fiji,New Zealand","LCD (LED)","0.5","2029-01-15","Available",,"ATV5960",159059,125.727,6754.5112,71,262,5,5.380181735077315,49.4988188976378,"2. 44–55 inches"
"SAMSUNG","UA50DU7*00*","Australia,Fiji,New Zealand","LCD (LED)","0.5","2029-01-15","Available",,"ATV5960",159059,125.727,6754.5112,71,262,5,5.380181735077315,49.4988188976378,"2. 44–55 inches"
"SAMSUNG","UA55DU8000W","Australia,Fiji,New Zealand","LCD (LED)","0.5","2028-12-13","Available",,"ATV5889",158216,138.783,8230.118400000001,97,357,4.5,4.803028047916603,54.63897637795275,"2. 44–55 inches"
"SAMSUNG","UA55DU8000S","Australia,Fiji,New Zealand","LCD (LED)","0.5","2028-12-13","Available",,"ATV5889",158216,138.783,8230.118400000001,97,357,4.5,4.803028047916603,54.63897637795275,"2. 44–55 inches"
"SAMSUNG","UA55DU8500S","Australia,Fiji,New Zealand","LCD (LED)","0.5","2028-12-13","Available",,"ATV5889",158216,138.783,8230.118400000001,97,357,4.5,4.803028047916603,54.63897637795275,"2. 44–55 inches"
"SAMSUNG","UA55DU8*00*","Australia,Fiji,New Zealand","LCD (LED)","0.5","2028-12-13","Available",,"ATV5889",158216,138.783,8230.118400000001,97,357,4.5,4.803028047916603,54.63897637795275,"2. 44–55 inches"
"KOGAN","KAQL85XQ98GSTA","Australia,Fiji,New Zealand","LCD (LED)","0.45","2029-02-18","Available",,"ATV6036",159579,214.783,19712.16,250.7,974,4,4.00984086202183,84.56023622047243,"4. >65 inches"
"KOGAN","KAQL85XQ98GSTB","Australia,Fiji,New Zealand","LCD (LED)","0.45","2029-02-18","Available",,"ATV6036",159579,214.783,19712.16,250.7,974,4,4.00984086202183,84.56023622047243,"4. >65 inches"
"KOGAN","KAQL85XQ98GSTC","Australia,Fiji,New Zealand","LCD (LED)","0.45","2029-02-18","Available",,"ATV6036",159579,214.783,19712.16,250.7,974,4,4.00984086202183,84.56023622047243,"4. >65 inches"
"KOGAN","KAQL85XQ98GSTD","Australia,Fiji,New Zealand","LCD (LED)","0.45","2029-02-18","Available",,"ATV6036",159579,214.783,19712.16,250.7,974,4,4.00984086202183,84.56023622047243,"4. >65 inches"
"KOGAN","KAQL85XQ98GSTE","Australia,Fiji,New Zealand","LCD (LED)","0.45","2029-02-18","Available",,"ATV6036",159579,214.783,19712.16,250.7,974,4,4.00984086202183,84.56023622047243,"4. >65 inches"
"KOGAN","KAQL85XQ98GST*","Australia,Fiji,New Zealand","LCD (LED)","0.45","2029-02-18","Available",,"ATV6036",159579,214.783,19712.16,250.7,974,4,4.00984086202183,84.56023622047243,"4. >65 inches"
"KOGAN","KAQL75XQ98GSTA","Australia,Fiji,New Zealand","LCD (LED)","0.35","2029-02-18","Available",,"ATV6039",159584,189.306,15312,172.1,681,4.5,4.525477367742598,74.52992125984252,"4. >65 inches"
"KOGAN","KAQL75XQ98GSTB","Australia,Fiji,New Zealand","LCD (LED)","0.35","2029-02-18","Available",,"ATV6039",159584,189.306,15312,172.1,681,4.5,4.525477367742598,74.52992125984252,"4. >65 inches"
"KOGAN","KAQL75XQ98GSTC","Australia,Fiji,New Zealand","LCD (LED)","0.35","2029-02-18","Available",,"ATV6039",159584,189.306,15312,172.1,681,4.5,4.525477367742598,74.52992125984252,"4. >65 inches"
"KOGAN","KAQL75XQ98GSTD","Australia,Fiji,New Zealand","LCD (LED)","0.35","2029-02-18","Available",,"ATV6039",159584,189.306,15312,172.1,681,4.5,4.525477367742598,74.52992125984252,"4. >65 inches"
"KOGAN","KAQL75XQ98GSTE","Australia,Fiji,New Zealand","LCD (LED)","0.35","2029-02-18","Available",,"ATV6039",159584,189.306,15312,172.1,681,4.5,4.525477367742598,74.52992125984252,"4. >65 inches"
"KOGAN","KAQL75XQ98GST*","Australia,Fiji,New Zealand","LCD (LED)","0.35","2029-02-18","Available",,"ATV6039",159584,189.306,15312,172.1,681,4.5,4.525477367742598,74.52992125984252,"4. >65 inches"
"SAMSUNG","UA50DU8000W","Australia,Fiji,New Zealand","LCD (LED)","0.5","2028-12-16","Available",,"ATV5898",158215,125.736,6755.127600000001,83,306,4.5,4.68485392446604,49.50236220472441,"2. 44–55 inches"
"SAMSUNG","UA50DU8000S","Australia,Fiji,New Zealand","LCD (LED)","0.5","2028-12-16","Available",,"ATV5898",158215,125.736,6755.127600000001,83,306,4.5,4.68485392446604,49.50236220472441,"2. 44–55 inches"
"SAMSUNG","UA50DU8500S","Australia,Fiji,New Zealand","LCD (LED)","0.5","2028-12-16","Available",,"ATV5898",158215,125.736,6755.127600000001,83,306,4.5,4.68485392446604,49.50236220472441,"2. 44–55 inches"
"SAMSUNG","UA50DU8*00*","Australia,Fiji,New Zealand","LCD (LED)","0.5","2028-12-16","Available",,"ATV5898",158215,125.736,6755.127600000001,83,306,4.5,4.68485392446604,49.50236220472441,"2. 44–55 inches"
"TECO","LED58AUSRC","Australia,Fiji,New Zealand","LCD (LED)","0.4","2029-03-27","Available","https://www.teco.com.au/","ATV6126",159665,146.039,9156.699999999999,86.5,349,5,5.346992914065456,57.49566929133858,"3. 56–65 inches"
"TECO","LED43AUSRC","Australia,Fiji,New Zealand","LCD (LED)","0.38","2029-03-27","Available","https://www.teco.com.au/","ATV6130",159666,107.95,4977.889999999999,52.9,214,5,5.067119924693827,42.5,"1. ≤43 inches"
"AIWA","AWS400G","Australia","LCD","0.4","2029-02-25","Available",,"ATV6044",159706,100.305,4258.3,46.8,189,5,5.016571587863471,39.49015748031496,"1. ≤43 inches"
"AIWA","AWS650G","Australia","LCD","0.4","2029-02-25","Available",,"ATV6043",159710,163.829,11466.84,90.1,404,5.5,5.634761250243758,64.4996062992126,"3. 56–65 inches"
"KOGAN","KAQL70W94QA","Australia,Fiji,New Zealand","LCD (LED)","-","2029-02-19","Available",,"ATV6040",159741,176.538,13380.468019200001,142.43,538,5,5.005691320259438,69.50314960629922,"4. >65 inches"
"KOGAN","KAQL70W94QB","Australia,Fiji,New Zealand","LCD (LED)","-","2029-02-19","Available",,"ATV6040",159741,176.538,13380.468019200001,142.43,538,5,5.005691320259438,69.50314960629922,"4. >65 inches"
"KOGAN","KAQL70W94QC","Australia,Fiji,New Zealand","LCD (LED)","-","2029-02-19","Available",,"ATV6040",159741,176.538,13380.468019200001,142.43,538,5,5.005691320259438,69.50314960629922,"4. >65 inches"
"KOGAN","KAQL70W94QD","Australia,Fiji,New Zealand","LCD (LED)","-","2029-02-19","Available",,"ATV6040",159741,176.538,13380.468019200001,142.43,538,5,5.005691320259438,69.50314960629922,"4. >65 inches"
"KOGAN","KAQL70W94QE","Australia,Fiji,New Zealand","LCD (LED)","-","2029-02-19","Available",,"ATV6040",159741,176.538,13380.468019200001,142.43,538,5,5.005691320259438,69.50314960629922,"4. >65 inches"
"KOGAN","KAQL70W94QF","Australia,Fiji,New Zealand","LCD (LED)","-","2029-02-19","Available",,"ATV6040",159741,176.538,13380.468019200001,142.43,538,5,5.005691320259438,69.50314960629922,"4. >65 inches"
"SAMSUNG","UA98DU9000W","Australia,Fiji,New Zealand","LCD (LED)","0.5","2029-03-11","Available",,"ATV6080",159742,247.688,26214.3084,332,1215,4,4.258270181780565,97.51496062992125,"4. >65 inches"
"SAMSUNG","UA98DU9000S","Australia,Fiji,New Zealand","LCD (LED)","0.5","2029-03-11","Available",,"ATV6080",159742,247.688,26214.3084,332,1215,4,4.258270181780565,97.51496062992125,"4. >65 inches"
"SAMSUNG","UA98DU9000*","Australia,Fiji,New Zealand","LCD (LED)","0.5","2029-03-11","Available",,"ATV6080",159742,247.688,26214.3084,332,1215,4,4.258270181780565,97.51496062992125,"4. >65 inches"
"EKO","K500UGT","Australia,Fiji,New Zealand","LCD","0.356","2029-02-28","Available","https://www.ayonz.com/","ATV6051",159751,125.725,6751.36,96.56,376,3.5,3.759398017402434,49.49803149606299,"2. 44–55 inches"
"KOGAN","KAQL43XQ98GSVA","Australia,Fiji,New Zealand","LCD (LED)","-","2029-02-26","Available",,"ATV6045",159778,107.95,4977.889999999999,87.66,338,3,3.018797767189196,42.5,"1. ≤43 inches"
"KOGAN","KAQL43XQ98GSVB","Australia,Fiji,New Zealand","LCD (LED)","-","2029-02-26","Available",,"ATV6045",159778,107.95,4977.889999999999,87.66,338,3,3.018797767189196,42.5,"1. ≤43 inches"
"KOGAN","KAQL43XQ98GSVC","Australia,Fiji,New Zealand","LCD (LED)","-","2029-02-26","Available",,"ATV6045",159778,107.95,4977.889999999999,87.66,338,3,3.018797767189196,42.5,"1. ≤43 inches"
"EKO","K650UGT2","Australia,Fiji,New Zealand","LCD (LED)","0.37756","2029-02-24","Available",,"ATV6041",159790,163.896,11478.122496000002,132.27,511,4.5,4.585984129930489,64.5259842519685,"3. 56–65 inches"
"TCL","43C655","Australia,Fiji,New Zealand","LCD (LED)","0.334","2029-03-04","Available","https://www.tcl.com/au","ATV6055",159792,107.95,4977.889999999999,58.2,240,4.5,4.553267260591147,42.5,"1. ≤43 inches"
"LINSAR","LS40FHDNF23","Australia,Fiji,New Zealand","LCD (LED)","-","2029-03-14","Available",,"ATV6095",159804,100.332,4261.934154240001,38.946,144,6,6.238504023558243,39.5007874015748,"1. ≤43 inches"
"TCL","50C655","Australia,Fiji,New Zealand","LCD (LED)","0.363","2029-03-04","Available","https://www.tcl.com/au","ATV6056",159811,125.638,6745.2,58.4,300,4.5,4.767626426637194,49.463779527559055,"2. 44–55 inches"
"TCL","55C655","Australia,Fiji,New Zealand","LCD (LED)","0.353","2029-03-06","Available","https://www.tcl.com/au","ATV6072",159820,138.711,8221.2,86.9,367,4.5,4.67474642409951,54.61062992125985,"2. 44–55 inches"
"TCL","65C655","Australia,Fiji,New Zealand","LCD (LED)","0.32","2029-03-04","Available","https://www.tcl.com/au","ATV6057",159827,163.829,11466.84,106.6,440,5,5.252227905908116,64.4996062992126,"3. 56–65 inches"
"TCL","75C655","Australia,Fiji,New Zealand","LCD (LED)","0.311","2029-03-04","Available","https://www.tcl.com/au","ATV6058",159828,189.306,15312,122,515,5.5,5.777565558686364,74.52992125984252,"4. >65 inches"
"TCL","65C855","Australia,Fiji,New Zealand","LCD (LED)","0.347","2029-03-26","Available","https://www.tcl.com/au","ATV6124",159830,163.829,11466.84,176.1,716,3,3.0702000714459654,64.4996062992126,"3. 56–65 inches"
"TCL","75C855","Australia,Fiji,New Zealand","LCD (LED)","0.33","2029-03-19","Available","https://www.tcl.com/au","ATV6099",159832,189.306,15312,208.1,925,3,3.1531256705532553,74.52992125984252,"4. >65 inches"
"TCL","85C855","Australia,Fiji,New Zealand","LCD (LED)","0.323","2029-03-04","Available","https://www.tcl.com/au","ATV6060",159833,214.783,19712.16,212.4,940,4,4.169072119968664,84.56023622047243,"4. >65 inches"
"TCL","98C855","Australia,Fiji,New Zealand","LCD (LED)","0.299","2029-03-06","Available","https://www.tcl.com/au","ATV6073",159846,247.604,26198.120000000003,191.2,853,5.5,5.840830614744471,97.48188976377953,"4. >65 inches"
"FFALCON","FF43U64","Australia,Fiji,New Zealand","LCD (LED)","0.404","2029-03-04","Available","https://www.tcl.com/au","ATV6061",159848,107.95,4977.889999999999,41.8,170,6,6.098642353264821,42.5,"1. ≤43 inches"
"FFALCON","FF50U64","Australia,Fiji,New Zealand","LCD (LED)","0.384","2029-03-04","Available","https://www.tcl.com/au","ATV6062",159849,125.638,6745.2,49.2,200,6,6.584685919148481,49.463779527559055,"2. 44–55 inches"
"FFALCON","FF55U64","Australia,Fiji,New Zealand","LCD (LED)","0.394","2029-03-04","Available","https://www.tcl.com/au","ATV6063",159850,138.711,8221.2,58.4,240,6,6.578108283365271,54.61062992125985,"2. 44–55 inches"
"FFALCON","FF65U64","Australia,Fiji,New Zealand","LCD (LED)","0.354","2029-03-04","Available","https://www.tcl.com/au","ATV6064",159851,163.829,11466.84,77.6,350,6,6.277763132362473,64.4996062992126,"3. 56–65 inches"
"FFALCON","FF75U64","Australia,Fiji,New Zealand","LCD (LED)","0.386","2029-03-04","Available","https://www.tcl.com/au","ATV6065",159853,189.306,15312,111.2,460,6,6.283698989455167,74.52992125984252,"4. >65 inches"
"LG","98QNED89TSA","Australia,Fiji,New Zealand","LCD (LED)","0.39","2029-03-03","Available",,"ATV6053",159857,247.695,26215.994974999998,245.5,999,5,5.135764682003166,97.51771653543307,"4. >65 inches"
"LG","98QNED89T6A","Australia,Fiji,New Zealand","LCD (LED)","0.39","2029-03-03","Available",,"ATV6053",159857,247.695,26215.994974999998,245.5,999,5,5.135764682003166,97.51771653543307,"4. >65 inches"
"LG","98QNED89TUA","Australia,Fiji,New Zealand","LCD (LED)","0.39","2029-03-03","Available",,"ATV6053",159857,247.695,26215.994974999998,245.5,999,5,5.135764682003166,97.51771653543307,"4. >65 inches"
"LG","98QNED#####","Australia,Fiji,New Zealand","LCD (LED)","0.39","2029-03-03","Available",,"ATV6053",159857,247.695,26215.994974999998,245.5,999,5,5.135764682003166,97.51771653543307,"4. >65 inches"
"SAMSUNG","QA77S90DAE","Australia,Fiji,New Zealand","LCD (LED)","0.5","2029-03-13","Available",,"ATV6082",159858,194.738,16204.123099999999,175,642,5,5.032738566194168,76.66850393700787,"4. >65 inches"
"SAMSUNG","QA83S90DAE","Australia,Fiji,New Zealand","LCD (LED)","0.5","2029-03-13","Available",,"ATV6083",159864,209.585,18769.3425,217,795,4.5,4.707957376187206,82.51377952755905,"4. >65 inches"
"SONY","K-55XR80","Australia,New Zealand","OLED","0.5","2029-02-26","Available","https://www.sony.com.au/","ATV6046",159896,138.798,8228,100,372,4.5,4.617518264838292,54.64488188976378,"2. 44–55 inches"
"SONY","K-65XR80","Australia,New Zealand","OLED","0.5","2029-02-28","Available","https://www.sony.com.au/","ATV6050",159898,163.878,11481.120000000003,117.9,437,5,5.288144223027779,64.51889763779526,"3. 56–65 inches"
"LG","OLED65M46LA","Australia,New Zealand","OLED","0.4","2029-03-11","Available",,"ATV6075",159901,163.896,11478.122496000002,172,630,3.5,3.6477978012245944,64.5259842519685,"3. 56–65 inches"
"LG","OLED77M46LA","Australia,New Zealand","OLED","0.4","2029-03-11","Available",,"ATV6076",159902,194.738,16204.123099999999,220,806,4,4.013235929990582,76.66850393700787,"4. >65 inches"
"LG","OLED83M46LA","Australia,New Zealand","OLED","0.4","2029-03-11","Available",,"ATV6077",159903,209.585,18769.3425,242,886,4,4.222284206102421,82.51377952755905,"4. >65 inches"
"LG","OLED97G4PSA","Australia,New Zealand","OLED","0.4","2029-03-24","Available",,"ATV6117",159904,245.145,25679.7954,219,802,6,6.029915935369911,96.51377952755905,"4. >65 inches"
"LG","OLED97M4PSA","Australia,New Zealand","OLED","0.4","2029-03-11","Available",,"ATV6078",159905,245.145,25679.7954,244,893,5.5,5.5482619849107095,96.51377952755905,"4. >65 inches"
"LG","OLED97M46LA","Australia,New Zealand","OLED","0.4","2029-03-11","Available",,"ATV6079",159906,245.145,25679.7954,244,893,5.5,5.5482619849107095,96.51377952755905,"4. >65 inches"
"EKO","K550UGT","Australia,Fiji,New Zealand","LCD","0.37","2028-09-06","Available","https://www.ayonz.com/","ATV5768",156535,138.798,8228,94.96,349,4.5,4.903531155172063,54.64488188976378,"2. 44–55 inches"
"EKO","K550UGT2","Australia,Fiji,New Zealand","LCD","0.37","2028-09-06","Available","https://www.ayonz.com/","ATV5768",156535,138.798,8228,94.96,349,4.5,4.903531155172063,54.64488188976378,"2. 44–55 inches"
"TCL","50C755","Australia,Fiji,New Zealand","LCD (LED)","0.333","2029-03-05","Available","https://www.tcl.com/au","ATV6066",159914,125.638,6745.2,91.4,390,3.5,3.591861933680575,49.463779527559055,"2. 44–55 inches"
"TCL","55C755","Australia,Fiji,New Zealand","LCD (LED)","0.273","2029-03-06","Available","https://www.tcl.com/au","ATV6071",159916,138.711,8221.2,89.1,381,4.5,4.506973137120607,54.61062992125985,"2. 44–55 inches"
"TCL","65C755","Australia,Fiji,New Zealand","LCD (LED)","0.323","2029-03-05","Available","https://www.tcl.com/au","ATV6067",159918,163.829,11466.84,105.7,440,5,5.252227905908116,64.4996062992126,"3. 56–65 inches"
"TCL","75C755","Australia,Fiji,New Zealand","LCD (LED)","0.334","2029-03-07","Available","https://www.tcl.com/au","ATV6074",159919,189.306,15312,134.6,550,5,5.482906012508416,74.52992125984252,"4. >65 inches"
"TCL","85C755","Australia,Fiji,New Zealand","LCD (LED)","0.375","2029-03-05","Available","https://www.tcl.com/au","ATV6068",159920,214.783,19712.16,148.2,660,5.5,5.753881710749156,84.56023622047243,"4. >65 inches"
"TCL","98C755","Australia,Fiji,New Zealand","LCD (LED)","0.354","2029-03-05","Available","https://www.tcl.com/au","ATV6069",159921,247.604,26198.120000000003,197.4,890,5.5,5.650540933575439,97.48188976377953,"4. >65 inches"
"SONY","K-77XR80","Australia,New Zealand","OLED","0.5","2029-03-03","Available","https://www.sony.com.au/","ATV6054",159933,194.726,16206.349999999999,152.2,562,5.5,5.629745196783028,76.66377952755906,"4. >65 inches"
"TCL","98C655","Australia,Fiji,New Zealand","LCD (LED)","0.393","2029-03-05","Available","https://www.tcl.com/au","ATV6070",159961,247.604,26198.120000000003,226,909,5.5,5.555877066630214,97.48188976377953,"4. >65 inches"
"LG","43UR761H0TA","Australia,New Zealand","LCD (LED)","0.4","2029-03-24","Available",,"ATV6118",159962,107.987,4982.7128,67,247,4,4.428233749097203,42.514566929133856,"1. ≤43 inches"
"LG","43UT90506LB","Australia,New Zealand","LCD (LED)","0.4","2029-03-24","Available",,"ATV6111",159963,107.987,4982.7128,67,247,4,4.428233749097203,42.514566929133856,"1. ≤43 inches"
"LG","50UT90506LB","Australia,New Zealand","LCD (LED)","0.4","2029-03-24","Available",,"ATV6119",159964,125.727,6754.5112,68,251,5.5,5.572396855687801,49.4988188976378,"2. 44–55 inches"
"LG","55UT90506LB","Australia,New Zealand","LCD (LED)","0.4","2029-03-24","Available",,"ATV6112",159965,138.783,8230.118400000001,91,335,5,5.088069894655924,54.63897637795275,"2. 44–55 inches"
"LG","65UT90506LB","Australia,New Zealand","LCD (LED)","0.4","2029-03-24","Available",,"ATV6120",159966,163.897,11477.9975,114,419,5,5.475494068044627,64.52637795275591,"3. 56–65 inches"
"LG","75UT90506LB","Australia,New Zealand","LCD (LED)","0.4","2029-03-24","Available",,"ATV6113",159967,189.275,15307.5663,126,462,6,6.263015743468501,74.51771653543307,"4. >65 inches"
"BLAUPUNKT","BP2400HDV7100","Australia","LCD","0.16","2029-03-13","Available","https://www.ayonz.com/","ATV6085",160037,60.47,1562.462784,25.3,94,4.5,4.630812830215861,23.807086614173226,"1. ≤43 inches"
"BLAUPUNKT","BP24WOSDVD","Australia,Fiji,New Zealand","LCD","0.32","2029-03-13","Available","https://www.ayonz.com/","ATV6084",160039,60.47,1562.462784,28.7,107,4,4.050316322792688,23.807086614173226,"1. ≤43 inches"
"BLAUPUNKT","BP650USG9800","Australia,Fiji,New Zealand","LCD","0.354","2029-03-13","Available","https://www.ayonz.com/","ATV6086",160040,163.132,11402.6,94.65,358,6,6.152760171397917,64.2251968503937,"3. 56–65 inches"
"BAUHN","ATV60UHDW-0824","Australia","LCD","-","2029-04-02","Available",,"ATV6137",160051,152.663,9958.2104,81.288,299,6,6.3902899068173715,60.10354330708662,"3. 56–65 inches"
"YOKOHAMA","YTV240Z","Australia","LCD (LED)","-","2029-04-16","Available",,"ATV6160",160009,59.774,1526.53,20.24,76,5.5,5.511654351347501,23.53307086614173,"1. ≤43 inches"
"KOGAN","KAQL55W94QB","Australia,Fiji,New Zealand","LCD (LED)","-","2029-03-14","Available",,"ATV6087",160101,138.783,8230.118400000001,111.7,427,4,4.000637701458118,54.63897637795275,"2. 44–55 inches"
"KOGAN","KAQL55W94QC","Australia,Fiji,New Zealand","LCD (LED)","-","2029-03-14","Available",,"ATV6087",160101,138.783,8230.118400000001,111.7,427,4,4.000637701458118,54.63897637795275,"2. 44–55 inches"
"KOGAN","KAQL55W94QD","Australia,Fiji,New Zealand","LCD (LED)","-","2029-03-14","Available",,"ATV6087",160101,138.783,8230.118400000001,111.7,427,4,4.000637701458118,54.63897637795275,"2. 44–55 inches"
"KOGAN","KAQL55W94QE","Australia,Fiji,New Zealand","LCD (LED)","-","2029-03-14","Available",,"ATV6087",160101,138.783,8230.118400000001,111.7,427,4,4.000637701458118,54.63897637795275,"2. 44–55 inches"
"KOGAN","KAQL55W94QF","Australia,Fiji,New Zealand","LCD (LED)","-","2029-03-14","Available",,"ATV6087",160101,138.783,8230.118400000001,111.7,427,4,4.000637701458118,54.63897637795275,"2. 44–55 inches"
"KOGAN","KAQL65W94QB","Australia,Fiji,New Zealand","LCD (LED)","-","2029-03-14","Available",,"ATV6088",160102,163.881,11473.55136,150.64,560,4,4.173950665703787,64.52007874015747,"3. 56–65 inches"
"KOGAN","KAQL65W94QC","Australia,Fiji,New Zealand","LCD (LED)","-","2029-03-14","Available",,"ATV6088",160102,163.881,11473.55136,150.64,560,4,4.173950665703787,64.52007874015747,"3. 56–65 inches"
"KOGAN","KAQL65W94QD","Australia,Fiji,New Zealand","LCD (LED)","-","2029-03-14","Available",,"ATV6088",160102,163.881,11473.55136,150.64,560,4,4.173950665703787,64.52007874015747,"3. 56–65 inches"
"KOGAN","KAQL65W94QE","Australia,Fiji,New Zealand","LCD (LED)","-","2029-03-14","Available",,"ATV6088",160102,163.881,11473.55136,150.64,560,4,4.173950665703787,64.52007874015747,"3. 56–65 inches"
"KOGAN","KAQL65W94QF","Australia,Fiji,New Zealand","LCD (LED)","-","2029-03-14","Available",,"ATV6088",160102,163.881,11473.55136,150.64,560,4,4.173950665703787,64.52007874015747,"3. 56–65 inches"
"KOGAN","KAQL75W94QB","Australia,Fiji,New Zealand","LCD (LED)","-","2029-03-14","Available",,"ATV6093",160103,189.34,15318.517823999999,187.1,690,4,4.468463290262498,74.54330708661418,"4. >65 inches"
"KOGAN","KAQL75W94QC","Australia,Fiji,New Zealand","LCD (LED)","-","2029-03-14","Available",,"ATV6093",160103,189.34,15318.517823999999,187.1,690,4,4.468463290262498,74.54330708661418,"4. >65 inches"
"KOGAN","KAQL75W94QD","Australia,Fiji,New Zealand","LCD (LED)","-","2029-03-14","Available",,"ATV6093",160103,189.34,15318.517823999999,187.1,690,4,4.468463290262498,74.54330708661418,"4. >65 inches"
"KOGAN","KAQL75W94QE","Australia,Fiji,New Zealand","LCD (LED)","-","2029-03-14","Available",,"ATV6093",160103,189.34,15318.517823999999,187.1,690,4,4.468463290262498,74.54330708661418,"4. >65 inches"
"KOGAN","KAQL75W94QF","Australia,Fiji,New Zealand","LCD (LED)","-","2029-03-14","Available",,"ATV6093",160103,189.34,15318.517823999999,187.1,690,4,4.468463290262498,74.54330708661418,"4. >65 inches"
"KOGAN","KAQL50W94QB","Australia,Fiji,New Zealand","LCD (LED)","-","2029-03-14","Available",,"ATV6094",160104,125.731,6754.867344,101.23,398,3.5,3.506680454728492,49.5003937007874,"2. 44–55 inches"
"KOGAN","KAQL50W94QC","Australia,Fiji,New Zealand","LCD (LED)","-","2029-03-14","Available",,"ATV6094",160104,125.731,6754.867344,101.23,398,3.5,3.506680454728492,49.5003937007874,"2. 44–55 inches"
"KOGAN","KAQL50W94QD","Australia,Fiji,New Zealand","LCD (LED)","-","2029-03-14","Available",,"ATV6094",160104,125.731,6754.867344,101.23,398,3.5,3.506680454728492,49.5003937007874,"2. 44–55 inches"
"KOGAN","KAQL50W94QE","Australia,Fiji,New Zealand","LCD (LED)","-","2029-03-14","Available",,"ATV6094",160104,125.731,6754.867344,101.23,398,3.5,3.506680454728492,49.5003937007874,"2. 44–55 inches"
"KOGAN","KAQL50W94QF","Australia,Fiji,New Zealand","LCD (LED)","-","2029-03-14","Available",,"ATV6094",160104,125.731,6754.867344,101.23,398,3.5,3.506680454728492,49.5003937007874,"2. 44–55 inches"
"AIWA","AWS650W","Australia","LCD (LED)","0.34","2029-04-08","Available",,"ATV6151",160109,163.896,11478.122496000002,115.94,468,4.5,4.979906758518055,64.5259842519685,"3. 56–65 inches"
"JVC","LT-50N7145AE","Australia","LCD (LED)","-","2029-04-08","Available",,"ATV6152",160114,125.638,6745.2,47.5,210,6,6.366036695892506,49.463779527559055,"2. 44–55 inches"
"THOMSON","STVLED43FHD-W","Australia,Fiji,New Zealand","LCD (LED)","-","2029-03-18","Available",,"ATV6097",160117,107.95,4977.889999999999,49.14,194,5.5,5.506827258294353,42.5,"1. ≤43 inches"
"CHIQ","U65G7PG","Australia,Fiji,New Zealand","LCD (LED)","0.4","2029-03-19","Available",,"ATV6098",160148,163.829,11466.84,90.1,404,5.5,5.634761250243758,64.4996062992126,"3. 56–65 inches"
"SAMSUNG","BE43D-H","Australia,Fiji,New Zealand","LCD (LED)","0.5","2029-04-02","Available",,"ATV6140",160151,107.987,4982.7128,68,251,4,4.356241516253395,42.514566929133856,"1. ≤43 inches"
"SAMSUNG","BE50D-H","Australia,Fiji,New Zealand","LCD (LED)","0.5","2029-04-02","Available",,"ATV6144",160152,125.727,6754.5112,71,262,5,5.380181735077315,49.4988188976378,"2. 44–55 inches"
"SAMSUNG","BE55D-H","Australia,Fiji,New Zealand","LCD (LED)","0.5","2029-04-02","Available",,"ATV6141",160153,138.783,8230.118400000001,79,291,5.5,5.719086403196216,54.63897637795275,"2. 44–55 inches"
"SAMSUNG","BE65D-H","Australia,Fiji,New Zealand","LCD (LED)","0.5","2029-04-02","Available",,"ATV6145",160154,163.897,11477.9975,114,419,5,5.475494068044627,64.52637795275591,"3. 56–65 inches"
"SAMSUNG","BE75D-H","Australia,Fiji,New Zealand","LCD (LED)","0.5","2029-04-02","Available",,"ATV6142",160155,189.338,15318.8066,137,503,5.5,5.885127373724774,74.54251968503937,"4. >65 inches"
"BLAUPUNKT","BP50WOS3","Australia,Fiji,New Zealand","LCD (LED)","0.37","2029-03-21","Available","https://www.ayonz.com/","ATV6101",160179,125.731,6754.867344,94.37,400,3,3.4842171489595257,49.5003937007874,"2. 44–55 inches"
"BLAUPUNKT","BP70WOS3","Australia,Fiji,New Zealand","LCD (LED)","0.39","2029-03-21","Available","https://www.ayonz.com/","ATV6102",160180,176.538,13380.468019200001,128.9,550,4.5,4.9068324559328165,69.50314960629922,"4. >65 inches"
"SAMSUNG","BE85D-H","Australia,Fiji,New Zealand","LCD (LED)","0.5","2029-04-02","Available",,"ATV6146",160194,214.783,19712.16,143,525,6,6.779416937203513,84.56023622047243,"4. >65 inches"
"TECO","LED24AHSRC","Australia,Fiji,New Zealand","LCD (LED)","0.22","2029-03-21","Available",,"ATV6100",160257,59.774,1526.53,16.2,67,6,6.076495773620495,23.53307086614173,"1. ≤43 inches"
"SAMSUNG","QA43LS01DAW","Australia,Fiji,New Zealand","LCD (LED)","0.5","2029-04-02","Available",,"ATV6147",160266,107.987,4982.7128,79,291,3.5,3.693572453361716,42.514566929133856,"1. ≤43 inches"
"SAMSUNG","QA43LS01DAS","Australia,Fiji,New Zealand","LCD (LED)","0.5","2029-04-02","Available",,"ATV6147",160266,107.987,4982.7128,79,291,3.5,3.693572453361716,42.514566929133856,"1. ≤43 inches"
"SAMSUNG","QA43LS01DA*","Australia,Fiji,New Zealand","LCD (LED)","0.5","2029-04-02","Available",,"ATV6147",160266,107.987,4982.7128,79,291,3.5,3.693572453361716,42.514566929133856,"1. ≤43 inches"
"SAMSUNG","QA55LS01DAW","Australia,Fiji,New Zealand","LCD (LED)","0.5","2029-04-02","Available",,"ATV6143",160267,138.783,8230.118400000001,89,328,5,5.182703700188524,54.63897637795275,"2. 44–55 inches"
"SAMSUNG","QA55LS01DAS","Australia,Fiji,New Zealand","LCD (LED)","0.5","2029-04-02","Available",,"ATV6143",160267,138.783,8230.118400000001,89,328,5,5.182703700188524,54.63897637795275,"2. 44–55 inches"
"SAMSUNG","QA55LS01DA*","Australia,Fiji,New Zealand","LCD (LED)","0.5","2029-04-02","Available",,"ATV6143",160267,138.783,8230.118400000001,89,328,5,5.182703700188524,54.63897637795275,"2. 44–55 inches"
"SAMSUNG","QA65LS01DAW","Australia,Fiji,New Zealand","LCD (LED)","0.5","2029-04-02","Available",,"ATV6148",160274,163.897,11477.9975,126,463,5,5.027996779523445,64.52637795275591,"3. 56–65 inches"
"SAMSUNG","QA65LS01DAS","Australia,Fiji,New Zealand","LCD (LED)","0.5","2029-04-02","Available",,"ATV6148",160274,163.897,11477.9975,126,463,5,5.027996779523445,64.52637795275591,"3. 56–65 inches"
"SAMSUNG","QA65LS01DA*","Australia,Fiji,New Zealand","LCD (LED)","0.5","2029-04-02","Available",,"ATV6148",160274,163.897,11477.9975,126,463,5,5.027996779523445,64.52637795275591,"3. 56–65 inches"
"TECO","LED32AHSRC","Australia,Fiji,New Zealand","LCD (LED)","0.4","2029-03-21","Available",,"ATV6105",160282,80.054,2736.1600000000003,26.3,105,6,6.007444889755374,31.517322834645668,"1. ≤43 inches"
"SYLVOX","RT27R2KECA","Australia,New Zealand","LCD","0.43","2029-03-21","Available",,"ATV6106",160314,68.642,2015.26,15.3,59,7,7.535523401336893,27.024409448818897,"1. ≤43 inches"
"HISENSE","55U7N series","Australia,New Zealand","LCD (LED)","0.29","2029-04-18","Available","https://global.hisense.com/","ATV6163",159235,138.783,8230.118400000001,91.26,381,4.5,4.511450751759631,54.63897637795275,"2. 44–55 inches"
"LG","32LT340CBTB","Australia,New Zealand","LCD (LED)","0.18","2029-03-27","Available",,"ATV6103",160319,80.043,2737.0770999999995,25.5,95,6,6.457156719581245,31.512992125984255,"1. ≤43 inches"
"KOGAN","KALED50R95TA","Australia,Fiji,New Zealand","LCD (LED)","0.4","2029-03-24","Available",,"ATV6109",160333,125.725,6751.36,66.8,284,5,5.016951299027647,49.49803149606299,"2. 44–55 inches"
"KOGAN","KALED50R95TB","Australia,Fiji,New Zealand","LCD (LED)","0.4","2029-03-24","Available",,"ATV6109",160333,125.725,6751.36,66.8,284,5,5.016951299027647,49.49803149606299,"2. 44–55 inches"
"KOGAN","KALED50R95TC","Australia,Fiji,New Zealand","LCD (LED)","0.4","2029-03-24","Available",,"ATV6109",160333,125.725,6751.36,66.8,284,5,5.016951299027647,49.49803149606299,"2. 44–55 inches"
"KOGAN","KALED50R95TD","Australia,Fiji,New Zealand","LCD (LED)","0.4","2029-03-24","Available",,"ATV6109",160333,125.725,6751.36,66.8,284,5,5.016951299027647,49.49803149606299,"2. 44–55 inches"
"KOGAN","KALED50R95TE","Australia,Fiji,New Zealand","LCD (LED)","0.4","2029-03-24","Available",,"ATV6109",160333,125.725,6751.36,66.8,284,5,5.016951299027647,49.49803149606299,"2. 44–55 inches"
"KOGAN","KALED65R95TA","Australia,Fiji,New Zealand","LCD (LED)","0.45","2029-03-24","Available",,"ATV6114",160334,163.829,11466.84,94.2,371,6,6.016635675257843,64.4996062992126,"3. 56–65 inches"
"KOGAN","KALED65R95TB","Australia,Fiji,New Zealand","LCD (LED)","0.45","2029-03-24","Available",,"ATV6114",160334,163.829,11466.84,94.2,371,6,6.016635675257843,64.4996062992126,"3. 56–65 inches"
"KOGAN","KALED65R95TC","Australia,Fiji,New Zealand","LCD (LED)","0.45","2029-03-24","Available",,"ATV6114",160334,163.829,11466.84,94.2,371,6,6.016635675257843,64.4996062992126,"3. 56–65 inches"
"KOGAN","KALED65R95TD","Australia,Fiji,New Zealand","LCD (LED)","0.45","2029-03-24","Available",,"ATV6114",160334,163.829,11466.84,94.2,371,6,6.016635675257843,64.4996062992126,"3. 56–65 inches"
"KOGAN","KALED65R95TE","Australia,Fiji,New Zealand","LCD (LED)","0.45","2029-03-24","Available",,"ATV6114",160334,163.829,11466.84,94.2,371,6,6.016635675257843,64.4996062992126,"3. 56–65 inches"
"KOGAN","KALED75R95TA","Australia,Fiji,New Zealand","LCD (LED)","0.45","2029-03-24","Available",,"ATV6110",160335,189.306,15312,109.4,488,6,6.018896730900076,74.52992125984252,"4. >65 inches"
"KOGAN","KALED75R95TB","Australia,Fiji,New Zealand","LCD (LED)","0.45","2029-03-24","Available",,"ATV6110",160335,189.306,15312,109.4,488,6,6.018896730900076,74.52992125984252,"4. >65 inches"
"KOGAN","KALED75R95TC","Australia,Fiji,New Zealand","LCD (LED)","0.45","2029-03-24","Available",,"ATV6110",160335,189.306,15312,109.4,488,6,6.018896730900076,74.52992125984252,"4. >65 inches"
"KOGAN","KALED75R95TD","Australia,Fiji,New Zealand","LCD (LED)","0.45","2029-03-24","Available",,"ATV6110",160335,189.306,15312,109.4,488,6,6.018896730900076,74.52992125984252,"4. >65 inches"
"KOGAN","KALED75R95TE","Australia,Fiji,New Zealand","LCD (LED)","0.45","2029-03-24","Available",,"ATV6110",160335,189.306,15312,109.4,488,6,6.018896730900076,74.52992125984252,"4. >65 inches"
"KOGAN","KALED55R95TA","Australia,Fiji,New Zealand","LCD (LED)","0.46","2029-03-24","Available",,"ATV6115",160336,138.711,8221.2,70.8,302,5.5,5.54833129595275,54.61062992125985,"2. 44–55 inches"
"KOGAN","KALED55R95TB","Australia,Fiji,New Zealand","LCD (LED)","0.46","2029-03-24","Available",,"ATV6115",160336,138.711,8221.2,70.8,302,5.5,5.54833129595275,54.61062992125985,"2. 44–55 inches"
"KOGAN","KALED55R95TC","Australia,Fiji,New Zealand","LCD (LED)","0.46","2029-03-24","Available",,"ATV6115",160336,138.711,8221.2,70.8,302,5.5,5.54833129595275,54.61062992125985,"2. 44–55 inches"
"KOGAN","KALED55R95TD","Australia,Fiji,New Zealand","LCD (LED)","0.46","2029-03-24","Available",,"ATV6115",160336,138.711,8221.2,70.8,302,5.5,5.54833129595275,54.61062992125985,"2. 44–55 inches"
"KOGAN","KALED55R95TE","Australia,Fiji,New Zealand","LCD (LED)","0.46","2029-03-24","Available",,"ATV6115",160336,138.711,8221.2,70.8,302,5.5,5.54833129595275,54.61062992125985,"2. 44–55 inches"
"KOGAN","KALED32R95TA","Australia,Fiji,New Zealand","LCD (LED)","0.35","2029-03-25","Available",,"ATV6121",160381,79.967,2732.2400000000002,22.9,104,6,6.04521473860549,31.48307086614173,"1. ≤43 inches"
"KOGAN","KALED32R95TB","Australia,Fiji,New Zealand","LCD (LED)","0.35","2029-03-25","Available",,"ATV6121",160381,79.967,2732.2400000000002,22.9,104,6,6.04521473860549,31.48307086614173,"1. ≤43 inches"
"KOGAN","KALED32R95TC","Australia,Fiji,New Zealand","LCD (LED)","0.35","2029-03-25","Available",,"ATV6121",160381,79.967,2732.2400000000002,22.9,104,6,6.04521473860549,31.48307086614173,"1. ≤43 inches"
"KOGAN","KALED32R95TD","Australia,Fiji,New Zealand","LCD (LED)","0.35","2029-03-25","Available",,"ATV6121",160381,79.967,2732.2400000000002,22.9,104,6,6.04521473860549,31.48307086614173,"1. ≤43 inches"
"KOGAN","KALED32R95TE","Australia,Fiji,New Zealand","LCD (LED)","0.35","2029-03-25","Available",,"ATV6121",160381,79.967,2732.2400000000002,22.9,104,6,6.04521473860549,31.48307086614173,"1. ≤43 inches"
"SAMSUNG","QA50LS01DAS","Australia,Fiji,New Zealand","LCD (LED)","0.5","2029-04-03","Available",,"ATV6149",160385,125.727,6754.5112,93,343,4,4.172950148870644,49.4988188976378,"2. 44–55 inches"
"KOGAN","KALED40R95TA","Australia,Fiji,New Zealand","LCD (LED)","0.35","2029-03-25","Available",,"ATV6122",160387,100.305,4258.3,36.5,148,6,6.112434496987815,39.49015748031496,"1. ≤43 inches"
"KOGAN","KALED40R95TB","Australia,Fiji,New Zealand","LCD (LED)","0.35","2029-03-25","Available",,"ATV6122",160387,100.305,4258.3,36.5,148,6,6.112434496987815,39.49015748031496,"1. ≤43 inches"
"KOGAN","KALED40R95TC","Australia,Fiji,New Zealand","LCD (LED)","0.35","2029-03-25","Available",,"ATV6122",160387,100.305,4258.3,36.5,148,6,6.112434496987815,39.49015748031496,"1. ≤43 inches"
"KOGAN","KALED40R95TD","Australia,Fiji,New Zealand","LCD (LED)","0.35","2029-03-25","Available",,"ATV6122",160387,100.305,4258.3,36.5,148,6,6.112434496987815,39.49015748031496,"1. ≤43 inches"
"KOGAN","KALED40R95TE","Australia,Fiji,New Zealand","LCD (LED)","0.35","2029-03-25","Available",,"ATV6122",160387,100.305,4258.3,36.5,148,6,6.112434496987815,39.49015748031496,"1. ≤43 inches"
"KOGAN","KALED43R95TA","Australia,Fiji,New Zealand","LCD (LED)","0.45","2029-03-25","Available",,"ATV6123",160391,107.863,4972.599999999999,52.9,214,5,5.062942946872196,42.46574803149606,"1. ≤43 inches"
"KOGAN","KALED43R95TB","Australia,Fiji,New Zealand","LCD (LED)","0.45","2029-03-25","Available",,"ATV6123",160391,107.863,4972.599999999999,52.9,214,5,5.062942946872196,42.46574803149606,"1. ≤43 inches"
"KOGAN","KALED43R95TC","Australia,Fiji,New Zealand","LCD (LED)","0.45","2029-03-25","Available",,"ATV6123",160391,107.863,4972.599999999999,52.9,214,5,5.062942946872196,42.46574803149606,"1. ≤43 inches"
"KOGAN","KALED43R95TD","Australia,Fiji,New Zealand","LCD (LED)","0.45","2029-03-25","Available",,"ATV6123",160391,107.863,4972.599999999999,52.9,214,5,5.062942946872196,42.46574803149606,"1. ≤43 inches"
"KOGAN","KALED43R95TE","Australia,Fiji,New Zealand","LCD (LED)","0.45","2029-03-25","Available",,"ATV6123",160391,107.863,4972.599999999999,52.9,214,5,5.062942946872196,42.46574803149606,"1. ≤43 inches"
"KOGAN","KALED50R95T*","Australia,Fiji,New Zealand","LCD (LED)","0.4","2029-03-24","Available",,"ATV6109",160333,125.725,6751.36,66.8,284,5,5.016951299027647,49.49803149606299,"2. 44–55 inches"
"KOGAN","KALED65R95T*","Australia,Fiji,New Zealand","LCD (LED)","0.45","2029-03-24","Available",,"ATV6114",160334,163.829,11466.84,94.2,371,6,6.016635675257843,64.4996062992126,"3. 56–65 inches"
"KOGAN","KALED75R95T*","Australia,Fiji,New Zealand","LCD (LED)","0.45","2029-03-24","Available",,"ATV6110",160335,189.306,15312,109.4,488,6,6.018896730900076,74.52992125984252,"4. >65 inches"
"KOGAN","KALED55R95T*","Australia,Fiji,New Zealand","LCD (LED)","0.46","2029-03-24","Available",,"ATV6115",160336,138.711,8221.2,70.8,302,5.5,5.54833129595275,54.61062992125985,"2. 44–55 inches"
"KOGAN","KALED43R95T*","Australia,Fiji,New Zealand","LCD (LED)","0.45","2029-03-25","Available",,"ATV6123",160391,107.863,4972.599999999999,52.9,214,5,5.062942946872196,42.46574803149606,"1. ≤43 inches"
"KOGAN","KALED40R95T*","Australia,Fiji,New Zealand","LCD (LED)","0.35","2029-03-25","Available",,"ATV6122",160387,100.305,4258.3,36.5,148,6,6.112434496987815,39.49015748031496,"1. ≤43 inches"
"KOGAN","KALED32R95T*","Australia,Fiji,New Zealand","LCD (LED)","0.35","2029-03-25","Available",,"ATV6121",160381,79.967,2732.2400000000002,22.9,104,6,6.04521473860549,31.48307086614173,"1. ≤43 inches"
"EKO","K65USW2","Australia,Fiji,New Zealand","LCD","-","2028-09-24","Available","https://www.ayonz.com/","ATV5782",156876,163.896,11478.122496000002,111.438,407,5.5,5.605759980143996,64.5259842519685,"3. 56–65 inches"
"EKO","K65USW3","Australia,Fiji,New Zealand","LCD","-","2028-09-24","Available","https://www.ayonz.com/","ATV5782",156876,163.896,11478.122496000002,111.438,407,5.5,5.605759980143996,64.5259842519685,"3. 56–65 inches"
"EKO","K55USW2","Australia,Fiji,New Zealand","LCD","-","2028-09-24","Available","https://www.ayonz.com/","ATV5783",156874,138.783,8230.118400000001,82.242,301,5.5,5.567672672535419,54.63897637795275,"2. 44–55 inches"
"EKO","K55USW3","Australia,Fiji,New Zealand","LCD","-","2028-09-24","Available","https://www.ayonz.com/","ATV5783",156874,138.783,8230.118400000001,82.242,301,5.5,5.567672672535419,54.63897637795275,"2. 44–55 inches"
"KOGAN","KAQL65MQ9TA","Australia,Fiji,New Zealand","LCD (LED)","0.37","2029-04-01","Available",,"ATV6135",160490,165.513,11750.4,136.1,532,4.5,4.5045888629198965,65.16259842519685,"4. >65 inches"
"KOGAN","KAQL65MQ9TB","Australia,Fiji,New Zealand","LCD (LED)","0.37","2029-04-01","Available",,"ATV6135",160490,165.513,11750.4,136.1,532,4.5,4.5045888629198965,65.16259842519685,"4. >65 inches"
"KOGAN","KAQL65MQ9TC","Australia,Fiji,New Zealand","LCD (LED)","0.37","2029-04-01","Available",,"ATV6135",160490,165.513,11750.4,136.1,532,4.5,4.5045888629198965,65.16259842519685,"4. >65 inches"
"KOGAN","KAQL65MQ9TD","Australia,Fiji,New Zealand","LCD (LED)","0.37","2029-04-01","Available",,"ATV6135",160490,165.513,11750.4,136.1,532,4.5,4.5045888629198965,65.16259842519685,"4. >65 inches"
"KOGAN","KAQL65MQ9TE","Australia,Fiji,New Zealand","LCD (LED)","0.37","2029-04-01","Available",,"ATV6135",160490,165.513,11750.4,136.1,532,4.5,4.5045888629198965,65.16259842519685,"4. >65 inches"
"KOGAN","KAQL65MQ9T*","Australia,Fiji,New Zealand","LCD (LED)","0.37","2029-04-01","Available",,"ATV6135",160490,165.513,11750.4,136.1,532,4.5,4.5045888629198965,65.16259842519685,"4. >65 inches"
"JVC","LT-32ND35AS","Australia","LCD (LED)","0.33","2029-04-04","Available",,"ATV6150",160504,80.039,2736.719568,36.9,145,4.5,4.56169137395495,31.511417322834646,"1. ≤43 inches"
"TOSHIBA","43C350NP","Australia,New Zealand","LCD (LED)","0.24","2029-03-27","Available","https://global.hisense.com/","ATV6131",160542,107.954,4979.71325,59.91,242,4.5,4.517515573092177,42.5015748031496,"1. ≤43 inches"
"TOSHIBA","50C350NP","Australia,New Zealand","LCD (LED)","0.26","2029-03-27","Available","https://global.hisense.com/","ATV6127",160543,125.731,6754.867344,61.1,254,5.5,5.519365722220251,49.5003937007874,"2. 44–55 inches"
"TOSHIBA","55C350NP","Australia,New Zealand","LCD (LED)","0.36","2029-03-27","Available","https://global.hisense.com/","ATV6132",160544,138.783,8230.118400000001,63.7,269,6,6.07137929764316,54.63897637795275,"2. 44–55 inches"
"TOSHIBA","65C350NP","Australia,New Zealand","LCD (LED)","0.37","2029-03-27","Available","https://global.hisense.com/","ATV6128",160545,163.829,11466.84,89.74,369,6,6.040859626768308,64.4996062992126,"3. 56–65 inches"
"TOSHIBA","75C350NP","Australia,New Zealand","LCD (LED)","0.369","2029-03-27","Available","https://global.hisense.com/","ATV6133",160546,189.34,15318.517823999999,95.06,389,7,7.03682007493093,74.54330708661418,"4. >65 inches"
"TOSHIBA","85C350NP","Australia,New Zealand","LCD (LED)","0.36","2029-03-27","Available","https://global.hisense.com/","ATV6129",160557,214.783,19712.16,150.59,599,6,6.18848193259678,84.56023622047243,"4. >65 inches"
"TECO","LED70AUSRC","Australia,Fiji,New Zealand","LCD (LED)","-","2029-04-01","Available",,"ATV6136",160616,176.537,13380.8032,135.9,532,5,5.0560574392483195,69.50275590551182,"4. >65 inches"
"EKO","K70USW3","Australia,Fiji,New Zealand","LCD (LED)","-","2029-04-10","Available","https://www.ayonz.com/","ATV6159",160618,176.538,13380.468019200001,161,667,4,4.0424930360697555,69.50314960629922,"4. >65 inches"
"SYLVOX","KT16A0KOGA","Australia,Fiji,New Zealand","LCD (LED)","-","2029-04-01","Available",,"ATV6134",160621,39.487,666.259344,15.1,58,4.5,4.534764934443967,15.546062992125984,"1. ≤43 inches"
"JVC","LT-40N5155A","Australia","LCD (LED)","0.35","2029-04-08","Available",,"ATV6153",160645,100.332,4261.906885,48.76,198,4.5,4.811354439400725,39.5007874015748,"1. ≤43 inches"
"SAMSUNG","UA43DU7000S","Australia,Fiji,New Zealand","LCD (LED)","0.5","2029-01-16","Available",,"ATV5970",159056,107.987,4982.7128,68,251,4,4.356241516253395,42.514566929133856,"1. ≤43 inches"
"SAMSUNG","UA43DU7700S","Australia,Fiji,New Zealand","LCD (LED)","0.5","2029-01-16","Available",,"ATV5970",159056,107.987,4982.7128,68,251,4,4.356241516253395,42.514566929133856,"1. ≤43 inches"
"SAMSUNG","UA43DU7700W","Australia,Fiji,New Zealand","LCD (LED)","0.5","2029-01-16","Available",,"ATV5970",159056,107.987,4982.7128,68,251,4,4.356241516253395,42.514566929133856,"1. ≤43 inches"
"SAMSUNG","UA43DU7*00*","Australia,Fiji,New Zealand","LCD (LED)","0.5","2029-01-16","Available",,"ATV5970",159056,107.987,4982.7128,68,251,4,4.356241516253395,42.514566929133856,"1. ≤43 inches"
"SAMSUNG","QA65QE1DAS","Australia,Fiji,New Zealand","LCD (LED)","0.5","2029-01-15","Available",,"ATV5956",159006,163.897,11477.9975,103,379,5.5,5.925136077633466,64.52637795275591,"3. 56–65 inches"
"SAMSUNG","QA65QE1DA*","Australia,Fiji,New Zealand","LCD (LED)","0.5","2029-01-15","Available",,"ATV5956",159006,163.897,11477.9975,103,379,5.5,5.925136077633466,64.52637795275591,"3. 56–65 inches"
"SAMSUNG","QA65QE1DAW","Australia,Fiji,New Zealand","LCD (LED)","0.5","2029-01-15","Available",,"ATV5956",159006,163.897,11477.9975,103,379,5.5,5.925136077633466,64.52637795275591,"3. 56–65 inches"
"JVC","LT-65N7115A11E","Australia","LCD (LED)","-","2029-04-18","Available",,"ATV6165",160785,163.829,11466.84,104.2,415,5.5,5.51437398334165,64.4996062992126,"3. 56–65 inches"
"EKO","K650UGT2","Australia,Fiji,New Zealand","LCD (LED)","0.148116","2029-04-18","Available",,"ATV6164",160788,163.896,11478.122496000002,108.132,422,5,5.443567846962184,64.5259842519685,"3. 56–65 inches"
"HUBBL","LT065A-04-FXTL","Australia","LCD (LED)","-","2029-04-09","Available",,"ATV6154",160808,163.897,11477.9975,64.71,240,7,7.972684747758714,64.52637795275591,"3. 56–65 inches"
"CHIQ","U70M9Q","Australia,Fiji,New Zealand","LCD (LED)","0.41","2029-04-10","Available",,"ATV6158",160834,176.539,13385.2,123.6,481,5.5,5.509077110635397,69.5035433070866,"4. >65 inches"
"TCL","115X955 Max","Australia,Fiji,New Zealand","LCD (LED)","0.392","2029-05-30","Available","https://www.tcl.com/au","ATV6210",160850,290.719,36109.5,600,2652,2,2.163316987564067,114.45629921259842,"4. >65 inches"
"CHIQ","L32G7KPG","Australia,Fiji,New Zealand","LCD (LED)","-","2029-04-10","Available",,"ATV6157",160854,80.043,2737.0770999999995,23.3,116,5.5,5.562157521398698,31.512992125984255,"1. ≤43 inches"
"EKO","K420FAT","Australia,Fiji,New Zealand","LCD","0.25","2028-04-24","Available","https://www.ayonz.com/","ATV5585",153313,105.348,4675.4400000000005,48.96,180,5.5,5.597196157966405,41.4755905511811,"1. ≤43 inches"
"EKO","K420FSG","Australia,Fiji,New Zealand","LCD","0.25","2028-04-24","Available","https://www.ayonz.com/","ATV5585",153313,105.348,4675.4400000000005,48.96,180,5.5,5.597196157966405,41.4755905511811,"1. ≤43 inches"
"BLAUPUNKT","BP750USG9800","Australia,Fiji,New Zealand","LCD (LED)","-","2029-04-18","Available","https://www.ayonz.com/","ATV6166",160920,189.34,15318.517823999999,158,648,4.5,4.749900512486322,74.54330708661418,"4. >65 inches"
"EKO","K70USW3","Australia,Fiji,New Zealand","LCD (LED)","0.39","2029-04-22","Available","https://www.ayonz.com/","ATV6169",160933,176.538,13380.468019200001,128.9,550,4.5,4.9068324559328165,69.50314960629922,"4. >65 inches"
"AIWA","AWC240G","Australia","LCD (LED)","0.23","2029-05-20","Available",,"ATV6186",160979,59.774,1526.53,19.8,82,5,5.171129579153095,23.53307086614173,"1. ≤43 inches"
"HISENSE","85U7NAU","Australia,New Zealand","LCD (LED)","0.46","2029-04-18","Available","https://global.hisense.com/","ATV6162",160985,214.783,19712.16,204.59,829,4.5,4.732206117741302,84.56023622047243,"4. >65 inches"
"HISENSE","85U7NNZ","Australia,New Zealand","LCD (LED)","0.46","2029-04-18","Available","https://global.hisense.com/","ATV6162",160985,214.783,19712.16,204.59,829,4.5,4.732206117741302,84.56023622047243,"4. >65 inches"
"HISENSE","85U7N series","Australia,New Zealand","LCD (LED)","0.46","2029-04-18","Available","https://global.hisense.com/","ATV6162",160985,214.783,19712.16,204.59,829,4.5,4.732206117741302,84.56023622047243,"4. >65 inches"
"BLAUPUNKT","BP650USG9800","Australia,Fiji,New Zealand","LCD (LED)","0.148116","2029-04-25","Available",,"ATV6171",161017,163.896,11478.122496000002,108.132,422,5,5.443567846962184,64.5259842519685,"3. 56–65 inches"
"TELEFUNKEN","TL24HSWDTA","Australia,Fiji,New Zealand","LCD","0.32","2029-04-21","Available","https://www.ayonz.com/","ATV6168",161047,60.47,1562.462784,28.7,107,4,4.050316322792688,23.807086614173226,"1. ≤43 inches"
"BLAUPUNKT","BP500USG9800","Australia,Fiji,New Zealand","LCD (LED)","-","2029-04-28","Available","https://www.ayonz.com/","ATV6173",161084,125.731,6754.867344,91,370,3.5,3.833595569310708,49.5003937007874,"2. 44–55 inches"
"BLAUPUNKT","BP650USG9900","Australia,Fiji,New Zealand","LCD (LED)","-","2029-04-29","Available","https://www.ayonz.com/","ATV6174",161085,165.633,11780.2137,120,483,4.5,4.948332402726292,65.20984251968504,"4. >65 inches"
"BAUHN","ATV32HDW-0424","Australia,Fiji,New Zealand","LCD (LED)","-","2029-02-04","Available",,"ATV6016",159148,80.043,2737.0770999999995,27.2,101,6,6.182698305345105,31.512992125984255,"1. ≤43 inches"
"BAUHN","ATV32HDW-0824","Australia,Fiji,New Zealand","LCD (LED)","-","2029-02-04","Available",,"ATV6016",159148,80.043,2737.0770999999995,27.2,101,6,6.182698305345105,31.512992125984255,"1. ≤43 inches"
"BAUHN","ATV32HDW-****","Australia,Fiji,New Zealand","LCD (LED)","-","2029-02-04","Available",,"ATV6016",159148,80.043,2737.0770999999995,27.2,101,6,6.182698305345105,31.512992125984255,"1. ≤43 inches"
"BAUHN","ATV32HDW-0624","Australia,Fiji,New Zealand","LCD (LED)","-","2029-02-04","Available",,"ATV6016",159148,80.043,2737.0770999999995,27.2,101,6,6.182698305345105,31.512992125984255,"1. ≤43 inches"
"AIWA","AWS500W","Australia","LCD (LED)","0.25","2029-05-20","Available",,"ATV6185",161103,125.731,6754.867344,57.2,211,6,6.350562198435242,49.5003937007874,"2. 44–55 inches"
"BLAUPUNKT","BP430FSG9800","Australia,Fiji,New Zealand","LCD (LED)","-","2029-04-28","Available","https://www.ayonz.com/","ATV6172",161124,107.825,4976.700000000001,50.67,208,5,5.193622976866961,42.4507874015748,"1. ≤43 inches"
"BLAUPUNKT","BP550USG9800","Australia,Fiji,New Zealand","LCD","0.4","2029-04-29","Available","https://www.ayonz.com/","ATV6175",161139,138.783,8230.118400000001,75.18,277,5.5,5.940046232390322,54.63897637795275,"2. 44–55 inches"
"BLAUPUNKT","BP400FSG9800","Australia,Fiji,New Zealand","LCD (LED)","-","2029-05-07","Available","https://www.ayonz.com/","ATV6178",161150,100.332,4261.934154240001,41,173,5,5.416260701529987,39.5007874015748,"1. ≤43 inches"
"SAMSUNG","QA55LST7DAW","Australia,Fiji,New Zealand","LCD (LED)","0.5","2029-05-05","Available",,"ATV6176",161192,138.783,8230.118400000001,206,755,1,1.446525191086384,54.63897637795275,"2. 44–55 inches"
"SAMSUNG","QA55LST7DAS","Australia,Fiji,New Zealand","LCD (LED)","0.5","2029-05-05","Available",,"ATV6176",161192,138.783,8230.118400000001,206,755,1,1.446525191086384,54.63897637795275,"2. 44–55 inches"
"SAMSUNG","QA55LST7DA*","Australia,Fiji,New Zealand","LCD (LED)","0.5","2029-05-05","Available",,"ATV6176",161192,138.783,8230.118400000001,206,755,1,1.446525191086384,54.63897637795275,"2. 44–55 inches"
"KOGAN","KAQL75MQ9TA","Australia,Fiji,New Zealand","LCD (LED)","0.42","2029-05-07","Available",,"ATV6177",161247,189.306,15312,145.4,609,5,5.026249349641676,74.52992125984252,"4. >65 inches"
"KOGAN","KAQL75MQ9TB","Australia,Fiji,New Zealand","LCD (LED)","0.42","2029-05-07","Available",,"ATV6177",161247,189.306,15312,145.4,609,5,5.026249349641676,74.52992125984252,"4. >65 inches"
"KOGAN","KAQL75MQ9TC","Australia,Fiji,New Zealand","LCD (LED)","0.42","2029-05-07","Available",,"ATV6177",161247,189.306,15312,145.4,609,5,5.026249349641676,74.52992125984252,"4. >65 inches"
"KOGAN","KAQL75MQ9TD","Australia,Fiji,New Zealand","LCD (LED)","0.42","2029-05-07","Available",,"ATV6177",161247,189.306,15312,145.4,609,5,5.026249349641676,74.52992125984252,"4. >65 inches"
"KOGAN","KAQL75MQ9TE","Australia,Fiji,New Zealand","LCD (LED)","0.42","2029-05-07","Available",,"ATV6177",161247,189.306,15312,145.4,609,5,5.026249349641676,74.52992125984252,"4. >65 inches"
"KOGAN","KAQL75MQ9T*","Australia,Fiji,New Zealand","LCD (LED)","0.42","2029-05-07","Available",,"ATV6177",161247,189.306,15312,145.4,609,5,5.026249349641676,74.52992125984252,"4. >65 inches"
"BLAUPUNKT","BP32WOSDVD","Australia,Fiji,New Zealand","LCD (LED)","0.36","2029-05-07","Available","https://www.ayonz.com/","ATV6181",161254,80.039,2736.70931232,33.5,125,5,5.226810398773459,31.511417322834646,"1. ≤43 inches"
"LG","32LN660HBSD","Australia,New Zealand","LCD (LED)","0.4","2029-05-08","Available",,"ATV6183",161493,80.043,2737.0770999999995,24,90,6,6.6994546526913235,31.512992125984255,"1. ≤43 inches"
"TELEFUNKEN","TL55QGG","Australia,Fiji,New Zealand","LCD (LED)","-","2029-05-07","Available","https://www.ayonz.com/","ATV6180",161547,138.783,8230.118400000001,103,379,4.5,4.53503722787905,54.63897637795275,"2. 44–55 inches"
"KOGAN","KAOD48X98JSTA","Australia,Fiji,New Zealand","OLED","0.35","2029-05-12","Available",,"ATV6184",161603,120.719,6227.103743999999,80.3,331,4,4.003721725242305,47.527165354330705,"2. 44–55 inches"
"KOGAN","KAOD48X98JSTB","Australia,Fiji,New Zealand","OLED","0.35","2029-05-12","Available",,"ATV6184",161603,120.719,6227.103743999999,80.3,331,4,4.003721725242305,47.527165354330705,"2. 44–55 inches"
"KOGAN","KAOD48X98JSTC","Australia,Fiji,New Zealand","OLED","0.35","2029-05-12","Available",,"ATV6184",161603,120.719,6227.103743999999,80.3,331,4,4.003721725242305,47.527165354330705,"2. 44–55 inches"
"KOGAN","KAOD48X98JSTD","Australia,Fiji,New Zealand","OLED","0.35","2029-05-12","Available",,"ATV6184",161603,120.719,6227.103743999999,80.3,331,4,4.003721725242305,47.527165354330705,"2. 44–55 inches"
"KOGAN","KAOD48X98JSTE","Australia,Fiji,New Zealand","OLED","0.35","2029-05-12","Available",,"ATV6184",161603,120.719,6227.103743999999,80.3,331,4,4.003721725242305,47.527165354330705,"2. 44–55 inches"
"KOGAN","KAOD48X98JST*","Australia,Fiji,New Zealand","OLED","0.35","2029-05-12","Available",,"ATV6184",161603,120.719,6227.103743999999,80.3,331,4,4.003721725242305,47.527165354330705,"2. 44–55 inches"
"SVISION","SV43FWOS","Australia,Fiji,New Zealand","LCD","0.37","2029-05-20","Available","https://www.ayonz.com/","ATV6188",161688,107.953,4979.729715840001,40.1,165,6,6.233877748445914,42.5011811023622,"1. ≤43 inches"
"BLAUPUNKT","BP100WOSQ","Australia,Fiji,New Zealand","LCD (LED)","-","2029-05-22","Available","https://www.ayonz.com/","ATV6189",161755,247.695,26215.994974999998,350,1284,4,4.01101469876056,97.51771653543307,"4. >65 inches"
"HISENSE","55U6NAU","Australia,New Zealand","LCD (LED)","0.28","2029-05-27","Available","https://global.hisense.com/","ATV6193",161761,138.783,8230.118400000001,79.98,339,5,5.034877339973175,54.63897637795275,"2. 44–55 inches"
"HISENSE","55U6NNZ","Australia,New Zealand","LCD (LED)","0.28","2029-05-27","Available","https://global.hisense.com/","ATV6193",161761,138.783,8230.118400000001,79.98,339,5,5.034877339973175,54.63897637795275,"2. 44–55 inches"
"HISENSE","65U6NAU","Australia,New Zealand","LCD (LED)","0.29","2029-05-29","Available","https://global.hisense.com/","ATV6207",161762,163.896,11478.122496000002,99.95,416,5.5,5.50774202403524,64.5259842519685,"3. 56–65 inches"
"HISENSE","65U6NNZ","Australia,New Zealand","LCD (LED)","0.29","2029-05-29","Available","https://global.hisense.com/","ATV6207",161762,163.896,11478.122496000002,99.95,416,5.5,5.50774202403524,64.5259842519685,"3. 56–65 inches"
"HISENSE","75U6NAU","Australia,New Zealand","LCD (LED)","0.31","2029-05-27","Available","https://global.hisense.com/","ATV6194",161763,189.34,15318.517823999999,133.76,547,5.5,5.509240824730889,74.54330708661418,"4. >65 inches"
"HISENSE","75U6NNZ","Australia,New Zealand","LCD (LED)","0.31","2029-05-27","Available","https://global.hisense.com/","ATV6194",161763,189.34,15318.517823999999,133.76,547,5.5,5.509240824730889,74.54330708661418,"4. >65 inches"
"HISENSE","85U6NAU","Australia,New Zealand","LCD (LED)","0.25","2029-05-29","Available","https://global.hisense.com/","ATV6206",161764,214.783,19712.16,189.93,780,5,5.005242174991583,84.56023622047243,"4. >65 inches"
"HISENSE","85U6NNZ","Australia,New Zealand","LCD (LED)","0.25","2029-05-29","Available","https://global.hisense.com/","ATV6206",161764,214.783,19712.16,189.93,780,5,5.005242174991583,84.56023622047243,"4. >65 inches"
"HISENSE","55U6N series","Australia,New Zealand","LCD (LED)","0.28","2029-05-27","Available","https://global.hisense.com/","ATV6193",161761,138.783,8230.118400000001,79.98,339,5,5.034877339973175,54.63897637795275,"2. 44–55 inches"
"HISENSE","65U6N series","Australia,New Zealand","LCD (LED)","0.29","2029-05-29","Available","https://global.hisense.com/","ATV6207",161762,163.896,11478.122496000002,99.95,416,5.5,5.50774202403524,64.5259842519685,"3. 56–65 inches"
"HISENSE","75U6N series","Australia,New Zealand","LCD (LED)","0.31","2029-05-27","Available","https://global.hisense.com/","ATV6194",161763,189.34,15318.517823999999,133.76,547,5.5,5.509240824730889,74.54330708661418,"4. >65 inches"
"HISENSE","85U6N series","Australia,New Zealand","LCD (LED)","0.25","2029-05-29","Available","https://global.hisense.com/","ATV6206",161764,214.783,19712.16,189.93,780,5,5.005242174991583,84.56023622047243,"4. >65 inches"
"HISENSE","43Q6NAU","Australia,New Zealand","LCD (LED)","0.24","2029-05-27","Available","https://global.hisense.com/","ATV6202",161767,107.95,4977.889999999999,55.02,229,4.5,4.7635216887896465,42.5,"1. ≤43 inches"
"HISENSE","43Q6NNZ","Australia,New Zealand","LCD (LED)","0.24","2029-05-27","Available","https://global.hisense.com/","ATV6202",161767,107.95,4977.889999999999,55.02,229,4.5,4.7635216887896465,42.5,"1. ≤43 inches"
"HISENSE","50Q6NAU","Australia,New Zealand","LCD (LED)","0.34","2029-05-27","Available","https://global.hisense.com/","ATV6201",161768,125.731,6754.867344,55.49,227,6,6.023006759011338,49.5003937007874,"2. 44–55 inches"
"HISENSE","50Q6NNZ","Australia,New Zealand","LCD (LED)","0.34","2029-05-27","Available","https://global.hisense.com/","ATV6201",161768,125.731,6754.867344,55.49,227,6,6.023006759011338,49.5003937007874,"2. 44–55 inches"
"HISENSE","55Q6NAU","Australia,New Zealand","LCD (LED)","0.26","2029-05-27","Available","https://global.hisense.com/","ATV6195",161769,138.783,8230.118400000001,59.97,239,6,6.601297491442197,54.63897637795275,"2. 44–55 inches"
"HISENSE","55Q6NNZ","Australia,New Zealand","LCD (LED)","0.26","2029-05-27","Available","https://global.hisense.com/","ATV6195",161769,138.783,8230.118400000001,59.97,239,6,6.601297491442197,54.63897637795275,"2. 44–55 inches"
"HISENSE","65Q6NAU","Australia,New Zealand","LCD (LED)","0.3","2029-05-29","Available","https://global.hisense.com/","ATV6205",161770,163.896,11478.122496000002,90.42,369,6,6.045013280653004,64.5259842519685,"3. 56–65 inches"
"HISENSE","65Q6NNZ","Australia,New Zealand","LCD (LED)","0.3","2029-05-29","Available","https://global.hisense.com/","ATV6205",161770,163.896,11478.122496000002,90.42,369,6,6.045013280653004,64.5259842519685,"3. 56–65 inches"
"HISENSE","75Q6NAU","Australia,New Zealand","LCD (LED)","0.26","2029-05-27","Available","https://global.hisense.com/","ATV6196",161771,189.34,15318.517823999999,120.56,489,6,6.011546682493634,74.54330708661418,"4. >65 inches"
"HISENSE","75Q6NNZ","Australia,New Zealand","LCD (LED)","0.26","2029-05-27","Available","https://global.hisense.com/","ATV6196",161771,189.34,15318.517823999999,120.56,489,6,6.011546682493634,74.54330708661418,"4. >65 inches"
"HISENSE","85Q6NAU","Australia,New Zealand","LCD (LED)","0.31","2029-05-29","Available","https://global.hisense.com/","ATV6208",161772,214.783,19712.16,172.13,696,5.5,5.515874271138391,84.56023622047243,"4. >65 inches"
"HISENSE","85Q6NNZ","Australia,New Zealand","LCD (LED)","0.31","2029-05-29","Available","https://global.hisense.com/","ATV6208",161772,214.783,19712.16,172.13,696,5.5,5.515874271138391,84.56023622047243,"4. >65 inches"
"SAMSUNG","QA65LST7DAW","Australia,Fiji,New Zealand","LCD (LED)","0.5","2029-06-02","Available",,"ATV6212",161802,163.897,11477.9975,260,952,1.5,1.7976189511715273,64.52637795275591,"3. 56–65 inches"
"SAMSUNG","QA65LST7DAS","Australia,Fiji,New Zealand","LCD (LED)","0.5","2029-06-02","Available",,"ATV6212",161802,163.897,11477.9975,260,952,1.5,1.7976189511715273,64.52637795275591,"3. 56–65 inches"
"SAMSUNG","QA65LST7DA*","Australia,Fiji,New Zealand","LCD (LED)","0.5","2029-06-02","Available",,"ATV6212",161802,163.897,11477.9975,260,952,1.5,1.7976189511715273,64.52637795275591,"3. 56–65 inches"
"SAMSUNG","QA75LST7DAW","Australia,Fiji,New Zealand","LCD (LED)","0.5","2029-06-02","Available",,"ATV6213",161804,189.338,15318.8066,322,1178,2,2.071514167786689,74.54251968503937,"4. >65 inches"
"SAMSUNG","QA75LST7DAS","Australia,Fiji,New Zealand","LCD (LED)","0.5","2029-06-02","Available",,"ATV6213",161804,189.338,15318.8066,322,1178,2,2.071514167786689,74.54251968503937,"4. >65 inches"
"SAMSUNG","QA75LST7DA*","Australia,Fiji,New Zealand","LCD (LED)","0.5","2029-06-02","Available",,"ATV6213",161804,189.338,15318.8066,322,1178,2,2.071514167786689,74.54251968503937,"4. >65 inches"
"WINTAL","19LED19HD","Australia","LCD (LED)","-","2029-06-17","Available",,"ATV6187",161837,47.013,944.1791999999999,19.4,72,4,4.395401082028128,18.509055118110236,"1. ≤43 inches"
"AIWA","AWC320G","Australia","LCD (LED)","0.4","2029-06-06","Available",,"ATV6222",161849,80.054,2736.1600000000003,28.6,116,5.5,5.56096171620154,31.517322834645668,"1. ≤43 inches"
"KOGAN","KAOD55X98JSTA","Australia,Fiji,New Zealand","OLED","0.35","2029-05-22","Available",,"ATV6190",161867,138.783,8230.118400000001,88.3,378,4.5,4.546877182237033,54.63897637795275,"2. 44–55 inches"
"KOGAN","KAOD55X98JSTB","Australia,Fiji,New Zealand","OLED","0.35","2029-05-22","Available",,"ATV6190",161867,138.783,8230.118400000001,88.3,378,4.5,4.546877182237033,54.63897637795275,"2. 44–55 inches"
"KOGAN","KAOD55X98JSTC","Australia,Fiji,New Zealand","OLED","0.35","2029-05-22","Available",,"ATV6190",161867,138.783,8230.118400000001,88.3,378,4.5,4.546877182237033,54.63897637795275,"2. 44–55 inches"
"KOGAN","KAOD55X98JSTD","Australia,Fiji,New Zealand","OLED","0.35","2029-05-22","Available",,"ATV6190",161867,138.783,8230.118400000001,88.3,378,4.5,4.546877182237033,54.63897637795275,"2. 44–55 inches"
"KOGAN","KAOD55X98JSTE","Australia,Fiji,New Zealand","OLED","0.35","2029-05-22","Available",,"ATV6190",161867,138.783,8230.118400000001,88.3,378,4.5,4.546877182237033,54.63897637795275,"2. 44–55 inches"
"KOGAN","KAOD55X98JST*","Australia,Fiji,New Zealand","OLED","0.35","2029-05-22","Available",,"ATV6190",161867,138.783,8230.118400000001,88.3,378,4.5,4.546877182237033,54.63897637795275,"2. 44–55 inches"
"SYLVOX","KT16K0KOGA","Australia,Fiji,New Zealand","LCD (LED)","-","2029-05-23","Available",,"ATV6191",162012,39.487,666.259344,14.7,56,4.5,4.692023881003697,15.546062992125984,"1. ≤43 inches"
"TCL","85C745 Pro","Australia,Fiji,New Zealand","LCD (LED)","0.381","2029-06-02","Available","https://www.tcl.com/au","ATV6211",162059,214.783,19712.16,160.8,750,5,5.181006667948202,84.56023622047243,"4. >65 inches"
"KOGAN","KALED19PRIZE","Australia,Fiji,New Zealand","LCD","0.234284","2029-05-26","Available",,"ATV6192",161820,47.013,944.1791999999999,15.8718,62,5,5.065515602883841,18.509055118110236,"1. ≤43 inches"
"HISENSE","43Q6N series","Australia,New Zealand","LCD (LED)","0.24","2029-05-27","Available","https://global.hisense.com/","ATV6202",161767,107.95,4977.889999999999,55.02,229,4.5,4.7635216887896465,42.5,"1. ≤43 inches"
"HISENSE","50Q6N series","Australia,New Zealand","LCD (LED)","0.34","2029-05-27","Available","https://global.hisense.com/","ATV6201",161768,125.731,6754.867344,55.49,227,6,6.023006759011338,49.5003937007874,"2. 44–55 inches"
"HISENSE","65Q6N series","Australia,New Zealand","LCD (LED)","0.3","2029-05-29","Available","https://global.hisense.com/","ATV6205",161770,163.896,11478.122496000002,90.42,369,6,6.045013280653004,64.5259842519685,"3. 56–65 inches"
"HISENSE","75Q6N series","Australia,New Zealand","LCD (LED)","0.26","2029-05-27","Available","https://global.hisense.com/","ATV6196",161771,189.34,15318.517823999999,120.56,489,6,6.011546682493634,74.54330708661418,"4. >65 inches"
"HISENSE","85Q6N series","Australia,New Zealand","LCD (LED)","0.31","2029-05-29","Available","https://global.hisense.com/","ATV6208",161772,214.783,19712.16,172.13,696,5.5,5.515874271138391,84.56023622047243,"4. >65 inches"
"TOSHIBA","55Z870NP","Australia,New Zealand","LCD (LED)","0.31","2029-05-27","Available","https://global.hisense.com/","ATV6200",162078,138.783,8230.118400000001,106.46,426,4,4.0111451391386845,54.63897637795275,"2. 44–55 inches"
"TOSHIBA","65Z870NP","Australia,New Zealand","LCD (LED)","0.33","2029-05-27","Available","https://global.hisense.com/","ATV6197",162079,163.896,11478.122496000002,157.4,639,3.5,3.584230492609061,64.5259842519685,"3. 56–65 inches"
"TOSHIBA","75Z870NP","Australia,New Zealand","LCD (LED)","0.3","2029-05-29","Available","https://global.hisense.com/","ATV6204",162080,189.34,15318.517823999999,169.46,683,4.5,4.514159157162802,74.54330708661418,"4. >65 inches"
"TOSHIBA","85Z870NP","Australia,New Zealand","LCD (LED)","0.32","2029-05-27","Available","https://global.hisense.com/","ATV6198",162081,214.783,19712.16,236.68,969,4,4.032905349977934,84.56023622047243,"4. >65 inches"
"TOSHIBA","100Z670NP","Australia,New Zealand","LCD (LED)","0.31","2029-05-29","Available","https://global.hisense.com/","ATV6203",162082,252.784,27304.2576,264.81,1070,5,5.005696950959268,99.52125984251968,"4. >65 inches"
"BAUHN","ATV70UHDW-0624","Australia","LCD (LED)","-","2029-05-27","Available",,"ATV6199",162085,176.555,13319.8528,109.038,400,6,6.314624076977698,69.50984251968504,"4. >65 inches"
"HISENSE","55Q6N series","Australia,New Zealand","LCD (LED)","0.26","2029-05-27","Available","https://global.hisense.com/","ATV6195",161769,138.783,8230.118400000001,59.97,239,6,6.601297491442197,54.63897637795275,"2. 44–55 inches"
"BLAUPUNKT","BP850WOSQ","Australia,Fiji,New Zealand","LCD","0.36","2029-06-11","Available","https://www.ayonz.com/","ATV6225",162156,214.783,19712.16,257.2,980,3.5,3.9823192599593313,84.56023622047243,"4. >65 inches"
"KOGAN","KALED55U94VA","Australia,Fiji,New Zealand","LCD (LED)","-","2029-05-30","Available",,"ATV6209",162190,138.711,8221.2,73.6,375,4.5,4.578108283365271,54.61062992125985,"2. 44–55 inches"
"KOGAN","KALED55U94VB","Australia,Fiji,New Zealand","LCD (LED)","-","2029-05-30","Available",,"ATV6209",162190,138.711,8221.2,73.6,375,4.5,4.578108283365271,54.61062992125985,"2. 44–55 inches"
"KOGAN","KALED55U94VC","Australia,Fiji,New Zealand","LCD (LED)","-","2029-05-30","Available",,"ATV6209",162190,138.711,8221.2,73.6,375,4.5,4.578108283365271,54.61062992125985,"2. 44–55 inches"
"KOGAN","KALED55U94V Series","Australia,Fiji,New Zealand","LCD (LED)","-","2029-05-30","Available",,"ATV6209",162190,138.711,8221.2,73.6,375,4.5,4.578108283365271,54.61062992125985,"2. 44–55 inches"
"SVISION","SVU50WOS","Australia,Fiji,New Zealand","LCD","-","2029-06-05","Available","https://www.ayonz.com/","ATV6220",162206,125.731,6754.867344,85.767,315,4.5,4.554792152697652,49.5003937007874,"2. 44–55 inches"
"BLAUPUNKT","BP85WOS2","Australia,Fiji,New Zealand","LCD (LED)","0.3","2029-06-11","Available","https://www.ayonz.com/","ATV6229",162209,214.696,19701.629999999997,197.27,722,5,5.349203658000996,84.5259842519685,"4. >65 inches"
"KOGAN","KALED55T96QA","Australia,Fiji,New Zealand","LCD (LED)","-","2029-06-04","Available",,"ATV6214",162230,138.783,8230.118400000001,115,425,4,4.02167727117258,54.63897637795275,"2. 44–55 inches"
"KOGAN","KALED55T96QB","Australia,Fiji,New Zealand","LCD (LED)","-","2029-06-04","Available",,"ATV6214",162230,138.783,8230.118400000001,115,425,4,4.02167727117258,54.63897637795275,"2. 44–55 inches"
"KOGAN","KALED55T96QC","Australia,Fiji,New Zealand","LCD (LED)","-","2029-06-04","Available",,"ATV6214",162230,138.783,8230.118400000001,115,425,4,4.02167727117258,54.63897637795275,"2. 44–55 inches"
"KOGAN","KAQL55T96QA","Australia,Fiji,New Zealand","LCD (LED)","-","2029-06-04","Available",,"ATV6214",162230,138.783,8230.118400000001,115,425,4,4.02167727117258,54.63897637795275,"2. 44–55 inches"
"KOGAN","KAQL55T96QB","Australia,Fiji,New Zealand","LCD (LED)","-","2029-06-04","Available",,"ATV6214",162230,138.783,8230.118400000001,115,425,4,4.02167727117258,54.63897637795275,"2. 44–55 inches"
"KOGAN","KAQL55T96QC","Australia,Fiji,New Zealand","LCD (LED)","-","2029-06-04","Available",,"ATV6214",162230,138.783,8230.118400000001,115,425,4,4.02167727117258,54.63897637795275,"2. 44–55 inches"
"KOGAN","KALED32T96QA","Australia,Fiji,New Zealand","LCD (LED)","-","2029-06-11","Available",,"ATV6227",162231,80.147,2743.6604655999995,35.2,145,4.5,4.570732207347719,31.55393700787402,"1. ≤43 inches"
"KOGAN","KALED32T96QB","Australia,Fiji,New Zealand","LCD (LED)","-","2029-06-11","Available",,"ATV6227",162231,80.147,2743.6604655999995,35.2,145,4.5,4.570732207347719,31.55393700787402,"1. ≤43 inches"
"KOGAN","KALED32T96QC","Australia,Fiji,New Zealand","LCD (LED)","-","2029-06-11","Available",,"ATV6227",162231,80.147,2743.6604655999995,35.2,145,4.5,4.570732207347719,31.55393700787402,"1. ≤43 inches"
"KOGAN","KALED32T96QD","Australia,Fiji,New Zealand","LCD (LED)","-","2029-06-11","Available",,"ATV6227",162231,80.147,2743.6604655999995,35.2,145,4.5,4.570732207347719,31.55393700787402,"1. ≤43 inches"
"KOGAN","KALED50T96QA","Australia,Fiji,New Zealand","LCD (LED)","-","2029-06-04","Available",,"ATV6215",162234,125.731,6754.867344,99.42,395,3.5,3.540587956597824,49.5003937007874,"2. 44–55 inches"
"KOGAN","KALED50T96QB","Australia,Fiji,New Zealand","LCD (LED)","-","2029-06-04","Available",,"ATV6215",162234,125.731,6754.867344,99.42,395,3.5,3.540587956597824,49.5003937007874,"2. 44–55 inches"
"KOGAN","KALED50T96QC","Australia,Fiji,New Zealand","LCD (LED)","-","2029-06-04","Available",,"ATV6215",162234,125.731,6754.867344,99.42,395,3.5,3.540587956597824,49.5003937007874,"2. 44–55 inches"
"KOGAN","KAQL50T96QA","Australia,Fiji,New Zealand","LCD (LED)","-","2029-06-04","Available",,"ATV6215",162234,125.731,6754.867344,99.42,395,3.5,3.540587956597824,49.5003937007874,"2. 44–55 inches"
"KOGAN","KAQL50T96QB","Australia,Fiji,New Zealand","LCD (LED)","-","2029-06-04","Available",,"ATV6215",162234,125.731,6754.867344,99.42,395,3.5,3.540587956597824,49.5003937007874,"2. 44–55 inches"
"KOGAN","KAQL50T96QC","Australia,Fiji,New Zealand","LCD (LED)","-","2029-06-04","Available",,"ATV6215",162234,125.731,6754.867344,99.42,395,3.5,3.540587956597824,49.5003937007874,"2. 44–55 inches"
"KOGAN","KALED65T96QA","Australia,Fiji,New Zealand","LCD (LED)","-","2029-06-04","Available",,"ATV6216",162235,163.896,11478.122496000002,147.44,580,4,4.018374120182047,64.5259842519685,"3. 56–65 inches"
"KOGAN","KALED65T96QB","Australia,Fiji,New Zealand","LCD (LED)","-","2029-06-04","Available",,"ATV6216",162235,163.896,11478.122496000002,147.44,580,4,4.018374120182047,64.5259842519685,"3. 56–65 inches"
"KOGAN","KALED65T96QC","Australia,Fiji,New Zealand","LCD (LED)","-","2029-06-04","Available",,"ATV6216",162235,163.896,11478.122496000002,147.44,580,4,4.018374120182047,64.5259842519685,"3. 56–65 inches"
"KOGAN","KAQL65T96QA","Australia,Fiji,New Zealand","LCD (LED)","-","2029-06-04","Available",,"ATV6216",162235,163.896,11478.122496000002,147.44,580,4,4.018374120182047,64.5259842519685,"3. 56–65 inches"
"KOGAN","KAQL65T96QB","Australia,Fiji,New Zealand","LCD (LED)","-","2029-06-04","Available",,"ATV6216",162235,163.896,11478.122496000002,147.44,580,4,4.018374120182047,64.5259842519685,"3. 56–65 inches"
"KOGAN","KAQL65T96QC","Australia,Fiji,New Zealand","LCD (LED)","-","2029-06-04","Available",,"ATV6216",162235,163.896,11478.122496000002,147.44,580,4,4.018374120182047,64.5259842519685,"3. 56–65 inches"
"KOGAN","KALED75T96QA","Australia,Fiji,New Zealand","LCD (LED)","-","2029-06-16","Available",,"ATV6232",162237,189.34,15318.517823999999,180,680,4.5,4.533886643683078,74.54330708661418,"4. >65 inches"
"KOGAN","KALED75T96QB","Australia,Fiji,New Zealand","LCD (LED)","-","2029-06-16","Available",,"ATV6232",162237,189.34,15318.517823999999,180,680,4.5,4.533886643683078,74.54330708661418,"4. >65 inches"
"KOGAN","KALED75T96QC","Australia,Fiji,New Zealand","LCD (LED)","-","2029-06-16","Available",,"ATV6232",162237,189.34,15318.517823999999,180,680,4.5,4.533886643683078,74.54330708661418,"4. >65 inches"
"KOGAN","KAQL75T96QA","Australia,Fiji,New Zealand","LCD (LED)","-","2029-06-16","Available",,"ATV6232",162237,189.34,15318.517823999999,180,680,4.5,4.533886643683078,74.54330708661418,"4. >65 inches"
"KOGAN","KAQL75T96QB","Australia,Fiji,New Zealand","LCD (LED)","-","2029-06-16","Available",,"ATV6232",162237,189.34,15318.517823999999,180,680,4.5,4.533886643683078,74.54330708661418,"4. >65 inches"
"KOGAN","KAQL75T96QC","Australia,Fiji,New Zealand","LCD (LED)","-","2029-06-16","Available",,"ATV6232",162237,189.34,15318.517823999999,180,680,4.5,4.533886643683078,74.54330708661418,"4. >65 inches"
"KOGAN","KALED42T96QA","Australia,Fiji,New Zealand","LCD (LED)","-","2029-06-11","Available",,"ATV6228",162239,105.055,4663.4174264,54.39,205,5,5.004339796237608,41.360236220472444,"1. ≤43 inches"
"KOGAN","KALED42T96QB","Australia,Fiji,New Zealand","LCD (LED)","-","2029-06-11","Available",,"ATV6228",162239,105.055,4663.4174264,54.39,205,5,5.004339796237608,41.360236220472444,"1. ≤43 inches"
"KOGAN","KALED42T96QC","Australia,Fiji,New Zealand","LCD (LED)","-","2029-06-11","Available",,"ATV6228",162239,105.055,4663.4174264,54.39,205,5,5.004339796237608,41.360236220472444,"1. ≤43 inches"
"KOGAN","KALED42T96QD","Australia,Fiji,New Zealand","LCD (LED)","-","2029-06-11","Available",,"ATV6228",162239,105.055,4663.4174264,54.39,205,5,5.004339796237608,41.360236220472444,"1. ≤43 inches"
"EKO","K65USTW","Australia,Fiji,New Zealand","LCD","0.42","2029-06-06","Available","https://www.ayonz.com/","ATV6223",162368,163.896,11478.122496000002,126.1,463,5,5.028042775750691,64.5259842519685,"3. 56–65 inches"
"KOGAN","KAOD65X98JSTA","Australia,Fiji,New Zealand","OLED","0.35","2029-06-05","Available",,"ATV6217",162367,163.897,11477.9975,112.7,459,5,5.066881362898524,64.52637795275591,"3. 56–65 inches"
"KOGAN","KAOD65X98JSTB","Australia,Fiji,New Zealand","OLED","0.35","2029-06-05","Available",,"ATV6217",162367,163.897,11477.9975,112.7,459,5,5.066881362898524,64.52637795275591,"3. 56–65 inches"
"KOGAN","KAOD65X98JSTC","Australia,Fiji,New Zealand","OLED","0.35","2029-06-05","Available",,"ATV6217",162367,163.897,11477.9975,112.7,459,5,5.066881362898524,64.52637795275591,"3. 56–65 inches"
"KOGAN","KAOD65X98JSTD","Australia,Fiji,New Zealand","OLED","0.35","2029-06-05","Available",,"ATV6217",162367,163.897,11477.9975,112.7,459,5,5.066881362898524,64.52637795275591,"3. 56–65 inches"
"KOGAN","KAOD65X98JSTE","Australia,Fiji,New Zealand","OLED","0.35","2029-06-05","Available",,"ATV6217",162367,163.897,11477.9975,112.7,459,5,5.066881362898524,64.52637795275591,"3. 56–65 inches"
"KOGAN","KAOD65X98JST*","Australia,Fiji,New Zealand","OLED","0.35","2029-06-05","Available",,"ATV6217",162367,163.897,11477.9975,112.7,459,5,5.066881362898524,64.52637795275591,"3. 56–65 inches"
"EKO","K55USTW","Australia,Fiji,New Zealand","LCD","0.44","2029-06-05","Available","https://www.ayonz.com/","ATV6221",162374,138.783,8230.118400000001,115.9,426,4,4.0111451391386845,54.63897637795275,"2. 44–55 inches"
"KOGAN","KALED32T96Q*","Australia,Fiji,New Zealand","LCD (LED)","-","2029-06-11","Available",,"ATV6227",162231,80.147,2743.6604655999995,35.2,145,4.5,4.570732207347719,31.55393700787402,"1. ≤43 inches"
"KOGAN","KALED42T96Q*","Australia,Fiji,New Zealand","LCD (LED)","-","2029-06-11","Available",,"ATV6228",162239,105.055,4663.4174264,54.39,205,5,5.004339796237608,41.360236220472444,"1. ≤43 inches"
"JVC","LT-55N7115A11E","Australia","LCD (LED)","0.4","2029-06-06","Available",,"ATV6224",162441,138.711,8221.2,60.9,247,6,6.449270084292677,54.61062992125985,"2. 44–55 inches"
"CHIQ","U98F8TG PRO","Australia,Fiji,New Zealand","LCD (LED)","0.4","2029-06-12","Available",,"ATV6230",162443,247.691,26210.260000000002,299.4,1233,4,4.191691627513516,97.51614173228346,"4. >65 inches"
"LOEWE","BILD S.77","Australia","OLED","0.42","2029-06-16","Available",,"ATV6233",162445,194.738,16204.123099999999,220,833,3.5,3.865573586776292,76.66850393700787,"4. >65 inches"
"LG","75UT80506LA","Australia,New Zealand","LCD (LED)","0.4","2029-06-13","Available",,"ATV6231",162457,189.275,15307.5663,165,605,5,5.054540009525431,74.51771653543307,"4. >65 inches"
"LINSAR","LS24HDNF-12V","Australia,Fiji,New Zealand","LCD","0.2","2029-06-11","Available",,"ATV6226",162484,59.774,1526.53,15.1,66,6,6.143886819769821,23.53307086614173,"1. ≤43 inches"
"BAUHN","ATV75UHDW-0924","Australia,Fiji,New Zealand","LCD","-","2029-07-02","Available",,"ATV6256",162485,189.34,15318.517823999999,133.54,490,6,6.002391582031314,74.54330708661418,"4. >65 inches"
"EKO","K50USW3","Australia,Fiji,New Zealand","LCD (LED)","0.37","2029-06-25","Available","https://www.ayonz.com/","ATV6246",162547,125.731,6754.867344,86,317,4.5,4.526428639549403,49.5003937007874,"2. 44–55 inches"
"KOGAN","KAQL55XQ98GSTA","Australia,Fiji,New Zealand","LCD (LED)","0.3","2029-06-16","Available",,"ATV6234",162553,138.783,8230.118400000001,92.8,378,4.5,4.546877182237033,54.63897637795275,"2. 44–55 inches"
"KOGAN","KAQL55XQ98GSTB","Australia,Fiji,New Zealand","LCD (LED)","0.3","2029-06-16","Available",,"ATV6234",162553,138.783,8230.118400000001,92.8,378,4.5,4.546877182237033,54.63897637795275,"2. 44–55 inches"
"KOGAN","KAQL55XQ98GSTC","Australia,Fiji,New Zealand","LCD (LED)","0.3","2029-06-16","Available",,"ATV6234",162553,138.783,8230.118400000001,92.8,378,4.5,4.546877182237033,54.63897637795275,"2. 44–55 inches"
"KOGAN","KAQL55XQ98GSTD","Australia,Fiji,New Zealand","LCD (LED)","0.3","2029-06-16","Available",,"ATV6234",162553,138.783,8230.118400000001,92.8,378,4.5,4.546877182237033,54.63897637795275,"2. 44–55 inches"
"KOGAN","KAQL55XQ98GSTE","Australia,Fiji,New Zealand","LCD (LED)","0.3","2029-06-16","Available",,"ATV6234",162553,138.783,8230.118400000001,92.8,378,4.5,4.546877182237033,54.63897637795275,"2. 44–55 inches"
"KOGAN","KAQL55XQ98GST*","Australia,Fiji,New Zealand","LCD (LED)","0.3","2029-06-16","Available",,"ATV6234",162553,138.783,8230.118400000001,92.8,378,4.5,4.546877182237033,54.63897637795275,"2. 44–55 inches"
"KOGAN","75T96 series","Australia,Fiji,New Zealand","LCD (LED)","-","2029-06-16","Available",,"ATV6232",162237,189.34,15318.517823999999,180,680,4.5,4.533886643683078,74.54330708661418,"4. >65 inches"
"AIWA","AWS400W","Australia","LCD (LED)","0.35","2029-06-18","Available",,"ATV6235",162640,100.332,4261.906885,48.76,198,4.5,4.811354439400725,39.5007874015748,"1. ≤43 inches"
"HISENSE","32A4NAU","Australia,New Zealand","LCD (LED)","0.31","2029-06-19","Available","https://global.hisense.com/","ATV6240",162651,80.04,2736.7587940000003,22.8,93,6,6.552094678514144,31.511811023622048,"1. ≤43 inches"
"HISENSE","40A4NAU","Australia,New Zealand","LCD (LED)","0.28","2029-06-18","Available","https://global.hisense.com/","ATV6236",162652,100.332,4261.906885,29.07,121,7,7.018348467224255,39.5007874015748,"1. ≤43 inches"
"HISENSE","32A4NNZ","Australia,New Zealand","LCD (LED)","0.31","2029-06-19","Available","https://global.hisense.com/","ATV6240",162651,80.04,2736.7587940000003,22.8,93,6,6.552094678514144,31.511811023622048,"1. ≤43 inches"
"HISENSE","32A4N","Australia,New Zealand","LCD (LED)","0.31","2029-06-19","Available","https://global.hisense.com/","ATV6240",162651,80.04,2736.7587940000003,22.8,93,6,6.552094678514144,31.511811023622048,"1. ≤43 inches"
"HISENSE","40A4NNZ","Australia,New Zealand","LCD (LED)","0.28","2029-06-18","Available","https://global.hisense.com/","ATV6236",162652,100.332,4261.906885,29.07,121,7,7.018348467224255,39.5007874015748,"1. ≤43 inches"
"HISENSE","40A4N","Australia,New Zealand","LCD (LED)","0.28","2029-06-18","Available","https://global.hisense.com/","ATV6236",162652,100.332,4261.906885,29.07,121,7,7.018348467224255,39.5007874015748,"1. ≤43 inches"
"EKO","K320HGT","Australia,Fiji,New Zealand","LCD","0.4","2029-06-26","Available","https://www.ayonz.com/","ATV6253",162653,80.039,2736.7112736,29.6,130,5,5.051048463058364,31.511417322834646,"1. ≤43 inches"
"HISENSE","100Q7NAU","Australia","LCD (LED)","0.33","2029-06-19","Available","https://global.hisense.com/","ATV6239",162083,252.784,27304.2576,252.1,999,5,5.313387441690587,99.52125984251968,"4. >65 inches"
"HISENSE","75U8NAU","Australia","LCD (LED)","0.31","2029-06-19","Available","https://global.hisense.com/","ATV6237",162656,189.34,15318.517823999999,177.17,720,4,4.277735778003507,74.54330708661418,"4. >65 inches"
"HISENSE","85U8NAU","Australia","LCD (LED)","0.31","2029-06-19","Available","https://global.hisense.com/","ATV6241",162654,214.783,19712.16,262.49,1079,3.5,3.5510390682319684,84.56023622047243,"4. >65 inches"
"HISENSE","65UXAU","Australia","LCD (LED)","0.38","2029-06-20","Available","https://global.hisense.com/","ATV6243",162667,163.896,11478.122496000002,137.97,569,4,4.104182871102088,64.5259842519685,"3. 56–65 inches"
"BROOKLYN","BM32WOSDVD","Australia,Fiji,New Zealand","LCD (LED)","0.36","2029-06-23","Available","https://www.ayonz.com/","ATV6244",162688,80.039,2736.70931232,33.5,125,5,5.226810398773459,31.511417322834646,"1. ≤43 inches"
"LINSAR","LS60UHDNF23","Australia,Fiji,New Zealand","LCD","-","2029-06-27","Available",,"ATV6254",162697,152.663,9958.2104,81.288,299,6,6.3902899068173715,60.10354330708662,"3. 56–65 inches"
"BLAUPUNKT","BP320HSG9700","Australia,Fiji,New Zealand","LCD (LED)","0.41662","2029-06-23","Available","https://www.ayonz.com/","ATV6245",162737,80.039,2736.70931232,24.687,130,5,5.051045905816841,31.511417322834646,"1. ≤43 inches"
"EKO","K55USW3","Australia,Fiji,New Zealand","LCD","-","2029-07-03","Available","https://www.ayonz.com/","ATV6258",162752,138.783,8230.118400000001,87.3,323,5,5.251544072545316,54.63897637795275,"2. 44–55 inches"
"SAMSUNG","UA43DUE800W","Australia,Fiji,New Zealand","LCD (LED)","0.5","2029-06-25","Available",,"ATV6247",162769,107.987,4982.7128,71,262,4,4.164026395642909,42.514566929133856,"1. ≤43 inches"
"SAMSUNG","UA43DUE800S","Australia,Fiji,New Zealand","LCD (LED)","0.5","2029-06-25","Available",,"ATV6247",162769,107.987,4982.7128,71,262,4,4.164026395642909,42.514566929133856,"1. ≤43 inches"
"SAMSUNG","UA43DUE800*","Australia,Fiji,New Zealand","LCD (LED)","0.5","2029-06-25","Available",,"ATV6247",162769,107.987,4982.7128,71,262,4,4.164026395642909,42.514566929133856,"1. ≤43 inches"
"SAMSUNG","UA50DUE800W","Australia,Fiji,New Zealand","LCD (LED)","0.5","2029-06-26","Available",,"ATV6251",162770,125.727,6754.5112,83,306,4.5,4.6844833952553016,49.4988188976378,"2. 44–55 inches"
"SAMSUNG","UA50DUE800S","Australia,Fiji,New Zealand","LCD (LED)","0.5","2029-06-26","Available",,"ATV6251",162770,125.727,6754.5112,83,306,4.5,4.6844833952553016,49.4988188976378,"2. 44–55 inches"
"SAMSUNG","UA50DUE800*","Australia,Fiji,New Zealand","LCD (LED)","0.5","2029-06-26","Available",,"ATV6251",162770,125.727,6754.5112,83,306,4.5,4.6844833952553016,49.4988188976378,"2. 44–55 inches"
"SAMSUNG","UA55DUE800W","Australia,Fiji,New Zealand","LCD (LED)","0.5","2029-06-26","Available",,"ATV6252",162773,138.783,8230.118400000001,97,357,4.5,4.803028047916603,54.63897637795275,"2. 44–55 inches"
"SAMSUNG","UA55DUE800S","Australia,Fiji,New Zealand","LCD (LED)","0.5","2029-06-26","Available",,"ATV6252",162773,138.783,8230.118400000001,97,357,4.5,4.803028047916603,54.63897637795275,"2. 44–55 inches"
"SAMSUNG","UA55DUE800*","Australia,Fiji,New Zealand","LCD (LED)","0.5","2029-06-26","Available",,"ATV6252",162773,138.783,8230.118400000001,97,357,4.5,4.803028047916603,54.63897637795275,"2. 44–55 inches"
"SAMSUNG","UA65DUE800W","Australia,Fiji,New Zealand","LCD (LED)","0.5","2029-06-25","Available",,"ATV6248",162775,163.897,11477.9975,122,448,5,5.175587070514531,64.52637795275591,"3. 56–65 inches"
"SAMSUNG","UA65DUE800S","Australia,Fiji,New Zealand","LCD (LED)","0.5","2029-06-25","Available",,"ATV6248",162775,163.897,11477.9975,122,448,5,5.175587070514531,64.52637795275591,"3. 56–65 inches"
"SAMSUNG","UA65DUE800*","Australia,Fiji,New Zealand","LCD (LED)","0.5","2029-06-25","Available",,"ATV6248",162775,163.897,11477.9975,122,448,5,5.175587070514531,64.52637795275591,"3. 56–65 inches"
"SAMSUNG","UA75DUE800W","Australia,Fiji,New Zealand","LCD (LED)","0.5","2029-06-25","Available",,"ATV6250",162776,189.338,15318.8066,163,598,5,5.109839076877291,74.54251968503937,"4. >65 inches"
"SAMSUNG","UA85DUE800W","Australia,Fiji,New Zealand","LCD (LED)","0.5","2029-06-25","Available",,"ATV6249",162778,214.783,19712.16,195,715,5,5.395176710303825,84.56023622047243,"4. >65 inches"
"AIWA","AWS700W","Australia","LCD (LED)","0.28","2029-07-24","Available",,"ATV6282",162825,176.563,13320.853056,140.89,576,4.5,4.68082480321312,69.51299212598424,"4. >65 inches"
"KOGAN","KAQL85T96QA","Australia,Fiji,New Zealand","LCD (LED)","-","2029-07-01","Available",,"ATV6255",162831,215.329,19712.159766,280.55,1090,3.5,3.5055839279471974,84.7751968503937,"4. >65 inches"
"KOGAN","KAQL85T96QB","Australia,Fiji,New Zealand","LCD (LED)","-","2029-07-01","Available",,"ATV6255",162831,215.329,19712.159766,280.55,1090,3.5,3.5055839279471974,84.7751968503937,"4. >65 inches"
"KOGAN","KAQL85T96QC","Australia,Fiji,New Zealand","LCD (LED)","-","2029-07-01","Available",,"ATV6255",162831,215.329,19712.159766,280.55,1090,3.5,3.5055839279471974,84.7751968503937,"4. >65 inches"
"KOGAN","KAQL85T96QD","Australia,Fiji,New Zealand","LCD (LED)","-","2029-07-01","Available",,"ATV6255",162831,215.329,19712.159766,280.55,1090,3.5,3.5055839279471974,84.7751968503937,"4. >65 inches"
"KOGAN","**********85**********","Australia,Fiji,New Zealand","LCD (LED)","-","2029-07-01","Available",,"ATV6255",162831,215.329,19712.159766,280.55,1090,3.5,3.5055839279471974,84.7751968503937,"4. >65 inches"
"LG","43UT801C0LA","Australia,New Zealand","LCD (LED)","0.4","2029-07-09","Available",,"ATV6265",162888,107.987,4982.7128,73,269,4,4.045865347808662,42.514566929133856,"1. ≤43 inches"
"LG","43UT801C0SB","Australia,New Zealand","LCD (LED)","0.4","2029-07-10","Available",,"ATV6271",162889,107.987,4982.7128,70,258,4,4.232972680439712,42.514566929133856,"1. ≤43 inches"
"LG","50UT801C0LA","Australia,New Zealand","LCD (LED)","0.4","2029-07-10","Available",,"ATV6272",162891,125.727,6754.5112,83,305,4.5,4.699152541308104,49.4988188976378,"2. 44–55 inches"
"LG","50UT801C0SB","Australia,New Zealand","LCD (LED)","0.4","2029-07-09","Available",,"ATV6266",162896,125.727,6754.5112,83,305,4.5,4.699152541308104,49.4988188976378,"2. 44–55 inches"
"LG","55UT801C0LA","Australia,New Zealand","LCD (LED)","0.4","2029-07-09","Available",,"ATV6267",162898,138.783,8230.118400000001,97,357,4.5,4.803028047916603,54.63897637795275,"2. 44–55 inches"
"LG","55UT801C0SB","Australia,New Zealand","LCD (LED)","0.4","2029-07-10","Available",,"ATV6273",162899,138.783,8230.118400000001,97,357,4.5,4.803028047916603,54.63897637795275,"2. 44–55 inches"
"LG","65UT801C0LA","Australia,New Zealand","LCD (LED)","0.4","2029-07-10","Available",,"ATV6274",162901,163.897,11477.9975,120,441,5,5.246162074252658,64.52637795275591,"3. 56–65 inches"
"LG","65UT801C0SB","Australia,New Zealand","LCD (LED)","0.4","2029-07-10","Available",,"ATV6275",162903,163.897,11477.9975,120,441,5,5.246162074252658,64.52637795275591,"3. 56–65 inches"
"LG","75UT801C0SB","Australia,New Zealand","LCD (LED)","0.4","2029-07-09","Available",,"ATV6268",162904,189.275,15307.5663,165,605,5,5.054540009525431,74.51771653543307,"4. >65 inches"
"LG","75UT811C0LA","Australia,New Zealand","LCD (LED)","0.4","2029-07-09","Available",,"ATV6269",162906,189.275,15307.5663,165,605,5,5.054540009525431,74.51771653543307,"4. >65 inches"
"LG","86UT801C0SB","Australia,New Zealand","LCD (LED)","0.4","2029-07-10","Available",,"ATV6276",162907,217.425,20200.7,212,776,5,5.134275172185824,85.60039370078741,"4. >65 inches"
"LG","86UT811C0LA","Australia,New Zealand","LCD (LED)","0.4","2029-07-09","Available",,"ATV6270",162908,217.425,20200.7,212,776,5,5.134275172185824,85.60039370078741,"4. >65 inches"
"EKO","K70USW3","Australia,Fiji,New Zealand","LCD","-","2029-07-03","Available","https://www.ayonz.com/","ATV6259",162926,176.538,13380.468019200001,143.1,530,5,5.072829956027233,69.50314960629922,"4. >65 inches"
"EKO","K750UGT2","Australia,Fiji,New Zealand","LCD","-","2029-07-03","Available","https://www.ayonz.com/","ATV6260",162964,189.34,15318.517823999999,163.1,610,5,5.020720524218696,74.54330708661418,"4. >65 inches"
"EKO","K75USWW","Australia,Fiji,New Zealand","LCD","-","2029-07-03","Available","https://www.ayonz.com/","ATV6257",162967,189.34,15318.517823999999,162.1,600,5,5.094795270514794,74.54330708661418,"4. >65 inches"
"EKO","K700UGT2","Australia,Fiji,New Zealand","LCD","-","2029-07-03","Available","https://www.ayonz.com/","ATV6261",162968,176.538,13380.468019200001,142.1,530,5,5.072829956027233,69.50314960629922,"4. >65 inches"
"AIWA","AWS500G","Australia","OLED","0.35","2029-09-19","Available",,"ATV6311",163030,125.731,6754.867344,64.6,276,5,5.1471093957013325,49.5003937007874,"2. 44–55 inches"
"EKO","K550UAT","Australia,Fiji,New Zealand","LCD","0.4","2028-09-06","Available","https://www.ayonz.com/","ATV5769",156534,138.798,8228,110.12,404,4,4.247706889147649,54.64488188976378,"2. 44–55 inches"
"EKO","K550UATW","Australia,Fiji,New Zealand","LCD","0.4","2028-09-06","Available","https://www.ayonz.com/","ATV5769",156534,138.798,8228,110.12,404,4,4.247706889147649,54.64488188976378,"2. 44–55 inches"
"KOGAN","KALED100T96QA","Australia,Fiji,New Zealand","LCD (LED)","-","2029-07-09","Available",,"ATV6264",162834,253.136,27304.25509,379.07,1497,3.5,3.5008157002390408,99.65984251968504,"4. >65 inches"
"KOGAN","KALED100T96QB","Australia,Fiji,New Zealand","LCD (LED)","-","2029-07-09","Available",,"ATV6264",162834,253.136,27304.25509,379.07,1497,3.5,3.5008157002390408,99.65984251968504,"4. >65 inches"
"KOGAN","KALED100T96QC","Australia,Fiji,New Zealand","LCD (LED)","-","2029-07-09","Available",,"ATV6264",162834,253.136,27304.25509,379.07,1497,3.5,3.5008157002390408,99.65984251968504,"4. >65 inches"
"KOGAN","KAQL100T96QA","Australia,Fiji,New Zealand","LCD (LED)","-","2029-07-09","Available",,"ATV6264",162834,253.136,27304.25509,379.07,1497,3.5,3.5008157002390408,99.65984251968504,"4. >65 inches"
"KOGAN","KAQL100T96QB","Australia,Fiji,New Zealand","LCD (LED)","-","2029-07-09","Available",,"ATV6264",162834,253.136,27304.25509,379.07,1497,3.5,3.5008157002390408,99.65984251968504,"4. >65 inches"
"KOGAN","KAQL100T96QC","Australia,Fiji,New Zealand","LCD (LED)","-","2029-07-09","Available",,"ATV6264",162834,253.136,27304.25509,379.07,1497,3.5,3.5008157002390408,99.65984251968504,"4. >65 inches"
"KOGAN","**********100**********","Australia,Fiji,New Zealand","LCD (LED)","-","2029-07-09","Available",,"ATV6264",162834,253.136,27304.25509,379.07,1497,3.5,3.5008157002390408,99.65984251968504,"4. >65 inches"
"KOGAN","KAQL65XQ98GSTB","Australia,Fiji,New Zealand","LCD (LED)","0.3","2029-07-28","Available",,"ATV6283",163413,163.896,11478.122496000002,144.5,579,4,4.026107375108334,64.5259842519685,"3. 56–65 inches"
"KOGAN","KAQL65XQ98GSTC","Australia,Fiji,New Zealand","LCD (LED)","0.3","2029-07-28","Available",,"ATV6283",163413,163.896,11478.122496000002,144.5,579,4,4.026107375108334,64.5259842519685,"3. 56–65 inches"
"KOGAN","KAQL65XQ98GSTD","Australia,Fiji,New Zealand","LCD (LED)","0.3","2029-07-28","Available",,"ATV6283",163413,163.896,11478.122496000002,144.5,579,4,4.026107375108334,64.5259842519685,"3. 56–65 inches"
"KOGAN","KAQL65XQ98GSTE","Australia,Fiji,New Zealand","LCD (LED)","0.3","2029-07-28","Available",,"ATV6283",163413,163.896,11478.122496000002,144.5,579,4,4.026107375108334,64.5259842519685,"3. 56–65 inches"
"KOGAN","KAQL65XQ98GST*","Australia,Fiji,New Zealand","LCD (LED)","0.3","2029-07-28","Available",,"ATV6283",163413,163.896,11478.122496000002,144.5,579,4,4.026107375108334,64.5259842519685,"3. 56–65 inches"
"KOGAN","KAQL70T96QA","Australia,Fiji,New Zealand","LCD (LED)","-","2029-07-22","Available",,"ATV6277",163478,176.538,13380.468019200001,138.82,538,5,5.005691320259438,69.50314960629922,"4. >65 inches"
"KOGAN","KAQL70T96QB","Australia,Fiji,New Zealand","LCD (LED)","-","2029-07-22","Available",,"ATV6277",163478,176.538,13380.468019200001,138.82,538,5,5.005691320259438,69.50314960629922,"4. >65 inches"
"KOGAN","KAQL70T96QC","Australia,Fiji,New Zealand","LCD (LED)","-","2029-07-22","Available",,"ATV6277",163478,176.538,13380.468019200001,138.82,538,5,5.005691320259438,69.50314960629922,"4. >65 inches"
"KOGAN","KAQL70T96QD","Australia,Fiji,New Zealand","LCD (LED)","-","2029-07-22","Available",,"ATV6277",163478,176.538,13380.468019200001,138.82,538,5,5.005691320259438,69.50314960629922,"4. >65 inches"
"KOGAN","**********70**********","Australia,Fiji,New Zealand","LCD (LED)","-","2029-07-22","Available",,"ATV6277",163478,176.538,13380.468019200001,138.82,538,5,5.005691320259438,69.50314960629922,"4. >65 inches"
"EKO","K550UGT2","Australia,Fiji,New Zealand","LCD","0.4","2029-07-24","Available","https://www.ayonz.com/","ATV6279",163494,138.783,8230.118400000001,88.8,340,5,5.02167727117258,54.63897637795275,"2. 44–55 inches"
"EKO","K65USW3","Australia,Fiji,New Zealand","LCD","0.35","2029-07-24","Available","https://www.ayonz.com/","ATV6281",163530,165.366,11728.502925999997,120,465,5,5.099926865732628,65.10472440944882,"4. >65 inches"
"TCL","85C655","Australia,Fiji,New Zealand","LCD (LED)","0.378","2029-03-04","Available","https://www.tcl.com/au","ATV6059",159829,214.783,19712.16,191,840,4.5,4.673133217698123,84.56023622047243,"4. >65 inches"
"HISENSE","70A6NNZ","Australia,New Zealand","LCD (LED)","0.35","2029-07-29","Available","https://global.hisense.com/","ATV6285",163618,176.537,13380.450588,103.99,430,6,6.0098525976602755,69.50275590551182,"4. >65 inches"
"HISENSE","70A6NAU","Australia,New Zealand","LCD (LED)","0.35","2029-07-29","Available","https://global.hisense.com/","ATV6285",163618,176.537,13380.450588,103.99,430,6,6.0098525976602755,69.50275590551182,"4. >65 inches"
"HISENSE","70A6N Series","Australia,New Zealand","LCD (LED)","0.35","2029-07-29","Available","https://global.hisense.com/","ATV6285",163618,176.537,13380.450588,103.99,430,6,6.0098525976602755,69.50275590551182,"4. >65 inches"
"TOSHIBA","32V35NP","Australia,New Zealand","LCD (LED)","0.27","2029-07-29","Available","https://global.hisense.com/","ATV6284",163621,80.039,2736.689025,24.17,97,6,6.363284451982482,31.511417322834646,"1. ≤43 inches"
"TOSHIBA","43V35NP","Australia,New Zealand","LCD (LED)","0.27","2029-07-29","Available","https://global.hisense.com/","ATV6286",163622,107.954,4979.71325,33.62,137,7,7.067250024200782,42.5015748031496,"1. ≤43 inches"
"HISENSE","65U8NAU","Australia","LCD (LED)","0.35","2029-06-19","Available","https://global.hisense.com/","ATV6242",162655,163.896,11478.122496000002,151.8,639,3.5,3.584230492609061,64.5259842519685,"3. 56–65 inches"
"HISENSE","65U8NNZ","Australia","LCD (LED)","0.35","2029-06-19","Available","https://global.hisense.com/","ATV6242",162655,163.896,11478.122496000002,151.8,639,3.5,3.584230492609061,64.5259842519685,"3. 56–65 inches"
"HISENSE","65U8N Series","Australia","LCD (LED)","0.35","2029-06-19","Available","https://global.hisense.com/","ATV6242",162655,163.896,11478.122496000002,151.8,639,3.5,3.584230492609061,64.5259842519685,"3. 56–65 inches"
"JVC","AV-J193152A","Australia","LCD","0.3","2030-03-30","Available",,"ATV6676",163671,47.013,944.1791999999999,19.4,73,4,4.333587410734022,18.509055118110236,"1. ≤43 inches"
"JVC","AV-J193155A","Australia","LCD","0.3","2030-03-30","Available",,"ATV6676",163671,47.013,944.1791999999999,19.4,73,4,4.333587410734022,18.509055118110236,"1. ≤43 inches"
"JVC","19"" smart","Australia","LCD","0.3","2030-03-30","Available",,"ATV6676",163671,47.013,944.1791999999999,19.4,73,4,4.333587410734022,18.509055118110236,"1. ≤43 inches"
"LG","43UM662H4LC","Australia,New Zealand","LCD (LED)","0.4","2029-08-08","Available",,"ATV6290",163703,107.987,4982.7128,36,134,7,7.168839664326816,42.514566929133856,"1. ≤43 inches"
"LG","50UM662H4LC","Australia,New Zealand","LCD (LED)","0.4","2029-08-08","Available",,"ATV6287",163734,125.727,6754.5112,40,149,7,7.909487173175795,49.4988188976378,"2. 44–55 inches"
"LG","55UM662H4LC","Australia,New Zealand","LCD (LED)","0.4","2029-08-08","Available",,"ATV6291",163735,138.783,8230.118400000001,49,181,7,7.846982249207294,54.63897637795275,"2. 44–55 inches"
"LG","65UM662H4LC","Australia,New Zealand","LCD (LED)","0.4","2029-08-08","Available",,"ATV6288",163736,163.897,11477.9975,56,207,8,8.635576994500521,64.52637795275591,"3. 56–65 inches"
"TCL","85A300W","Australia,Fiji,New Zealand","LCD (LED)","0.233","2029-08-08","Available","https://www.tcl.com/au","ATV6292",163739,214.783,19712.16,143.6,600,6,6.1810066679482025,84.56023622047243,"4. >65 inches"
"TCL","75A300W","Australia,Fiji,New Zealand","LCD (LED)","0.301","2029-08-08","Available","https://www.tcl.com/au","ATV6293",163755,189.306,15312,115.4,500,5.5,5.910030969707462,74.52992125984252,"4. >65 inches"
"TCL","65A300W","Australia,Fiji,New Zealand","LCD (LED)","0.254","2029-08-08","Available","https://www.tcl.com/au","ATV6295",163758,163.829,11466.84,103.5,425,5,5.407668463269548,64.4996062992126,"3. 56–65 inches"
"TCL","55A300W","Australia,Fiji,New Zealand","LCD (LED)","0.249","2029-08-08","Available","https://www.tcl.com/au","ATV6294",163759,138.711,8221.2,90.7,372,4.5,4.614103819198409,54.61062992125985,"2. 44–55 inches"
"EKO","K400FAT","Australia,Fiji,New Zealand","LCD (LED)","-","2029-08-27","Available","https://www.ayonz.com/","ATV6298",163784,100.332,4261.934154240001,40,166,5.5,5.601360409309915,39.5007874015748,"1. ≤43 inches"
"LG","98UT9050PSA","Australia,Fiji,New Zealand","LCD (LED)","0.39","2029-08-08","Available",,"ATV6289",163822,247.695,26215.994974999998,354.9,1434,3.5,3.5158736280957794,97.51771653543307,"4. >65 inches"
"LG","98UT91006LA","Australia,Fiji,New Zealand","LCD (LED)","0.39","2029-08-08","Available",,"ATV6289",163822,247.695,26215.994974999998,354.9,1434,3.5,3.5158736280957794,97.51771653543307,"4. >65 inches"
"LG","98UT90006LA","Australia,Fiji,New Zealand","LCD (LED)","0.39","2029-08-08","Available",,"ATV6289",163822,247.695,26215.994974999998,354.9,1434,3.5,3.5158736280957794,97.51771653543307,"4. >65 inches"
"LG","98UT9000PUA","Australia,Fiji,New Zealand","LCD (LED)","0.39","2029-08-08","Available",,"ATV6289",163822,247.695,26215.994974999998,354.9,1434,3.5,3.5158736280957794,97.51771653543307,"4. >65 inches"
"LG","98UT9300KNA","Australia,Fiji,New Zealand","LCD (LED)","0.39","2029-08-08","Available",,"ATV6289",163822,247.695,26215.994974999998,354.9,1434,3.5,3.5158736280957794,97.51771653543307,"4. >65 inches"
"LG","98UT9######","Australia,Fiji,New Zealand","LCD (LED)","0.39","2029-08-08","Available",,"ATV6289",163822,247.695,26215.994974999998,354.9,1434,3.5,3.5158736280957794,97.51771653543307,"4. >65 inches"
"AIWA","AWC240WZ","Australia,Fiji,New Zealand","LCD (LED)","-","2029-08-19","Available",,"ATV6296",164012,59.774,1526.53,26.3,105,4,4.063138326718788,23.53307086614173,"1. ≤43 inches"
"AIWA","AWC320WZ","Australia,Fiji,New Zealand","LCD (LED)","-","2029-08-20","Available",,"ATV6297",164013,79.967,2732.2400000000002,38.6,145,4.5,4.555846834752298,31.48307086614173,"1. ≤43 inches"
"KOGAN","KAQL75XQ98GSVA","Australia,Fiji,New Zealand","LCD (LED)","-","2029-09-02","Available",,"ATV6304",164014,189.306,15312,159.6,643,4.5,4.782789674433651,74.52992125984252,"4. >65 inches"
"KOGAN","KAQL75XQ98GSVB","Australia,Fiji,New Zealand","LCD (LED)","-","2029-09-02","Available",,"ATV6304",164014,189.306,15312,159.6,643,4.5,4.782789674433651,74.52992125984252,"4. >65 inches"
"KOGAN","KAQL75XQ98GSVC","Australia,Fiji,New Zealand","LCD (LED)","-","2029-09-02","Available",,"ATV6304",164014,189.306,15312,159.6,643,4.5,4.782789674433651,74.52992125984252,"4. >65 inches"
"QBELL","QT50WX8A","Australia,Fiji,New Zealand","LCD (LED)","0.37","2029-08-27","Available","https://www.ayonz.com/","ATV6299",164193,125.731,6754.867344,94.37,400,3,3.4842171489595257,49.5003937007874,"2. 44–55 inches"
"QBELL","QT70WX8A","Australia,Fiji,New Zealand","LCD (LED)","0.39","2029-08-27","Available","https://www.ayonz.com/","ATV6300",164195,176.538,13380.468019200001,128.9,550,4.5,4.9068324559328165,69.50314960629922,"4. >65 inches"
"SPHERE","S924TVSB","Australia,New Zealand","LCD (LED)","0.39","2029-08-28","Available","https://www.coastrv.com.au/","ATV6302",164202,60.47,1562.462784,19.64,74,5.5,5.702901571552478,23.807086614173226,"1. ≤43 inches"
"SPHERE","S924TVDVDSB","Australia,New Zealand","LCD (LED)","0.39","2029-08-28","Available","https://www.coastrv.com.au/","ATV6302",164202,60.47,1562.462784,19.64,74,5.5,5.702901571552478,23.807086614173226,"1. ≤43 inches"
"SPHERE","S927TVSB","Australia,New Zealand","LCD (LED)","0.3","2029-08-28","Available","https://www.coastrv.com.au/","ATV6301",164205,68.599,2010.76909056,24.6,92,5.5,5.537230124415072,27.00748031496063,"1. ≤43 inches"
"SPHERE","S927TVDVDSB","Australia,New Zealand","LCD (LED)","0.3","2029-08-28","Available","https://www.coastrv.com.au/","ATV6301",164205,68.599,2010.76909056,24.6,92,5.5,5.537230124415072,27.00748031496063,"1. ≤43 inches"
"SPHERE","S924","Australia,New Zealand","LCD (LED)","0.39","2029-08-28","Available","https://www.coastrv.com.au/","ATV6302",164202,60.47,1562.462784,19.64,74,5.5,5.702901571552478,23.807086614173226,"1. ≤43 inches"
"SPHERE","S927","Australia,New Zealand","LCD (LED)","0.3","2029-08-28","Available","https://www.coastrv.com.au/","ATV6301",164205,68.599,2010.76909056,24.6,92,5.5,5.537230124415072,27.00748031496063,"1. ≤43 inches"
"BAUHN","ATV32HDW-0824","Australia","LCD (LED)","-","2029-09-10","Available",,"ATV6306",164261,80.043,2737.0770999999995,27.14,101,6,6.182698305345105,31.512992125984255,"1. ≤43 inches"
"KOGAN","KAQL75XQ98GSVA series","Australia,Fiji,New Zealand","LCD (LED)","-","2029-09-02","Available",,"ATV6304",164014,189.306,15312,159.6,643,4.5,4.782789674433651,74.52992125984252,"4. >65 inches"
"KOGAN","KAQL85XQ98GSVA","Australia,Fiji,New Zealand","LCD (LED)","-","2029-09-02","Available",,"ATV6303",164267,214.783,19712.16,226.38,868,4.5,4.5261882460425475,84.56023622047243,"4. >65 inches"
"KOGAN","KAQL85XQ98GSVB","Australia,Fiji,New Zealand","LCD (LED)","-","2029-09-02","Available",,"ATV6303",164267,214.783,19712.16,226.38,868,4.5,4.5261882460425475,84.56023622047243,"4. >65 inches"
"KOGAN","KAQL85XQ98GSVC","Australia,Fiji,New Zealand","LCD (LED)","-","2029-09-02","Available",,"ATV6303",164267,214.783,19712.16,226.38,868,4.5,4.5261882460425475,84.56023622047243,"4. >65 inches"
"KOGAN","KAQL85XQ98GS series","Australia,Fiji,New Zealand","LCD (LED)","-","2029-09-02","Available",,"ATV6303",164267,214.783,19712.16,226.38,868,4.5,4.5261882460425475,84.56023622047243,"4. >65 inches"
"KOGAN","KALED32F98VA","Australia,Fiji,New Zealand","LCD (LED)","-","2029-09-05","Available",,"ATV6305",164364,79.967,2732.2400000000002,37.86,152,4,4.3445623134294555,31.48307086614173,"1. ≤43 inches"
"KOGAN","KALED32F98VB","Australia,Fiji,New Zealand","LCD (LED)","-","2029-09-05","Available",,"ATV6305",164364,79.967,2732.2400000000002,37.86,152,4,4.3445623134294555,31.48307086614173,"1. ≤43 inches"
"KOGAN","KALED32F98VC","Australia,Fiji,New Zealand","LCD (LED)","-","2029-09-05","Available",,"ATV6305",164364,79.967,2732.2400000000002,37.86,152,4,4.3445623134294555,31.48307086614173,"1. ≤43 inches"
"KOGAN","KALED32F98 series","Australia,Fiji,New Zealand","LCD (LED)","-","2029-09-05","Available",,"ATV6305",164364,79.967,2732.2400000000002,37.86,152,4,4.3445623134294555,31.48307086614173,"1. ≤43 inches"
"TECO","LED32IHRK","Australia,Fiji,New Zealand","LCD (LED)","0.32","2029-09-17","Available","https://www.teco.com.au/","ATV6309",164495,79.88,2728.32,35.6,140,4.5,4.707985055307133,31.448818897637793,"1. ≤43 inches"
"HYUNDAI","H50UHDQLDZEN","Australia","LCD (LED)","-","2029-09-15","Available",,"ATV6307",164513,125.731,6754.867344,61.524,227,6,6.023006759011338,49.5003937007874,"2. 44–55 inches"
"HYUNDAI","H55UHDQLDZEN","Australia,Fiji,New Zealand","LCD (LED)","-","2029-09-17","Available",,"ATV6308",164519,138.783,8230.118400000001,72.83,268,6,6.088069894655924,54.63897637795275,"2. 44–55 inches"
"HYUNDAI","H65UHDQLDZEN","Australia,Fiji,New Zealand","LCD (LED)","-","2029-09-17","Available",,"ATV6310",164532,165.332,11723.899696,101.54,373,6,6.086236121577596,65.09133858267717,"4. >65 inches"
"HYUNDAI","H75UHDQLDZEN","Australia,Fiji,New Zealand","LCD (LED)","-","2029-12-12","Available",,"ATV6403",164534,189.34,15318.517823999999,130.146,477,6,6.122892040404269,74.54330708661418,"4. >65 inches"
"ALTIUS","AT32HDW2-BCF","Australia","LCD (LED)","-","2029-10-21","Available",,"ATV6330",164539,80.043,2737.0770999999995,27.036,102,6,6.138546025859608,31.512992125984255,"1. ≤43 inches"
"AIWA","AWS420W","Australia","LCD (LED)","0.39","2029-09-19","Available",,"ATV6312",164582,105.415,4682.676096,51.78,210,4.5,4.912410403406469,41.50196850393701,"1. ≤43 inches"
"KOGAN","KAQL86T96QA","Australia,Fiji,New Zealand","LCD (LED)","-","2029-09-22","Available",,"ATV6313",164586,217.518,20200.367070000004,298.5,1117,3.5,3.5018497413173733,85.63700787401575,"4. >65 inches"
"KOGAN","KAQL86T96QB","Australia,Fiji,New Zealand","LCD (LED)","-","2029-09-22","Available",,"ATV6313",164586,217.518,20200.367070000004,298.5,1117,3.5,3.5018497413173733,85.63700787401575,"4. >65 inches"
"KOGAN","KAQL86T96QC","Australia,Fiji,New Zealand","LCD (LED)","-","2029-09-22","Available",,"ATV6313",164586,217.518,20200.367070000004,298.5,1117,3.5,3.5018497413173733,85.63700787401575,"4. >65 inches"
"KOGAN","KAQL86T96QD","Australia,Fiji,New Zealand","LCD (LED)","-","2029-09-22","Available",,"ATV6313",164586,217.518,20200.367070000004,298.5,1117,3.5,3.5018497413173733,85.63700787401575,"4. >65 inches"
"KOGAN","**********86**********","Australia,Fiji,New Zealand","LCD (LED)","-","2029-09-22","Available",,"ATV6313",164586,217.518,20200.367070000004,298.5,1117,3.5,3.5018497413173733,85.63700787401575,"4. >65 inches"
"BAUHN","ATV43FHDW-1124","Australia","LCD","0.4","2029-10-31","Available",,"ATV6337",164636,107.978,4982.1834,44.2,172,6,6.04961468920546,42.51102362204724,"1. ≤43 inches"
"EKO","K55USW3","Australia,Fiji,New Zealand","LCD (LED)","-","2029-09-29","Available","https://www.ayonz.com/","ATV6314",164639,138.783,8230.118400000001,102,379,4.5,4.53503722787905,54.63897637795275,"2. 44–55 inches"
"EKO","K650UAT","Australia,Fiji,New Zealand","LCD","0.34","2028-09-06","Available","https://www.ayonz.com/","ATV5770",156532,163.878,11481.120000000003,147.21,540,4,4.339714643878866,64.51889763779526,"3. 56–65 inches"
"EKO","K650UATW","Australia,Fiji,New Zealand","LCD","0.34","2028-09-06","Available","https://www.ayonz.com/","ATV5770",156532,163.878,11481.120000000003,147.21,540,4,4.339714643878866,64.51889763779526,"3. 56–65 inches"
"BAUHN","ATV43FHDW-0125","Australia","LCD","0.4","2029-10-31","Available",,"ATV6337",164636,107.978,4982.1834,44.2,172,6,6.04961468920546,42.51102362204724,"1. ≤43 inches"
"BAUHN","ATV43FHDW-****","Australia","LCD","0.4","2029-10-31","Available",,"ATV6337",164636,107.978,4982.1834,44.2,172,6,6.04961468920546,42.51102362204724,"1. ≤43 inches"
"BAUHN","ATV55UHDW-1024","Australia,Fiji,New Zealand","LCD (LED)","0.31","2029-07-23","Available",,"ATV6278",163516,138.783,8230.118400000001,69.65,256,6,6.293361671010194,54.63897637795275,"2. 44–55 inches"
"BAUHN","ATV55UHDW-0125","Australia,Fiji,New Zealand","LCD (LED)","0.31","2029-07-23","Available",,"ATV6278",163516,138.783,8230.118400000001,69.65,256,6,6.293361671010194,54.63897637795275,"2. 44–55 inches"
"BAUHN","ATV55UHDW-****","Australia,Fiji,New Zealand","LCD (LED)","0.31","2029-07-23","Available",,"ATV6278",163516,138.783,8230.118400000001,69.65,256,6,6.293361671010194,54.63897637795275,"2. 44–55 inches"
"ENGLAON","LED24X90","Australia,New Zealand","LCD (LED)","-","2029-10-08","Available",,"ATV6315",164838,59.822,1529.1733257499998,28.3,106,4,4.025976491245213,23.551968503937008,"1. ≤43 inches"
"ENGLAON","LED32X90","Australia,New Zealand","LCD (LED)","-","2029-10-28","Available",,"ATV6334",164843,80.131,2743.6644,37.1,145,4.5,4.570737326913083,31.54763779527559,"1. ≤43 inches"
"ENGLAON","LED40X90","Australia,New Zealand","LCD (LED)","-","2029-10-28","Available",,"ATV6335",164845,100.332,4261.934154240001,38.6,152,5.5,5.996206090448164,39.5007874015748,"1. ≤43 inches"
"EKO","K70USW3","Australia,Fiji,New Zealand","LCD (LED)","0.4","2029-10-14","Available","https://www.ayonz.com/","ATV6319",164862,176.57,13119.418367999999,182.3,850,2.5,2.8721265607586197,69.51574803149606,"4. >65 inches"
"HYUNDAI","H55UHDMLDGTV","Australia","LCD (LED)","0.4","2030-03-16","Available",,"ATV6648",164907,138.798,8228,92.2,379,4.5,4.533974058879906,54.64488188976378,"2. 44–55 inches"
"KOGAN","KALED24D96SQA","Australia,Fiji,New Zealand","LCD (LED)","-","2029-10-12","Available",,"ATV6316",164908,59.816,1528.8696280800002,23.98,95,4.5,4.516360257282469,23.5496062992126,"1. ≤43 inches"
"KOGAN","KALED24D96SQB","Australia,Fiji,New Zealand","LCD (LED)","-","2029-10-12","Available",,"ATV6316",164908,59.816,1528.8696280800002,23.98,95,4.5,4.516360257282469,23.5496062992126,"1. ≤43 inches"
"KOGAN","KALED24D96SQC","Australia,Fiji,New Zealand","LCD (LED)","-","2029-10-12","Available",,"ATV6316",164908,59.816,1528.8696280800002,23.98,95,4.5,4.516360257282469,23.5496062992126,"1. ≤43 inches"
"KOGAN","KALED24D96SQD","Australia,Fiji,New Zealand","LCD (LED)","-","2029-10-12","Available",,"ATV6316",164908,59.816,1528.8696280800002,23.98,95,4.5,4.516360257282469,23.5496062992126,"1. ≤43 inches"
"KOGAN","**********24**********","Australia,Fiji,New Zealand","LCD (LED)","-","2029-10-12","Available",,"ATV6316",164908,59.816,1528.8696280800002,23.98,95,4.5,4.516360257282469,23.5496062992126,"1. ≤43 inches"
"KOGAN","KALED32D96SQA","Australia,Fiji,New Zealand","LCD (LED)","-","2029-10-12","Available",,"ATV6317",164909,80.029,2736.7079495,31.84,131,5,5.016703576803088,31.507480314960628,"1. ≤43 inches"
"KOGAN","KALED32D96SQB","Australia,Fiji,New Zealand","LCD (LED)","-","2029-10-12","Available",,"ATV6317",164909,80.029,2736.7079495,31.84,131,5,5.016703576803088,31.507480314960628,"1. ≤43 inches"
"KOGAN","KALED32D96SQC","Australia,Fiji,New Zealand","LCD (LED)","-","2029-10-12","Available",,"ATV6317",164909,80.029,2736.7079495,31.84,131,5,5.016703576803088,31.507480314960628,"1. ≤43 inches"
"KOGAN","KALED32D96SQD","Australia,Fiji,New Zealand","LCD (LED)","-","2029-10-12","Available",,"ATV6317",164909,80.029,2736.7079495,31.84,131,5,5.016703576803088,31.507480314960628,"1. ≤43 inches"
"KOGAN","**********32**********","Australia,Fiji,New Zealand","LCD (LED)","-","2029-10-12","Available",,"ATV6317",164909,80.029,2736.7079495,31.84,131,5,5.016703576803088,31.507480314960628,"1. ≤43 inches"
"BLAUPUNKT","BP58WOS","Australia,Fiji,New Zealand","LCD","0.379484","2029-10-16","Available",,"ATV6322",164955,146.068,9162.865152,112.086,433,4,4.383305896768795,57.50708661417323,"3. 56–65 inches"
"JVC","LT-42NQ5155A","Australia","LCD","0.34","2029-10-14","Available",,"ATV6318",164996,105.422,4663.42023168,38.2,150,6,6.404224337872835,41.50472440944882,"1. ≤43 inches"
"PHILIPS","85BFL2214/97","Australia,Fiji,New Zealand","LCD (LED)","0.46","2029-10-17","Available",,"ATV6325",164999,214.783,19712.16,114.6,463,7,7.3426024192183235,84.56023622047243,"4. >65 inches"
"PHILIPS","32HFL4518/97","Australia,Fiji,New Zealand","LCD (LED)","0.28","2029-10-16","Available",,"ATV6323",165022,80.054,2736.1600000000003,24.9,106,5.5,5.964966655906721,31.517322834645668,"1. ≤43 inches"
"PHILIPS","65PUT7129/98","Australia,New Zealand","LCD (LED)","-","2029-10-17","Available",,"ATV6326",165017,163.896,11478.122496000002,122,488,4.5,4.792372278184471,64.5259842519685,"3. 56–65 inches"
"PHILIPS","24HFL4518/97","Australia,Fiji,New Zealand","LCD (LED)","0.29","2029-10-16","Available",,"ATV6324",165026,59.774,1526.53,16.9,69,5.5,5.9446797967165725,23.53307086614173,"1. ≤43 inches"
"PHILIPS","55PUT7129/98","Australia,New Zealand","LCD (LED)","-","2029-10-17","Available",,"ATV6327",165027,138.736,8226.44424,105,411,4,4.169942590696454,54.62047244094488,"2. 44–55 inches"
"KOGAN","KALED65U95TA","Australia,Fiji,New Zealand","LCD (LED)","0.3","2029-10-15","Available",,"ATV6320",165028,163.896,11478.122496000002,94.14,371,6,6.0207893291425405,64.5259842519685,"3. 56–65 inches"
"KOGAN","KALED65U95TB","Australia,Fiji,New Zealand","LCD (LED)","0.3","2029-10-15","Available",,"ATV6320",165028,163.896,11478.122496000002,94.14,371,6,6.0207893291425405,64.5259842519685,"3. 56–65 inches"
"KOGAN","KALED65U95TC","Australia,Fiji,New Zealand","LCD (LED)","0.3","2029-10-15","Available",,"ATV6320",165028,163.896,11478.122496000002,94.14,371,6,6.0207893291425405,64.5259842519685,"3. 56–65 inches"
"KOGAN","KALED65U95TD","Australia,Fiji,New Zealand","LCD (LED)","0.3","2029-10-15","Available",,"ATV6320",165028,163.896,11478.122496000002,94.14,371,6,6.0207893291425405,64.5259842519685,"3. 56–65 inches"
"KOGAN","KALED65U95TE","Australia,Fiji,New Zealand","LCD (LED)","0.3","2029-10-15","Available",,"ATV6320",165028,163.896,11478.122496000002,94.14,371,6,6.0207893291425405,64.5259842519685,"3. 56–65 inches"
"KOGAN","KALED65U95T*","Australia,Fiji,New Zealand","LCD (LED)","0.3","2029-10-15","Available",,"ATV6320",165028,163.896,11478.122496000002,94.14,371,6,6.0207893291425405,64.5259842519685,"3. 56–65 inches"
"PHILIPS","50PUT7129/98","Australia,New Zealand","LCD (LED)","-","2029-10-17","Available",,"ATV6328",165029,125.731,6754.867344,96,386,3.5,3.6438774995872896,49.5003937007874,"2. 44–55 inches"
"KOGAN","KALED75U95TA","Australia,Fiji,New Zealand","LCD (LED)","0.3","2029-10-15","Available",,"ATV6321",165030,189.34,15318.517823999999,154.03,608,5,5.035437844893429,74.54330708661418,"4. >65 inches"
"KOGAN","KALED75U95TB","Australia,Fiji,New Zealand","LCD (LED)","0.3","2029-10-15","Available",,"ATV6321",165030,189.34,15318.517823999999,154.03,608,5,5.035437844893429,74.54330708661418,"4. >65 inches"
"KOGAN","KALED75U95TC","Australia,Fiji,New Zealand","LCD (LED)","0.3","2029-10-15","Available",,"ATV6321",165030,189.34,15318.517823999999,154.03,608,5,5.035437844893429,74.54330708661418,"4. >65 inches"
"KOGAN","KALED75U95TD","Australia,Fiji,New Zealand","LCD (LED)","0.3","2029-10-15","Available",,"ATV6321",165030,189.34,15318.517823999999,154.03,608,5,5.035437844893429,74.54330708661418,"4. >65 inches"
"KOGAN","KALED75U95TE","Australia,Fiji,New Zealand","LCD (LED)","0.3","2029-10-15","Available",,"ATV6321",165030,189.34,15318.517823999999,154.03,608,5,5.035437844893429,74.54330708661418,"4. >65 inches"
"KOGAN","KALED75U95TF","Australia,Fiji,New Zealand","LCD (LED)","0.3","2029-10-15","Available",,"ATV6321",165030,189.34,15318.517823999999,154.03,608,5,5.035437844893429,74.54330708661418,"4. >65 inches"
"KOGAN","KALED75U95TG","Australia,Fiji,New Zealand","LCD (LED)","0.3","2029-10-15","Available",,"ATV6321",165030,189.34,15318.517823999999,154.03,608,5,5.035437844893429,74.54330708661418,"4. >65 inches"
"KOGAN","KALED75U95T*","Australia,Fiji,New Zealand","LCD (LED)","0.3","2029-10-15","Available",,"ATV6321",165030,189.34,15318.517823999999,154.03,608,5,5.035437844893429,74.54330708661418,"4. >65 inches"
"PHILIPS","55PML8969/98","Australia,New Zealand","LCD (LED)","-","2029-10-20","Available",,"ATV6329",165051,138.783,8230.118400000001,120,470,3.5,3.570651350024759,54.63897637795275,"2. 44–55 inches"
"PHILIPS","65PML8969/98","Australia,New Zealand","LCD (LED)","-","2029-10-22","Available",,"ATV6332",165089,163.896,11478.122496000002,168,645,3.5,3.5423477567504844,64.5259842519685,"3. 56–65 inches"
"SAMSUNG","BE98D-H","Australia,Fiji,New Zealand","LCD (LED)","0.5","2029-10-31","Available",,"ATV6336",165119,247.688,26214.3084,332,1215,4,4.258270181780565,97.51496062992125,"4. >65 inches"
"BAUHN","ATV70UHDW-1124","Australia,New Zealand","LCD","-","2029-10-22","Available",,"ATV6331",165123,176.535,13380.189120000001,108.294,397,6,6.367605973033433,69.50196850393701,"4. >65 inches"
"PALSONIC","PT6515SU","Australia","LCD (LED)","0.3","2029-10-24","Available",,"ATV6333",165152,163.896,11478.122496000002,105.43,439,5,5.266578196996688,64.5259842519685,"3. 56–65 inches"
"HYUNDAI","H65UHDMLDGTV","Australia,Fiji,New Zealand","LCD (LED)","0.4","2030-03-19","Available",,"ATV6659",165159,163.829,11466.84,149.6,576,4,4.045233878084586,64.4996062992126,"3. 56–65 inches"
"AOA","LTD19FT","Australia,Fiji,New Zealand","LCD (LED)","-","2029-11-05","Available","https://www.macc-tv.com/","ATV6338",165232,47.013,944.1791999999999,15.3,58,5,5.364387670240893,18.509055118110236,"1. ≤43 inches"
"BLAUPUNKT","BP24PTVW","Australia,Fiji,New Zealand","LCD (LED)","1.012","2029-11-28","Available","https://www.ayonz.com/","ATV6355",165321,60.469,1562.41008,16.33,76,5.5,5.583285571635198,23.806692913385827,"1. ≤43 inches"
"BLAUPUNKT","BP24PTVP","Australia,Fiji,New Zealand","LCD (LED)","1.012","2029-11-28","Available","https://www.ayonz.com/","ATV6355",165321,60.469,1562.41008,16.33,76,5.5,5.583285571635198,23.806692913385827,"1. ≤43 inches"
"BLAUPUNKT","BP24PTVBL","Australia,Fiji,New Zealand","LCD (LED)","1.012","2029-11-28","Available","https://www.ayonz.com/","ATV6355",165321,60.469,1562.41008,16.33,76,5.5,5.583285571635198,23.806692913385827,"1. ≤43 inches"
"BLAUPUNKT","BP24PTVG","Australia,Fiji,New Zealand","LCD (LED)","1.012","2029-11-28","Available","https://www.ayonz.com/","ATV6355",165321,60.469,1562.41008,16.33,76,5.5,5.583285571635198,23.806692913385827,"1. ≤43 inches"
"BLAUPUNKT","BP24****（*=Blank, 0-9,A-Z,a-z for marketing purpose, no technical difference)","Australia,Fiji,New Zealand","LCD (LED)","1.012","2029-11-28","Available","https://www.ayonz.com/","ATV6355",165321,60.469,1562.41008,16.33,76,5.5,5.583285571635198,23.806692913385827,"1. ≤43 inches"
"EKO","K700UATW","Australia,Fiji,New Zealand","LCD","-","2029-11-28","Available","https://www.ayonz.com/","ATV6354",165324,176.539,13385.2,153.11,561,4.5,4.819594333692885,69.5035433070866,"4. >65 inches"
"LINSAR","LS32HDNF-12V","Australia","LCD (LED)","-","2029-11-07","Available",,"ATV6339",165339,80.039,2736.7112736,27.036,102,6,6.138069063666082,31.511417322834646,"1. ≤43 inches"
"AKAI","AK3223S7WOS","Australia","LCD (LED)","-","2029-11-11","Available",,"ATV6340",165404,80.043,2737.0770999999995,27.14,101,6,6.182698305345105,31.512992125984255,"1. ≤43 inches"
"AKAI","AK4324S7WOS","Australia","LCD","0.4","2029-11-11","Available",,"ATV6341",165405,107.978,4982.1834,44.2,172,6,6.04961468920546,42.51102362204724,"1. ≤43 inches"
"AKAI","AK55324S7WOS","Australia,Fiji,New Zealand","LCD (LED)","0.32","2029-11-11","Available",,"ATV6342",165408,138.783,8230.118400000001,68.12,256,6,6.293361671010194,54.63897637795275,"2. 44–55 inches"
"SONIQ","G65UV50A","Australia,Fiji,New Zealand","LCD","0.38409","2029-12-10","Available",,"ATV6392",165429,163.896,11478.122496000002,92.076,340,6,6.4118221171542435,64.5259842519685,"3. 56–65 inches"
"POLAROID","PL7024WOS","Australia,New Zealand","LCD","-","2029-11-12","Available",,"ATV6343",165430,176.535,13380.189120000001,108.294,397,6,6.367605973033433,69.50196850393701,"4. >65 inches"
"AIWA","AWS320DVD","Australia","LCD (LED)","0.36","2029-12-12","Available",,"ATV6404",165465,80.039,2736.70931232,33.5,125,5,5.226810398773459,31.511417322834646,"1. ≤43 inches"
"QBELL","QTH32T","Australia,Fiji,New Zealand","LCD (LED)","-","2029-12-04","Available","https://www.ayonz.com/","ATV6366",165499,80.039,2736.719568,35.3,131,5,5.0167187257265855,31.511417322834646,"1. ≤43 inches"
"SVISION","SV43FWOS","Australia,Fiji,New Zealand","LCD (LED)","0.36","2029-11-28","Available","https://www.ayonz.com/","ATV6356",165561,108.593,5055.75,43,159,6,6.459455558274884,42.75314960629921,"1. ≤43 inches"
"SAMSUNG","UA50TU8000","Australia,Fiji,New Zealand","LCD (LED)","0.5","2030-01-20","Available",,"ATV6360",165566,125.725,6751.36,91,335,4,4.2768165620335985,49.49803149606299,"2. 44–55 inches"
"SAMSUNG","UA50TU8000S","Australia,Fiji,New Zealand","LCD (LED)","0.5","2030-01-20","Available",,"ATV6360",165566,125.725,6751.36,91,335,4,4.2768165620335985,49.49803149606299,"2. 44–55 inches"
"SAMSUNG","UA50TU8000W","Australia,Fiji,New Zealand","LCD (LED)","0.5","2030-01-20","Available",,"ATV6360",165566,125.725,6751.36,91,335,4,4.2768165620335985,49.49803149606299,"2. 44–55 inches"
"SAMSUNG","UA65TU8000","Australia,Fiji,New Zealand","LCD (LED)","0.5","2030-01-20","Available",,"ATV6361",165568,163.878,11481.120000000003,116,426,5,5.402392870035829,64.51889763779526,"3. 56–65 inches"
"SAMSUNG","UA65TU8000S","Australia,Fiji,New Zealand","LCD (LED)","0.5","2030-01-20","Available",,"ATV6361",165568,163.878,11481.120000000003,116,426,5,5.402392870035829,64.51889763779526,"3. 56–65 inches"
"SAMSUNG","UA65TU8000W","Australia,Fiji,New Zealand","LCD (LED)","0.5","2030-01-20","Available",,"ATV6361",165568,163.878,11481.120000000003,116,426,5,5.402392870035829,64.51889763779526,"3. 56–65 inches"
"SAMSUNG","UA55TU8000W","Australia,Fiji,New Zealand","LCD (LED)","0.5","2030-01-21","Available",,"ATV6362",165569,138.798,8228,102,375,4.5,4.581522729005154,54.64488188976378,"2. 44–55 inches"
"SAMSUNG","UA55TU8000S","Australia,Fiji,New Zealand","LCD (LED)","0.5","2030-01-21","Available",,"ATV6362",165569,138.798,8228,102,375,4.5,4.581522729005154,54.64488188976378,"2. 44–55 inches"
"SAMSUNG","UA55TU8000","Australia,Fiji,New Zealand","LCD (LED)","0.5","2030-01-21","Available",,"ATV6362",165569,138.798,8228,102,375,4.5,4.581522729005154,54.64488188976378,"2. 44–55 inches"
"KOGAN","KAQL50R96KA","Australia,Fiji,New Zealand","LCD (LED)","0.373","2029-11-20","Available",,"ATV6344",165597,125.812,6757.52,56.9,250,5.5,5.592095134190206,49.53228346456693,"2. 44–55 inches"
"KOGAN","KAOD77X98JSVA","Australia,Fiji,New Zealand","OLED","-","2029-11-25","Available",,"ATV6350",165599,194.677,16189.38,131.1,540,5.5,5.804199982629451,76.64448818897637,"4. >65 inches"
"KOGAN","KAOD77X98JSVB","Australia,Fiji,New Zealand","OLED","-","2029-11-25","Available",,"ATV6350",165599,194.677,16189.38,131.1,540,5.5,5.804199982629451,76.64448818897637,"4. >65 inches"
"KOGAN","KAOD77X98JSVC","Australia,Fiji,New Zealand","OLED","-","2029-11-25","Available",,"ATV6350",165599,194.677,16189.38,131.1,540,5.5,5.804199982629451,76.64448818897637,"4. >65 inches"
"KOGAN","KAOD77X98JSV series","Australia,Fiji,New Zealand","OLED","-","2029-11-25","Available",,"ATV6350",165599,194.677,16189.38,131.1,540,5.5,5.804199982629451,76.64448818897637,"4. >65 inches"
"KOGAN","KAQL100XQ98GSVA","Australia,Fiji,New Zealand","OLED","-","2029-11-24","Available",,"ATV6347",165603,252.751,27295.170000000002,446.3,1670,3,3.0092711879419327,99.50826771653543,"4. >65 inches"
"KOGAN","KAQL100XQ98GSVB","Australia,Fiji,New Zealand","OLED","-","2029-11-24","Available",,"ATV6347",165603,252.751,27295.170000000002,446.3,1670,3,3.0092711879419327,99.50826771653543,"4. >65 inches"
"KOGAN","KAQL100XQ98GSVC","Australia,Fiji,New Zealand","OLED","-","2029-11-24","Available",,"ATV6347",165603,252.751,27295.170000000002,446.3,1670,3,3.0092711879419327,99.50826771653543,"4. >65 inches"
"KOGAN","KAQL100XQ98GSV series","Australia,Fiji,New Zealand","OLED","-","2029-11-24","Available",,"ATV6347",165603,252.751,27295.170000000002,446.3,1670,3,3.0092711879419327,99.50826771653543,"4. >65 inches"
"KOGAN","KAQL55R96KA","Australia,Fiji,New Zealand","LCD (LED)","-","2029-11-20","Available",,"ATV6345",165604,138.783,8230.118400000001,69.4,280,5.5,5.891771940265505,54.63897637795275,"2. 44–55 inches"
"KOGAN","KAQL65R96KA","Australia,Fiji,New Zealand","LCD (LED)","-","2029-11-24","Available",,"ATV6346",165605,163.897,11477.9975,92.9,400,5.5,5.68346052076461,64.52637795275591,"3. 56–65 inches"
"LG","86NANO80A6A","Australia,New Zealand","LCD (LED)","0.4","2029-12-08","Available",,"ATV6370",165627,217.425,20200.7,212,776,5,5.134275172185824,85.60039370078741,"4. >65 inches"
"LG","86NANO80ASA","Australia,New Zealand","LCD (LED)","0.4","2029-12-08","Available",,"ATV6368",165628,217.425,20200.7,212,776,5,5.134275172185824,85.60039370078741,"4. >65 inches"
"LG","OLED55C5PSA","Australia,New Zealand","OLED","0.4","2029-12-08","Available",,"ATV6371",165629,138.783,8230.118400000001,101,371,4.5,4.630644483160877,54.63897637795275,"2. 44–55 inches"
"LG","OLED55C56LA","Australia,New Zealand","OLED","0.4","2029-12-08","Available",,"ATV6369",165630,138.783,8230.118400000001,101,371,4.5,4.630644483160877,54.63897637795275,"2. 44–55 inches"
"LG","OLED55G5PSA","Australia,New Zealand","OLED","0.4","2029-12-08","Available",,"ATV6372",165631,138.783,8230.118400000001,96,353,4.5,4.8535234567239876,54.63897637795275,"2. 44–55 inches"
"LG","OLED55G55LW","Australia,New Zealand","OLED","0.4","2029-12-08","Available",,"ATV6373",165632,138.783,8230.118400000001,96,353,4.5,4.8535234567239876,54.63897637795275,"2. 44–55 inches"
"LG","OLED65C5PSA","Australia,New Zealand","OLED","0.4","2029-12-08","Available",,"ATV6374",165633,163.897,11477.9975,124,455,5,5.106106297063303,64.52637795275591,"3. 56–65 inches"
"LG","OLED65C56LA","Australia,New Zealand","OLED","0.4","2029-12-08","Available",,"ATV6384",165634,163.897,11477.9975,124,455,5,5.106106297063303,64.52637795275591,"3. 56–65 inches"
"LG","OLED77C5PSA","Australia,New Zealand","OLED","0.4","2029-12-10","Available",,"ATV6393",165635,194.738,16204.123099999999,163,597,5,5.358408700371743,76.66850393700787,"4. >65 inches"
"LG","OLED77C56LA","Australia,New Zealand","OLED","0.4","2029-12-08","Available",,"ATV6385",165636,194.738,16204.123099999999,163,597,5,5.358408700371743,76.66850393700787,"4. >65 inches"
"LG","OLED83G5PSA","Australia,New Zealand","OLED","0.4","2029-12-10","Available",,"ATV6394",165637,209.585,18769.3425,189,692,5,5.329782018752292,82.51377952755905,"4. >65 inches"
"LG","OLED83G56LA","Australia,New Zealand","OLED","0.4","2029-12-08","Available",,"ATV6375",165638,209.585,18769.3425,189,692,5,5.329782018752292,82.51377952755905,"4. >65 inches"
"BAUHN","ATV24HDW-0225","Australia,Fiji,New Zealand","LCD","-","2029-11-25","Available",,"ATV6349",165639,59.824,1528.86807072,17.766,68,6,6.014805925255865,23.55275590551181,"1. ≤43 inches"
"CHIQ","U75M9","Australia,Fiji,New Zealand","LCD","0.3","2029-11-24","Available",,"ATV6348",165660,189.34,15318.517823999999,154.23,608,5,5.035437844893429,74.54330708661418,"4. >65 inches"
"LINSAR","LS24HDNF-12V","Australia,Fiji,New Zealand","LCD","-","2029-11-25","Available",,"ATV6351",165703,59.824,1528.86807072,17.766,68,6,6.014805925255865,23.55275590551181,"1. ≤43 inches"
"DGTEC","DG24HDDVD12V","Australia","LCD (LED)","-","2030-07-21","Available",,"ATV6853",165713,59.827,1529.038,20.96,78,5,5.400291661111806,23.553937007874016,"1. ≤43 inches"
"EKO","K65USTW","Australia,Fiji,New Zealand","LCD","0.4","2029-11-28","Available","https://www.ayonz.com/","ATV6352",165764,163.896,11478.122496000002,113.2,416,5.5,5.50774202403524,64.5259842519685,"3. 56–65 inches"
"QBELL","QTU55T","Australia,Fiji,New Zealand","LCD","0.4","2029-12-01","Available","https://www.ayonz.com/","ATV6358",165767,138.783,8230.118400000001,92.1,339,5,5.034877339973175,54.63897637795275,"2. 44–55 inches"
"SONY","K-55XR80M2","Australia,New Zealand","OLED","0.5","2029-12-03","Available","https://www.sony.com.au/","ATV6365",165774,138.798,8228,91.6,341,5,5.007452800150534,54.64488188976378,"2. 44–55 inches"
"SONY","K-65XR80M2","Australia,New Zealand","OLED","0.5","2029-12-03","Available","https://www.sony.com.au/","ATV6364",165775,163.878,11481.120000000003,102.9,381,5.5,5.902698482656776,64.51889763779526,"3. 56–65 inches"
"QBELL","QTU50T","Australia,Fiji,New Zealand","LCD (LED)","-","2029-12-11","Available","https://www.ayonz.com/","ATV6401",165789,125.731,6754.867344,76.8,284,5,5.0190601095993035,49.5003937007874,"2. 44–55 inches"
"LG","50QNED80A6A","Australia,New Zealand","LCD (LED)","0.4","2029-12-02","Available",,"ATV6363",165793,125.727,6754.5112,68,251,5.5,5.572396855687801,49.4988188976378,"2. 44–55 inches"
"LG","50QNED81ASA","Australia,New Zealand","LCD (LED)","0.4","2029-12-02","Available",,"ATV6359",165794,125.727,6754.5112,68,251,5.5,5.572396855687801,49.4988188976378,"2. 44–55 inches"
"LG","OLED48C5PSA","Australia,New Zealand","OLED","0.4","2029-12-08","Available",,"ATV6376",165795,120.721,6226.9196,76,280,4.5,4.753473125119566,47.52795275590551,"2. 44–55 inches"
"LG","OLED48C56LA","Australia,New Zealand","OLED","0.4","2029-12-08","Available",,"ATV6386",165796,120.721,6226.9196,76,280,4.5,4.753473125119566,47.52795275590551,"2. 44–55 inches"
"LG","OLED55B5PSA","Australia,New Zealand","OLED","0.4","2029-12-10","Available",,"ATV6395",165797,138.783,8230.118400000001,88,324,5,5.237691139975824,54.63897637795275,"2. 44–55 inches"
"LG","OLED55B56LA","Australia,New Zealand","OLED","0.4","2029-12-08","Available",,"ATV6387",165798,138.783,8230.118400000001,88,324,5,5.237691139975824,54.63897637795275,"2. 44–55 inches"
"LG","OLED65B5PSA","Australia,New Zealand","OLED","0.4","2029-12-10","Available",,"ATV6396",165799,163.897,11477.9975,106,389,5.5,5.808425832669458,64.52637795275591,"3. 56–65 inches"
"LG","OLED65B56LA","Australia,New Zealand","OLED","0.4","2029-12-08","Available",,"ATV6377",165800,163.897,11477.9975,106,389,5.5,5.808425832669458,64.52637795275591,"3. 56–65 inches"
"QBELL","QTF40T","Australia,Fiji,New Zealand","LCD (LED)","-","2029-12-11","Available","https://www.ayonz.com/","ATV6399",165816,100.337,4259.8236358656,51.3,189,5,5.017948382607974,39.50275590551181,"1. ≤43 inches"
"PHILIPS","40PFT6529/79","Australia,New Zealand","LCD (LED)","-","2029-12-08","Available",,"ATV6378",165831,100.332,4261.934154240001,41.6,167,5.5,5.574444892258945,39.5007874015748,"1. ≤43 inches"
"EKO","K42FST","Australia,Fiji,New Zealand","LCD (LED)","-","2029-12-11","Available","https://www.ayonz.com/","ATV6400",165872,105.422,4663.42023168,55,204,5,5.026256218529832,41.50472440944882,"1. ≤43 inches"
"PHILIPS","32PHT6529/79","Australia,New Zealand","LCD (LED)","-","2029-12-08","Available",,"ATV6379",165875,80.039,2736.7112736,35.8,145,4.5,4.561680559205172,31.511417322834646,"1. ≤43 inches"
"LG","OLED42C5PSA","Australia,New Zealand","OLED","0.4","2029-12-08","Available",,"ATV6389",165906,105.52,4757.6080999999995,65,240,4,4.375951875098368,41.54330708661417,"1. ≤43 inches"
"LG","OLED42C54LA","Australia,New Zealand","OLED","0.4","2029-12-10","Available",,"ATV6397",165907,105.52,4757.6080999999995,65,240,4,4.375951875098368,41.54330708661417,"1. ≤43 inches"
"LG","OLED77G5PSA","Australia,New Zealand","OLED","0.4","2029-12-08","Available",,"ATV6380",165908,194.738,16204.123099999999,153,561,5.5,5.637136037566116,76.66850393700787,"4. >65 inches"
"LG","OLED77G56LA","Australia,New Zealand","OLED","0.4","2029-12-10","Available",,"ATV6398",165909,194.738,16204.123099999999,153,561,5.5,5.637136037566116,76.66850393700787,"4. >65 inches"
"LG","55QNED86A6A","Australia,New Zealand","LCD (LED)","0.4","2029-12-08","Available",,"ATV6390",165958,138.783,8230.118400000001,82,302,5.5,5.552808910591775,54.63897637795275,"2. 44–55 inches"
"LG","55QNED86ASA","Australia,New Zealand","LCD (LED)","0.4","2029-12-08","Available",,"ATV6381",165959,138.783,8230.118400000001,82,302,5.5,5.552808910591775,54.63897637795275,"2. 44–55 inches"
"LG","65QNED86A6A","Australia,New Zealand","LCD (LED)","0.4","2029-12-08","Available",,"ATV6391",165960,163.897,11477.9975,105,386,5.5,5.843120871392374,64.52637795275591,"3. 56–65 inches"
"LG","65QNED86ASA","Australia,New Zealand","LCD (LED)","0.4","2029-12-08","Available",,"ATV6382",165961,163.897,11477.9975,105,386,5.5,5.843120871392374,64.52637795275591,"3. 56–65 inches"
"AOA","LTW50UHD","Australia,Fiji,New Zealand","LCD (LED)","0.4","2030-01-01","Available","https://www.macc-tv.com/","ATV6416",166021,125.731,6754.867344,73.4,270,5,5.2456061104364435,49.5003937007874,"2. 44–55 inches"
"PHILIPS","77OLED720/79","Australia,New Zealand","OLED","-","2029-12-18","Available",,"ATV6413",166046,198.546,17004.7717,188.5,798,4,4.265319907748774,78.16771653543307,"4. >65 inches"
"LG","65NANO80A6A","Australia,New Zealand","LCD (LED)","0.4","2029-12-15","Available",,"ATV6405",166054,163.897,11477.9975,118,433,5,5.328204093107946,64.52637795275591,"3. 56–65 inches"
"LG","65NANO80ASA","Australia,New Zealand","LCD (LED)","0.4","2029-12-15","Available",,"ATV6407",166055,163.897,11477.9975,118,433,5,5.328204093107946,64.52637795275591,"3. 56–65 inches"
"LG","65QNED80A6A","Australia,New Zealand","LCD (LED)","0.4","2030-01-01","Available",,"ATV6438",166056,163.897,11477.9975,98,360,6,6.1556252552474255,64.52637795275591,"3. 56–65 inches"
"LG","65QNED81ASA","Australia,New Zealand","LCD (LED)","0.4","2030-01-01","Available",,"ATV6417",166057,163.897,11477.9975,98,360,6,6.1556252552474255,64.52637795275591,"3. 56–65 inches"
"LG","75NANO80A6A","Australia,New Zealand","LCD (LED)","0.4","2030-01-01","Available",,"ATV6437",166058,189.275,15307.5663,165,605,5,5.054540009525431,74.51771653543307,"4. >65 inches"
"LG","75NANO80ASA","Australia,New Zealand","LCD (LED)","0.4","2030-01-01","Available",,"ATV6418",166059,189.275,15307.5663,165,605,5,5.054540009525431,74.51771653543307,"4. >65 inches"
"LG","75QNED80A6A","Australia,New Zealand","LCD (LED)","0.4","2030-01-01","Available",,"ATV6436",166060,189.275,15307.5663,106,389,7,7.033755235828371,74.51771653543307,"4. >65 inches"
"LG","75QNED81ASA","Australia,New Zealand","LCD (LED)","0.4","2030-01-01","Available",,"ATV6419",166061,189.275,15307.5663,106,389,7,7.033755235828371,74.51771653543307,"4. >65 inches"
"LG","75QNED86ASA","Australia,New Zealand","LCD (LED)","0.4","2030-01-01","Available",,"ATV6435",166062,189.275,15307.5663,106,389,7,7.033755235828371,74.51771653543307,"4. >65 inches"
"LG","86QNED80A6A","Australia,New Zealand","LCD (LED)","0.4","2030-01-02","Available",,"ATV6439",166063,217.425,20200.7,132,484,7,7.249808472101204,85.60039370078741,"4. >65 inches"
"AIWA","AWS580G","Australia","LCD","0.33","2030-03-10","Available",,"ATV6631",166064,146.088,9169.4,82.5,331,5.5,5.590070246580223,57.514960629921255,"3. 56–65 inches"
"JVC","LT-70NQ7155A","Australia","LCD","0.29","2030-03-10","Available",,"ATV6632",166074,176.539,13385.2,141.1,550,4.5,4.908338226041787,69.5035433070866,"4. >65 inches"
"LG","86QNED81ASA","Australia,New Zealand","LCD (LED)","0.4","2030-01-01","Available",,"ATV6420",166077,217.425,20200.7,132,484,7,7.249808472101204,85.60039370078741,"4. >65 inches"
"LG","OLED48B5PSA","Australia,New Zealand","OLED","0.4","2030-01-01","Available",,"ATV6434",166078,120.721,6226.9196,74,273,4.5,4.86693285915705,47.52795275590551,"2. 44–55 inches"
"LG","43NANO80A6B","Australia,New Zealand","LCD (LED)","0.4","2030-01-01","Available",,"ATV6421",166079,107.987,4982.7128,70,258,4,4.232972680439712,42.514566929133856,"1. ≤43 inches"
"LG","43NANO80ASA","Australia,New Zealand","LCD (LED)","0.4","2030-01-01","Available",,"ATV6433",166080,107.987,4982.7128,70,258,4,4.232972680439712,42.514566929133856,"1. ≤43 inches"
"LG","43QNED80A6A","Australia,New Zealand","LCD (LED)","0.4","2030-01-01","Available",,"ATV6422",166081,107.987,4982.7128,64,236,4.5,4.632391706313805,42.514566929133856,"1. ≤43 inches"
"LG","43QNED81ASA","Australia,New Zealand","LCD (LED)","0.4","2030-01-01","Available",,"ATV6432",166082,107.987,4982.7128,64,236,4.5,4.632391706313805,42.514566929133856,"1. ≤43 inches"
"LG","50NANO80A6A","Australia,New Zealand","LCD (LED)","0.4","2030-01-01","Available",,"ATV6423",166083,125.727,6754.5112,83,305,4.5,4.699152541308104,49.4988188976378,"2. 44–55 inches"
"LG","50NANO80ASA","Australia,New Zealand","LCD (LED)","0.4","2030-01-01","Available",,"ATV6431",166084,125.727,6754.5112,83,305,4.5,4.699152541308104,49.4988188976378,"2. 44–55 inches"
"LG","55NANO80A6A","Australia,New Zealand","LCD (LED)","0.4","2030-01-01","Available",,"ATV6424",166085,138.783,8230.118400000001,92,338,5,5.048116404602346,54.63897637795275,"2. 44–55 inches"
"LG","55NANO80ASA","Australia,New Zealand","LCD (LED)","0.4","2030-01-01","Available",,"ATV6430",166086,138.783,8230.118400000001,92,338,5,5.048116404602346,54.63897637795275,"2. 44–55 inches"
"LG","55QNED80A6A","Australia,New Zealand","LCD (LED)","0.4","2030-01-01","Available",,"ATV6425",166087,138.783,8230.118400000001,82,302,5.5,5.552808910591775,54.63897637795275,"2. 44–55 inches"
"LG","55QNED81ASA","Australia,New Zealand","LCD (LED)","0.4","2030-01-01","Available",,"ATV6429",166088,138.783,8230.118400000001,82,302,5.5,5.552808910591775,54.63897637795275,"2. 44–55 inches"
"PHILIPS","50PUT7039/79","Australia,New Zealand","LCD (LED)","-","2029-12-18","Available",,"ATV6414",166097,125.731,6754.867344,91.5,375,3.5,3.773441375953628,49.5003937007874,"2. 44–55 inches"
"PHILIPS","55PUT7039/79","Australia,New Zealand","LCD (LED)","-","2029-12-18","Available",,"ATV6415",166098,138.783,8230.118400000001,99.2,404,4,4.248770058146791,54.63897637795275,"2. 44–55 inches"
"SAMSUNG","UA43F6000FS","Australia,Fiji,New Zealand","LCD (LED)","0.5","2030-01-14","Available",,"ATV6470",166107,107.987,4982.7128,49,182,5.5,5.796777216979777,42.514566929133856,"1. ≤43 inches"
"LINSAR","LS24HDNF-12V","Australia,Fiji,New Zealand","LCD","-","2029-12-15","Available",,"ATV6408",166110,59.774,1526.53,17.766,68,6,6.010103150137152,23.53307086614173,"1. ≤43 inches"
"PRISM+","M55","Australia","LCD (LED)","-","2029-12-18","Available",,"ATV6412",166115,138.783,8230.118400000001,79.3,320,5,5.293361671010193,54.63897637795275,"2. 44–55 inches"
"PRISM+","M65","Australia","LCD (LED)","-","2029-12-17","Available",,"ATV6410",166150,163.897,11477.9975,111.6,450,5,5.1556252552474255,64.52637795275591,"3. 56–65 inches"
"PRISM+","M75","Australia","LCD (LED)","-","2029-12-18","Available",,"ATV6411",166151,189.338,15318.8066,140.4,580,5,5.246803153276395,74.54251968503937,"4. >65 inches"
"EKO","K32HSWV12","Australia,Fiji,New Zealand","LCD (LED)","-","2030-01-07","Available","https://www.ayonz.com/","ATV6458",166155,80.039,2736.719568,35.3,131,5,5.0167187257265855,31.511417322834646,"1. ≤43 inches"
"LG","OLED65G5PSA","Australia,New Zealand","OLED","0.4","2030-01-05","Available",,"ATV6443",166179,163.897,11477.9975,115,422,5,5.443521850734936,64.52637795275591,"3. 56–65 inches"
"LG","OLED65G56LA","Australia,New Zealand","OLED","0.4","2030-01-05","Available",,"ATV6444",166197,163.897,11477.9975,115,422,5,5.443521850734936,64.52637795275591,"3. 56–65 inches"
"LG","OLED77B5PSA","Australia,New Zealand","OLED","0.4","2030-01-05","Available",,"ATV6442",166198,194.738,16204.123099999999,135,495,6,6.198044664397833,76.66850393700787,"4. >65 inches"
"LG","OLED77B56LA","Australia,New Zealand","OLED","0.4","2030-01-05","Available",,"ATV6445",166199,194.738,16204.123099999999,135,495,6,6.198044664397833,76.66850393700787,"4. >65 inches"
"LG","55QNED82ASA","Australia,New Zealand","LCD (LED)","0.4","2030-01-05","Available",,"ATV6441",166200,138.783,8230.118400000001,92,338,5,5.048116404602346,54.63897637795275,"2. 44–55 inches"
"LG","65QNED82ASA","Australia,New Zealand","LCD (LED)","0.4","2030-01-05","Available",,"ATV6446",166201,163.897,11477.9975,98,360,6,6.1556252552474255,64.52637795275591,"3. 56–65 inches"
"LG","86QNED82ASA","Australia,New Zealand","LCD (LED)","0.4","2030-01-05","Available",,"ATV6440",166202,217.425,20200.7,132,484,7,7.249808472101204,85.60039370078741,"4. >65 inches"
"LG","50QNED86ASA","Australia,New Zealand","LCD (LED)","0.4","2030-01-05","Available",,"ATV6447",166203,125.727,6754.5112,68,251,5.5,5.572396855687801,49.4988188976378,"2. 44–55 inches"
"LG","86QNED86A6A","Australia,New Zealand","LCD (LED)","0.4","2030-01-05","Available",,"ATV6453",166204,217.425,20200.7,138,506,7,7.050601449047956,85.60039370078741,"4. >65 inches"
"LG","86QNED86ASA","Australia,New Zealand","LCD (LED)","0.4","2030-01-05","Available",,"ATV6448",166205,217.425,20200.7,138,506,7,7.050601449047956,85.60039370078741,"4. >65 inches"
"QBELL","QTU70T","Australia,Fiji,New Zealand","LCD (LED)","0.45","2030-01-07","Available","https://www.ayonz.com/","ATV6462",166222,176.538,13380.468019200001,147.1,690,3.5,3.8905659403682784,69.50314960629922,"4. >65 inches"
"PHILIPS","75PUT7039/79","Australia,New Zealand","LCD (LED)","-","2030-01-01","Available",,"ATV6426",166235,189.274,15307.826135039999,162,667,4.5,4.617398287285496,74.51732283464567,"4. >65 inches"
"PHILIPS","65PUT7039/79","Australia,New Zealand","LCD (LED)","-","2030-01-01","Available",,"ATV6427",166237,165.633,11780.2137,115,462,5,5.147539425779542,65.20984251968504,"4. >65 inches"
"PHILIPS","86PUT7039/79","Australia,New Zealand","LCD (LED)","-","2030-01-01","Available",,"ATV6428",166238,217.427,20200.368384,231,963,4,4.1666614702072025,85.6011811023622,"4. >65 inches"
"JVC","LT-32NQ5155A","Australia,Fiji,New Zealand","LCD (LED)","-","2030-01-06","Available",,"ATV6456",166272,80.054,2736.1600000000003,24.84,110,5.5,5.798969155812304,31.517322834645668,"1. ≤43 inches"
"JVC","LT-43NQ5155A","Australia,Fiji,New Zealand","LCD (LED)","-","2030-01-07","Available",,"ATV6457",166273,107.95,4977.889999999999,38.4,163,6,6.287078165081274,42.5,"1. ≤43 inches"
"JVC","AV-AQ557155A","Australia,Fiji,New Zealand","LCD (LED)","-","2030-01-06","Available",,"ATV6455",166274,138.798,8228,61.38,247,6,6.45268452993256,54.64488188976378,"2. 44–55 inches"
"JVC","LT-55NQ7155A","Australia,Fiji,New Zealand","LCD (LED)","-","2030-01-06","Available",,"ATV6455",166274,138.798,8228,61.38,247,6,6.45268452993256,54.64488188976378,"2. 44–55 inches"
"JVC","LT-55NQ7155AW","Australia,Fiji,New Zealand","LCD (LED)","-","2030-01-06","Available",,"ATV6455",166274,138.798,8228,61.38,247,6,6.45268452993256,54.64488188976378,"2. 44–55 inches"
"JVC","LT-55NQ7155AX","Australia,Fiji,New Zealand","LCD (LED)","-","2030-01-06","Available",,"ATV6455",166274,138.798,8228,61.38,247,6,6.45268452993256,54.64488188976378,"2. 44–55 inches"
"JVC","AV-AQ657155A","Australia,Fiji,New Zealand","LCD (LED)","-","2030-01-07","Available",,"ATV6461",166276,163.829,11466.84,105.96,448,5,5.1714794128570825,64.4996062992126,"3. 56–65 inches"
"JVC","LT-65NQ7155A","Australia,Fiji,New Zealand","LCD (LED)","-","2030-01-07","Available",,"ATV6461",166276,163.829,11466.84,105.96,448,5,5.1714794128570825,64.4996062992126,"3. 56–65 inches"
"JVC","LT-65NQ7155AW","Australia,Fiji,New Zealand","LCD (LED)","-","2030-01-07","Available",,"ATV6461",166276,163.829,11466.84,105.96,448,5,5.1714794128570825,64.4996062992126,"3. 56–65 inches"
"JVC","LT-65NQ7155AX","Australia,Fiji,New Zealand","LCD (LED)","-","2030-01-07","Available",,"ATV6461",166276,163.829,11466.84,105.96,448,5,5.1714794128570825,64.4996062992126,"3. 56–65 inches"
"JVC","AQ657155 series","Australia,Fiji,New Zealand","LCD (LED)","-","2030-01-07","Available",,"ATV6461",166276,163.829,11466.84,105.96,448,5,5.1714794128570825,64.4996062992126,"3. 56–65 inches"
"JVC","AQ557155A series","Australia,Fiji,New Zealand","LCD (LED)","-","2030-01-06","Available",,"ATV6455",166274,138.798,8228,61.38,247,6,6.45268452993256,54.64488188976378,"2. 44–55 inches"
"JVC","AV-JQ757115A","Australia,Fiji,New Zealand","LCD (LED)","-","2030-01-06","Available",,"ATV6454",166280,189.306,15312,106.68,466,6,6.225623617945741,74.52992125984252,"4. >65 inches"
"JVC","AV-JQ757115AE","Australia,Fiji,New Zealand","LCD (LED)","-","2030-01-06","Available",,"ATV6454",166280,189.306,15312,106.68,466,6,6.225623617945741,74.52992125984252,"4. >65 inches"
"JVC","AV-JQ757115A series","Australia,Fiji,New Zealand","LCD (LED)","-","2030-01-06","Available",,"ATV6454",166280,189.306,15312,106.68,466,6,6.225623617945741,74.52992125984252,"4. >65 inches"
"BLAUPUNKT","BP700UTS","Australia,Fiji,New Zealand","LCD (LED)","0.45","2030-01-07","Available","https://www.ayonz.com/","ATV6460",166330,176.538,13380.468019200001,147.1,690,3.5,3.8905659403682784,69.50314960629922,"4. >65 inches"
"LG","50QNED82ASA","Australia,New Zealand","LCD (LED)","0.4","2030-01-05","Available",,"ATV6449",166343,125.727,6754.5112,81,298,4.5,4.803203453670404,49.4988188976378,"2. 44–55 inches"
"LG","75QNED82ASA","Australia,New Zealand","LCD (LED)","0.4","2030-01-05","Available",,"ATV6452",166344,189.275,15307.5663,106,389,7,7.033755235828371,74.51771653543307,"4. >65 inches"
"LG","OLED83C5PSA","Australia,New Zealand","OLED","0.4","2030-01-05","Available",,"ATV6450",166345,209.585,18769.3425,189,692,5,5.329782018752292,82.51377952755905,"4. >65 inches"
"LG","OLED83C56LA","Australia,New Zealand","OLED","0.4","2030-01-05","Available",,"ATV6451",166346,209.585,18769.3425,189,692,5,5.329782018752292,82.51377952755905,"4. >65 inches"
"TCL","55C7K","Australia,Fiji,New Zealand","LCD (LED)","0.253","2030-01-28","Available","https://www.tcl.com/au","ATV6507",166349,138.711,8221.2,106,425,4,4.017199656533554,54.61062992125985,"2. 44–55 inches"
"TCL","50C7K","Australia,Fiji,New Zealand","LCD (LED)","0.233","2030-01-29","Available","https://www.tcl.com/au","ATV6515",166351,125.638,6745.2,87.6,353,4,4.038563985356884,49.463779527559055,"2. 44–55 inches"
"TCL","75C7K","Australia,Fiji,New Zealand","LCD (LED)","0.337","2030-01-28","Available","https://www.tcl.com/au","ATV6508",166352,189.306,15312,190,755,4,4.063194489783653,74.52992125984252,"4. >65 inches"
"TCL","85C7K","Australia,Fiji,New Zealand","LCD (LED)","0.31","2030-01-29","Available","https://www.tcl.com/au","ATV6514",166353,214.783,19712.16,175.2,768,5,5.074722948442811,84.56023622047243,"4. >65 inches"
"TCL","55C6K","Australia,Fiji,New Zealand","LCD (LED)","0.265","2030-01-28","Available","https://www.tcl.com/au","ATV6509",166354,138.711,8221.2,86.5,380,4.5,4.518750857743905,54.61062992125985,"2. 44–55 inches"
"TCL","65C6K","Australia,Fiji,New Zealand","LCD (LED)","0.286","2030-01-29","Available","https://www.tcl.com/au","ATV6513",166355,163.829,11466.84,115,460,5,5.053020882854866,64.4996062992126,"3. 56–65 inches"
"TCL","75C6K","Australia,Fiji,New Zealand","LCD (LED)","0.239","2030-01-28","Available","https://www.tcl.com/au","ATV6510",166356,189.306,15312,140,600,5,5.0929714771961745,74.52992125984252,"4. >65 inches"
"TCL","85C6K","Australia,Fiji,New Zealand","LCD (LED)","0.31","2030-01-29","Available","https://www.tcl.com/au","ATV6512",166357,214.783,19712.16,175.2,768,5,5.074722948442811,84.56023622047243,"4. >65 inches"
"BAUHN","ATV70UHDW-0325","Australia,Fiji,New Zealand","LCD (LED)","-","2030-01-07","Available",,"ATV6459",166409,176.555,13319.8528,109.038,400,6,6.314624076977698,69.50984251968504,"4. >65 inches"
"BLAUPUNKT","BP400FSG98","Australia,Fiji,New Zealand","LCD","0.25","2030-01-12","Available","https://www.ayonz.com/","ATV6465",166422,100.791,4291.38,50.5,186,5,5.118073049588307,39.681496062992125,"1. ≤43 inches"
"BLAUPUNKT","BP320HSG9800","Australia,Fiji,New Zealand","LCD","0.262","2028-05-22","Available","https://www.ayonz.com/","ATV5639",154308,79.831,2721.3599999999997,34.296,130,5,5.03098766900437,31.42952755905512,"1. ≤43 inches"
"BLAUPUNKT","BP320HSG98","Australia,Fiji,New Zealand","LCD","0.262","2028-05-22","Available","https://www.ayonz.com/","ATV5639",154308,79.831,2721.3599999999997,34.296,130,5,5.03098766900437,31.42952755905512,"1. ≤43 inches"
"BLAUPUNKT","BP320FSG98","Australia,Fiji,New Zealand","LCD","0.262","2028-05-22","Available","https://www.ayonz.com/","ATV5639",154308,79.831,2721.3599999999997,34.296,130,5,5.03098766900437,31.42952755905512,"1. ≤43 inches"
"SONY","K-55XR50","Australia,New Zealand","LCD (LED)","0.5","2030-01-08","Available","https://www.sony.com.au/","ATV6463",166434,138.798,8228,111.8,414,4,4.1381312562415715,54.64488188976378,"2. 44–55 inches"
"SONY","K-65XR50","Australia,New Zealand","LCD (LED)","0.5","2030-01-09","Available","https://www.sony.com.au/","ATV6464",166435,163.878,11481.120000000003,150.7,556,4,4.20886096462041,64.51889763779526,"3. 56–65 inches"
"BLAUPUNKT","BP750USG98","Australia,Fiji,New Zealand","LCD","0.401","2030-01-12","Available","https://www.ayonz.com/","ATV6466",166439,189.306,15312,204.81,811,3.5,3.742547514126096,74.52992125984252,"4. >65 inches"
"EKO","K750UGTWQ","Australia,Fiji,New Zealand","LCD","0.401","2030-01-12","Available","https://www.ayonz.com/","ATV6467",166440,189.306,15312,204.81,811,3.5,3.742547514126096,74.52992125984252,"4. >65 inches"
"LG","65QNED9MA6A","Australia,New Zealand","LCD (LED)","0.4","2030-01-30","Available",,"ATV6525",166474,163.897,11477.9975,140,515,4.5,4.550995109743512,64.52637795275591,"3. 56–65 inches"
"LG","65QNED9MASA","Australia,New Zealand","LCD (LED)","0.4","2030-01-30","Available",,"ATV6516",166475,163.897,11477.9975,140,515,4.5,4.550995109743512,64.52637795275591,"3. 56–65 inches"
"LG","75QNED9MA6A","Australia,New Zealand","LCD (LED)","0.4","2030-01-30","Available",,"ATV6526",166476,189.275,15307.5663,153,561,5,5.392921074375575,74.51771653543307,"4. >65 inches"
"LG","75QNED9MASA","Australia,New Zealand","LCD (LED)","0.4","2030-01-30","Available",,"ATV6517",166477,189.275,15307.5663,153,561,5,5.392921074375575,74.51771653543307,"4. >65 inches"
"LG","86QNED9MA6A","Australia,New Zealand","LCD (LED)","0.4","2030-01-30","Available",,"ATV6527",166478,217.425,20200.7,187,685,5.5,5.69325920370442,85.60039370078741,"4. >65 inches"
"LG","86QNED9MASA","Australia,New Zealand","LCD (LED)","0.4","2030-01-30","Available",,"ATV6518",166479,217.425,20200.7,187,685,5.5,5.69325920370442,85.60039370078741,"4. >65 inches"
"JVC","LT-50NQ7145A","Australia,Fiji,New Zealand","LCD (LED)","0.46","2030-01-14","Available",,"ATV6469",166493,125.731,6754.867344,49.6,210,6,6.371851645208939,49.5003937007874,"2. 44–55 inches"
"JVC","LT-50NQ7145AE","Australia,Fiji,New Zealand","LCD (LED)","0.46","2030-01-14","Available",,"ATV6469",166493,125.731,6754.867344,49.6,210,6,6.371851645208939,49.5003937007874,"2. 44–55 inches"
"BLAUPUNKT","BP550USG98","Australia,Fiji,New Zealand","LCD","0.37","2028-09-06","Available","https://www.ayonz.com/","ATV5767",156536,138.798,8228,94.96,349,4.5,4.903531155172063,54.64488188976378,"2. 44–55 inches"
"BLAUPUNKT","BP550USG9800","Australia,Fiji,New Zealand","LCD","0.37","2028-09-06","Available","https://www.ayonz.com/","ATV5767",156536,138.798,8228,94.96,349,4.5,4.903531155172063,54.64488188976378,"2. 44–55 inches"
"EKO","K550UGTQ","Australia,Fiji,New Zealand","LCD","0.347","2030-01-21","Available","https://www.ayonz.com/","ATV6479",166520,138.798,8228,87.96,349,4.5,4.903531155172063,54.64488188976378,"2. 44–55 inches"
"EKO","K500UGTQ","Australia,Fiji,New Zealand","LCD","0.354","2030-01-22","Available","https://www.ayonz.com/","ATV6488",166537,125.638,6745.2,96.612,376,3.5,3.7556918786576565,49.463779527559055,"2. 44–55 inches"
"BLAUPUNKT","BP500USG98","Australia,Fiji,New Zealand","LCD","0.354","2030-01-22","Available","https://www.ayonz.com/","ATV6481",166538,125.638,6745.2,96.612,376,3.5,3.7556918786576565,49.463779527559055,"2. 44–55 inches"
"SAMSUNG","QA65QN900FW","Australia,Fiji,New Zealand","LCD (LED)","0.5","2030-01-14","Available",,"ATV6471",166543,163.897,11477.9975,248,908,2,2.0096826918056427,64.52637795275591,"3. 56–65 inches"
"SAMSUNG","QA65QN900FS","Australia,Fiji,New Zealand","LCD (LED)","0.5","2030-01-14","Available",,"ATV6471",166543,163.897,11477.9975,248,908,2,2.0096826918056427,64.52637795275591,"3. 56–65 inches"
"SAMSUNG","QA65QN900F*","Australia,Fiji,New Zealand","LCD (LED)","0.5","2030-01-14","Available",,"ATV6471",166543,163.897,11477.9975,248,908,2,2.0096826918056427,64.52637795275591,"3. 56–65 inches"
"TCL","98P7K","Australia,Fiji,New Zealand","LCD (LED)","0.433","2030-03-10","Available","https://www.tcl.com/au","ATV6628",166545,247.604,26198.120000000003,148.6,700,6,6.726714214266114,97.48188976377953,"4. >65 inches"
"SAMSUNG","QA43LS03FAW","Australia,Fiji,New Zealand","LCD (LED)","0.5","2030-01-14","Available",,"ATV6473",166552,107.987,4982.7128,70,259,4,4.2156364107821895,42.514566929133856,"1. ≤43 inches"
"SAMSUNG","QA43LS03FAS","Australia,Fiji,New Zealand","LCD (LED)","0.5","2030-01-14","Available",,"ATV6473",166552,107.987,4982.7128,70,259,4,4.2156364107821895,42.514566929133856,"1. ≤43 inches"
"SAMSUNG","QA43LS03FA*","Australia,Fiji,New Zealand","LCD (LED)","0.5","2030-01-14","Available",,"ATV6473",166552,107.987,4982.7128,70,259,4,4.2156364107821895,42.514566929133856,"1. ≤43 inches"
"SAMSUNG","QA55LS03FAW","Australia,Fiji,New Zealand","LCD (LED)","0.5","2030-01-14","Available",,"ATV6474",166554,138.783,8230.118400000001,111,408,4,4.204617778661293,54.63897637795275,"2. 44–55 inches"
"SAMSUNG","QA55LS03FAS","Australia,Fiji,New Zealand","LCD (LED)","0.5","2030-01-14","Available",,"ATV6474",166554,138.783,8230.118400000001,111,408,4,4.204617778661293,54.63897637795275,"2. 44–55 inches"
"SAMSUNG","QA55LS03FA*","Australia,Fiji,New Zealand","LCD (LED)","0.5","2030-01-14","Available",,"ATV6474",166554,138.783,8230.118400000001,111,408,4,4.204617778661293,54.63897637795275,"2. 44–55 inches"
"SAMSUNG","QA48S90FAE","Australia,Fiji,New Zealand","LCD (LED)","0.5","2030-01-14","Available",,"ATV6472",166555,120.721,6226.9196,79,291,4.5,4.580787588050276,47.52795275590551,"2. 44–55 inches"
"SAMSUNG","QA55S90FAW","Australia,Fiji,New Zealand","LCD (LED)","0.5","2030-01-14","Available",,"ATV6475",166560,138.783,8230.118400000001,109,401,4,4.2821721018566965,54.63897637795275,"2. 44–55 inches"
"SAMSUNG","QA55S90FAS","Australia,Fiji,New Zealand","LCD (LED)","0.5","2030-01-14","Available",,"ATV6475",166560,138.783,8230.118400000001,109,401,4,4.2821721018566965,54.63897637795275,"2. 44–55 inches"
"SAMSUNG","QA55S90FA*","Australia,Fiji,New Zealand","LCD (LED)","0.5","2030-01-14","Available",,"ATV6475",166560,138.783,8230.118400000001,109,401,4,4.2821721018566965,54.63897637795275,"2. 44–55 inches"
"BLAUPUNKT","BP500FTS","Australia,Fiji,New Zealand","LCD (LED)","-","2030-01-22","Available","https://www.ayonz.com/","ATV6489",166597,125.731,6754.867344,47.9,224,6,6.082627418214837,49.5003937007874,"2. 44–55 inches"
"SAMSUNG","QA83S90FAE","Australia,Fiji,New Zealand","LCD (LED)","0.5","2030-01-14","Available",,"ATV6476",166610,209.585,18769.3425,216,791,4.5,4.7305623175219225,82.51377952755905,"4. >65 inches"
"SAMSUNG","QA77S85FAE","Australia,Fiji,New Zealand","LCD (LED)","0.5","2030-01-14","Available",,"ATV6477",166612,194.738,16204.123099999999,138,507,6,6.090700128194929,76.66850393700787,"4. >65 inches"
"AIWA","AWS430QW","Australia","LCD (LED)","0.37","2030-02-19","Available",,"ATV6567",166617,107.953,4979.729715840001,45.69,170,6,6.100094078813243,42.5011811023622,"1. ≤43 inches"
"AIWA","AWS650G2","Australia","LCD (LED)","0.41","2030-02-19","Available",,"ATV6563",166618,163.896,11478.122496000002,92.9,371,6,6.0207893291425405,64.5259842519685,"3. 56–65 inches"
"BLAUPUNKT","BP650USG98","Australia,Fiji,New Zealand","LCD","0.354","2030-01-22","Available","https://www.ayonz.com/","ATV6490",166629,163.829,11466.84,94.65,580,4,4.014220466297351,64.4996062992126,"3. 56–65 inches"
"AIWA","AWS550QW","Australia","LCD (LED)","0.36","2030-02-17","Available",,"ATV6561",166636,138.783,8230.118400000001,98.27,397,4,4.327098995599919,54.63897637795275,"2. 44–55 inches"
"AIWA","AWS650QW","Australia","LCD (LED)","0.34","2030-02-19","Available",,"ATV6565",166637,163.896,11478.122496000002,134.33,541,4,4.330320507536826,64.5259842519685,"3. 56–65 inches"
"AKAI","AK40S9ZEN","Australia","LCD (LED)","0.3","2030-04-21","Available",,"ATV6711",166559,100.34,4260.24,40.4,149,6,6.084009427711043,39.503937007874015,"1. ≤43 inches"
"AIWA","AWS500QW","Australia","LCD (LED)","0.36","2030-02-19","Available",,"ATV6566",166639,125.731,6754.867344,79.06,321,4,4.470234547545021,49.5003937007874,"2. 44–55 inches"
"EKO","K49FST","Australia,Fiji,New Zealand","LCD (LED)","-","2030-01-22","Available","https://www.ayonz.com/","ATV6482",166640,125.731,6754.867344,47.9,224,6,6.082627418214837,49.5003937007874,"2. 44–55 inches"
"LG","43QNED82ASA","Australia,New Zealand","LCD (LED)","0.4","2030-01-30","Available",,"ATV6519",166677,107.987,4982.7128,70,258,4,4.232972680439712,42.514566929133856,"1. ≤43 inches"
"LG","50UA8450PSA","Australia,New Zealand","LCD (LED)","0.4","2030-01-30","Available",,"ATV6528",166678,125.727,6754.5112,83,305,4.5,4.699152541308104,49.4988188976378,"2. 44–55 inches"
"LG","55UA8450PSA","Australia,New Zealand","LCD (LED)","0.4","2030-01-30","Available",,"ATV6520",166679,138.783,8230.118400000001,92,338,5,5.048116404602346,54.63897637795275,"2. 44–55 inches"
"LG","OLED65M5PSA","Australia,New Zealand","OLED","0.4","2030-01-30","Available",,"ATV6529",166680,163.896,11478.122496000002,140,514,4.5,4.559751351895967,64.5259842519685,"3. 56–65 inches"
"LG","OLED65M59LA","Australia,New Zealand","OLED","0.4","2030-01-30","Available",,"ATV6521",166681,163.896,11478.122496000002,140,514,4.5,4.559751351895967,64.5259842519685,"3. 56–65 inches"
"TCL","55P7K","Australia,Fiji,New Zealand","LCD (LED)","0.346","2030-03-10","Available","https://www.tcl.com/au","ATV6625",166710,138.711,8221.2,69.8,284,5.5,5.823727017010947,54.61062992125985,"2. 44–55 inches"
"TCL","50P7K","Australia,Fiji,New Zealand","LCD (LED)","0.359","2030-03-10","Available","https://www.tcl.com/au","ATV6629",166711,125.638,6745.2,60.2,245,5.5,5.675222738153714,49.463779527559055,"2. 44–55 inches"
"SAMSUNG","QA65QN80FAW","Australia,Fiji,New Zealand","LCD (LED)","0.5","2030-01-22","Available",,"ATV6491",166741,163.897,11477.9975,154,565,4,4.13575196273349,64.52637795275591,"3. 56–65 inches"
"SAMSUNG","QA65QN80FAS","Australia,Fiji,New Zealand","LCD (LED)","0.5","2030-01-22","Available",,"ATV6491",166741,163.897,11477.9975,154,565,4,4.13575196273349,64.52637795275591,"3. 56–65 inches"
"SAMSUNG","QA65QN80FA*","Australia,Fiji,New Zealand","LCD (LED)","0.5","2030-01-22","Available",,"ATV6491",166741,163.897,11477.9975,154,565,4,4.13575196273349,64.52637795275591,"3. 56–65 inches"
"SAMSUNG","QA55S85FAE","Australia,Fiji,New Zealand","LCD (LED)","0.5","2030-01-22","Available",,"ATV6483",166746,138.783,8230.118400000001,104,383,4,4.487987765609641,54.63897637795275,"2. 44–55 inches"
"BAUHN","ATV32HDW-0425","Australia","LCD","0.39","2030-03-16","Available",,"ATV6647",166754,80.06,2737.8617,25.23,101,6,6.183721090805194,31.519685039370078,"1. ≤43 inches"
"PHILIPS","75PQT9020/79","Australia,Fiji,New Zealand","LCD (LED)","-","2030-01-22","Available","https://www.ayonz.com/","ATV6492",166757,189.34,15318.517823999999,203.5,824,3.5,3.673105632499593,74.54330708661418,"4. >65 inches"
"SAMSUNG","QA55S95FAW","Australia,Fiji,New Zealand","LCD (LED)","0.5","2030-01-22","Available",,"ATV6484",166760,138.783,8230.118400000001,109,401,4,4.2821721018566965,54.63897637795275,"2. 44–55 inches"
"SAMSUNG","QA55S95FAS","Australia,Fiji,New Zealand","LCD (LED)","0.5","2030-01-22","Available",,"ATV6484",166760,138.783,8230.118400000001,109,401,4,4.2821721018566965,54.63897637795275,"2. 44–55 inches"
"SAMSUNG","QA55S95FA*","Australia,Fiji,New Zealand","LCD (LED)","0.5","2030-01-22","Available",,"ATV6484",166760,138.783,8230.118400000001,109,401,4,4.2821721018566965,54.63897637795275,"2. 44–55 inches"
"HISENSE","55S7NAU","Australia","LCD (LED)","0.35","2030-01-21","Available","https://global.hisense.com/","ATV6480",166765,138.783,8230.118400000001,87.99,381,4.5,4.511450751759631,54.63897637795275,"2. 44–55 inches"
"HISENSE","65S7NAU","Australia","LCD (LED)","0.36","2030-01-21","Available","https://global.hisense.com/","ATV6478",166766,163.896,11478.122496000002,105.58,416,5.5,5.50774202403524,64.5259842519685,"3. 56–65 inches"
"SAMSUNG","QA65S85FAE","Australia,Fiji,New Zealand","LCD (LED)","0.5","2030-01-22","Available",,"ATV6485",166782,163.897,11477.9975,129,474,4.5,4.922771835891622,64.52637795275591,"3. 56–65 inches"
"SAMSUNG","QA65S90FAE","Australia,Fiji,New Zealand","LCD (LED)","0.5","2030-01-22","Available",,"ATV6494",166783,163.897,11477.9975,145,532,4,4.405453871887269,64.52637795275591,"3. 56–65 inches"
"SAMSUNG","QA77S90FAE","Australia,Fiji,New Zealand","LCD (LED)","0.5","2030-01-22","Available",,"ATV6486",166784,194.738,16204.123099999999,174,638,5,5.060747533105207,76.66850393700787,"4. >65 inches"
"SAMSUNG","QA55QN90FAW","Australia,Fiji,New Zealand","LCD (LED)","0.5","2030-01-22","Available",,"ATV6495",166787,138.783,8230.118400000001,110,405,4,4.237691139975824,54.63897637795275,"2. 44–55 inches"
"SAMSUNG","QA55QN90FAS","Australia,Fiji,New Zealand","LCD (LED)","0.5","2030-01-22","Available",,"ATV6495",166787,138.783,8230.118400000001,110,405,4,4.237691139975824,54.63897637795275,"2. 44–55 inches"
"SAMSUNG","QA55QN90FA*","Australia,Fiji,New Zealand","LCD (LED)","0.5","2030-01-22","Available",,"ATV6495",166787,138.783,8230.118400000001,110,405,4,4.237691139975824,54.63897637795275,"2. 44–55 inches"
"HYUNDAI","H50UHDQLDZEN","Australia,Fiji,New Zealand","LCD (LED)","-","2030-01-23","Available",,"ATV6501",166797,125.731,6754.867344,58.81,217,6,6.224906673553365,49.5003937007874,"2. 44–55 inches"
"HYUNDAI","H55UHDQLDZEN","Australia,Fiji,New Zealand","LCD (LED)","-","2030-01-23","Available",,"ATV6496",166798,138.783,8230.118400000001,71.5,263,6,6.17246824819191,54.63897637795275,"2. 44–55 inches"
"HYUNDAI","H65UHDQLDZEN","Australia,Fiji,New Zealand","LCD (LED)","-","2030-01-23","Available",,"ATV6502",166799,163.896,11478.122496000002,92,338,6,6.43826125058401,64.5259842519685,"3. 56–65 inches"
"HYUNDAI","H75UHDQLDZEN","Australia,Fiji,New Zealand","LCD (LED)","-","2030-01-23","Available",,"ATV6503",166801,189.34,15318.517823999999,122.94,451,6,6.374071835005367,74.54330708661418,"4. >65 inches"
"EKO","K430FGTQ","Australia,Fiji,New Zealand","LCD","0.301","2030-01-27","Available","https://www.ayonz.com/","ATV6505",166809,108.135,5002.02,45.012,196,5,5.479867364841652,42.572834645669296,"1. ≤43 inches"
"BAUHN","ATV55UHDW-0425","Australia","LCD","0.34","2030-03-23","Available",,"ATV6663",166810,138.401,8188.740000000001,70,270,6,6.033938115953562,54.48858267716536,"2. 44–55 inches"
"PHILIPS","65PQT9020/79","Australia,Fiji,New Zealand","LCD (LED)","-","2030-01-27","Available","https://www.ayonz.com/","ATV6504",166812,163.896,11478.122496000002,175.9,722,3,3.036956400231941,64.5259842519685,"3. 56–65 inches"
"PHILIPS","86PQT9020/79","Australia,Fiji,New Zealand","LCD (LED)","-","2030-01-27","Available","https://www.ayonz.com/","ATV6506",166813,217.427,20200.368384,287.2,1163,3,3.320996248832184,85.6011811023622,"4. >65 inches"
"SONY","K-75XR50","Australia,New Zealand","LCD (LED)","0.5","2030-01-23","Available","https://www.sony.com.au/","ATV6499",166818,189.306,15312,195.4,719,4,4.28214050565656,74.52992125984252,"4. >65 inches"
"LG","OLED77T4PSA","Australia,New Zealand","OLED","0.4","2030-01-30","Available",,"ATV6522",166821,194.738,16204.123099999999,182,667,4.5,4.861540510051958,76.66850393700787,"4. >65 inches"
"LG","43UA8450PSA","Australia,New Zealand","LCD (LED)","0.4","2030-01-30","Available",,"ATV6530",166822,107.987,4982.7128,70,258,4,4.232972680439712,42.514566929133856,"1. ≤43 inches"
"LG","OLED77M5PSA","Australia,New Zealand","OLED","0.4","2030-01-30","Available",,"ATV6523",166823,194.738,16204.123099999999,178,654,4.5,4.949746932968969,76.66850393700787,"4. >65 inches"
"SONY","K-85XR50","Australia,New Zealand","LCD (LED)","0.5","2030-01-23","Available","https://www.sony.com.au/","ATV6500",166824,214.783,19712.16,216.9,797,4.5,4.908619355377953,84.56023622047243,"4. >65 inches"
"LG","OLED77M56LA","Australia,New Zealand","OLED","0.4","2030-01-30","Available",,"ATV6531",166826,194.738,16204.123099999999,178,654,4.5,4.949746932968969,76.66850393700787,"4. >65 inches"
"LG","OLED83M5PSA","Australia,New Zealand","OLED","0.4","2030-01-30","Available",,"ATV6524",166827,209.585,18769.3425,214,785,4.5,4.764684970587185,82.51377952755905,"4. >65 inches"
"LG","OLED83M56LA","Australia,New Zealand","OLED","0.4","2030-01-30","Available",,"ATV6532",166828,209.585,18769.3425,214,785,4.5,4.764684970587185,82.51377952755905,"4. >65 inches"
"SAMSUNG","QA42S90FAE","Australia,Fiji,New Zealand","LCD (LED)","0.5","2030-02-02","Available",,"ATV6539",166885,105.52,4757.6080999999995,67,248,4,4.229006903442793,41.54330708661417,"1. ≤43 inches"
"SAMSUNG","QA43QN90FAW","Australia,Fiji,New Zealand","LCD (LED)","0.5","2030-01-30","Available",,"ATV6533",166886,107.987,4982.7128,62,229,4.5,4.767326376368296,42.514566929133856,"1. ≤43 inches"
"SAMSUNG","QA43QN90FAS","Australia,Fiji,New Zealand","LCD (LED)","0.5","2030-01-30","Available",,"ATV6533",166886,107.987,4982.7128,62,229,4.5,4.767326376368296,42.514566929133856,"1. ≤43 inches"
"SAMSUNG","QA43QN90FA*","Australia,Fiji,New Zealand","LCD (LED)","0.5","2030-01-30","Available",,"ATV6533",166886,107.987,4982.7128,62,229,4.5,4.767326376368296,42.514566929133856,"1. ≤43 inches"
"SAMSUNG","QA55QN70FAW","Australia,Fiji,New Zealand","LCD (LED)","0.5","2030-02-02","Available",,"ATV6540",166887,138.783,8230.118400000001,107,394,4,4.361092231544146,54.63897637795275,"2. 44–55 inches"
"SAMSUNG","QA55QN70FAS","Australia,Fiji,New Zealand","LCD (LED)","0.5","2030-02-02","Available",,"ATV6540",166887,138.783,8230.118400000001,107,394,4,4.361092231544146,54.63897637795275,"2. 44–55 inches"
"SAMSUNG","QA55QN70FA*","Australia,Fiji,New Zealand","LCD (LED)","0.5","2030-02-02","Available",,"ATV6540",166887,138.783,8230.118400000001,107,394,4,4.361092231544146,54.63897637795275,"2. 44–55 inches"
"SAMSUNG","QA65QN70FAW","Australia,Fiji,New Zealand","LCD (LED)","0.5","2030-02-02","Available",,"ATV6541",166897,163.897,11477.9975,141,518,4.5,4.524965490865716,64.52637795275591,"3. 56–65 inches"
"SAMSUNG","QA65QN70FAS","Australia,Fiji,New Zealand","LCD (LED)","0.5","2030-02-02","Available",,"ATV6541",166897,163.897,11477.9975,141,518,4.5,4.524965490865716,64.52637795275591,"3. 56–65 inches"
"SAMSUNG","QA65QN70FA*","Australia,Fiji,New Zealand","LCD (LED)","0.5","2030-02-02","Available",,"ATV6541",166897,163.897,11477.9975,141,518,4.5,4.524965490865716,64.52637795275591,"3. 56–65 inches"
"SAMSUNG","QA65QN90FAW","Australia,Fiji,New Zealand","LCD (LED)","0.5","2030-01-30","Available",,"ATV6534",166898,163.897,11477.9975,137,503,4.5,4.656652344403179,64.52637795275591,"3. 56–65 inches"
"SAMSUNG","QA65QN90FAS","Australia,Fiji,New Zealand","LCD (LED)","0.5","2030-01-30","Available",,"ATV6534",166898,163.897,11477.9975,137,503,4.5,4.656652344403179,64.52637795275591,"3. 56–65 inches"
"SAMSUNG","QA65QN90FA*","Australia,Fiji,New Zealand","LCD (LED)","0.5","2030-01-30","Available",,"ATV6534",166898,163.897,11477.9975,137,503,4.5,4.656652344403179,64.52637795275591,"3. 56–65 inches"
"SAMSUNG","QA65S95FAW","Australia,Fiji,New Zealand","LCD (LED)","0.5","2030-02-02","Available",,"ATV6542",166899,163.897,11477.9975,152,558,4,4.191620791080563,64.52637795275591,"3. 56–65 inches"
"SAMSUNG","QA65S95FAS","Australia,Fiji,New Zealand","LCD (LED)","0.5","2030-02-02","Available",,"ATV6542",166899,163.897,11477.9975,152,558,4,4.191620791080563,64.52637795275591,"3. 56–65 inches"
"SAMSUNG","QA65S95FA*","Australia,Fiji,New Zealand","LCD (LED)","0.5","2030-02-02","Available",,"ATV6542",166899,163.897,11477.9975,152,558,4,4.191620791080563,64.52637795275591,"3. 56–65 inches"
"TCL","65C7K","Australia,Fiji,New Zealand","LCD (LED)","0.287","2030-01-28","Available","https://www.tcl.com/au","ATV6511",166900,163.829,11466.84,134.4,510,4.5,4.590608970758261,64.4996062992126,"3. 56–65 inches"
"SAMSUNG","QA75QN70FAW","Australia,Fiji,New Zealand","LCD (LED)","0.5","2030-02-02","Available",,"ATV6543",166901,189.338,15318.8066,156,572,5,5.3090460999305416,74.54251968503937,"4. >65 inches"
"SAMSUNG","QA75QN70FAS","Australia,Fiji,New Zealand","LCD (LED)","0.5","2030-02-02","Available",,"ATV6543",166901,189.338,15318.8066,156,572,5,5.3090460999305416,74.54251968503937,"4. >65 inches"
"SAMSUNG","QA75QN70FA*","Australia,Fiji,New Zealand","LCD (LED)","0.5","2030-02-02","Available",,"ATV6543",166901,189.338,15318.8066,156,572,5,5.3090460999305416,74.54251968503937,"4. >65 inches"
"SAMSUNG","QA75QN900FW","Australia,Fiji,New Zealand","LCD (LED)","0.5","2030-02-02","Available",,"ATV6544",166953,189.338,15318.8066,271,992,2.5,2.8416473664139534,74.54251968503937,"4. >65 inches"
"SAMSUNG","QA75QN900FS","Australia,Fiji,New Zealand","LCD (LED)","0.5","2030-02-02","Available",,"ATV6544",166953,189.338,15318.8066,271,992,2.5,2.8416473664139534,74.54251968503937,"4. >65 inches"
"SAMSUNG","QA75QN900F*","Australia,Fiji,New Zealand","LCD (LED)","0.5","2030-02-02","Available",,"ATV6544",166953,189.338,15318.8066,271,992,2.5,2.8416473664139534,74.54251968503937,"4. >65 inches"
"SAMSUNG","QA75QN90FAW","Australia,Fiji,New Zealand","LCD (LED)","0.5","2030-01-30","Available",,"ATV6535",166954,189.338,15318.8066,151,554,5,5.4523363919609436,74.54251968503937,"4. >65 inches"
"SAMSUNG","QA75QN90FAS","Australia,Fiji,New Zealand","LCD (LED)","0.5","2030-01-30","Available",,"ATV6535",166954,189.338,15318.8066,151,554,5,5.4523363919609436,74.54251968503937,"4. >65 inches"
"SAMSUNG","QA75QN90FA*","Australia,Fiji,New Zealand","LCD (LED)","0.5","2030-01-30","Available",,"ATV6535",166954,189.338,15318.8066,151,554,5,5.4523363919609436,74.54251968503937,"4. >65 inches"
"SAMSUNG","QA77S95FAW","Australia,Fiji,New Zealand","LCD (LED)","0.5","2030-02-02","Available",,"ATV6545",166955,195.177,16277.825900000002,216,791,4,4.116919246611706,76.84133858267717,"4. >65 inches"
"SAMSUNG","QA77S95FAS","Australia,Fiji,New Zealand","LCD (LED)","0.5","2030-02-02","Available",,"ATV6545",166955,195.177,16277.825900000002,216,791,4,4.116919246611706,76.84133858267717,"4. >65 inches"
"SAMSUNG","QA77S95FA*","Australia,Fiji,New Zealand","LCD (LED)","0.5","2030-02-02","Available",,"ATV6545",166955,195.177,16277.825900000002,216,791,4,4.116919246611706,76.84133858267717,"4. >65 inches"
"SAMSUNG","QA83S85FAE","Australia,Fiji,New Zealand","LCD (LED)","0.5","2030-01-30","Available",,"ATV6536",166956,209.585,18769.3425,186,682,5,5.395014904437214,82.51377952755905,"4. >65 inches"
"SAMSUNG","QA85QN70FAW","Australia,Fiji,New Zealand","LCD (LED)","0.5","2030-02-02","Available",,"ATV6546",166957,214.783,19712.16,199,729,5,5.308276644402545,84.56023622047243,"4. >65 inches"
"SAMSUNG","QA85QN70FAS","Australia,Fiji,New Zealand","LCD (LED)","0.5","2030-02-02","Available",,"ATV6546",166957,214.783,19712.16,199,729,5,5.308276644402545,84.56023622047243,"4. >65 inches"
"SAMSUNG","QA85QN70FA*","Australia,Fiji,New Zealand","LCD (LED)","0.5","2030-02-02","Available",,"ATV6546",166957,214.783,19712.16,199,729,5,5.308276644402545,84.56023622047243,"4. >65 inches"
"SAMSUNG","QA85QN900FW","Australia,Fiji,New Zealand","LCD (LED)","0.5","2030-02-02","Available",,"ATV6547",166959,214.783,19712.16,286,1047,3.5,3.685955601603823,84.56023622047243,"4. >65 inches"
"SAMSUNG","QA85QN900FS","Australia,Fiji,New Zealand","LCD (LED)","0.5","2030-02-02","Available",,"ATV6547",166959,214.783,19712.16,286,1047,3.5,3.685955601603823,84.56023622047243,"4. >65 inches"
"SAMSUNG","QA85QN900F*","Australia,Fiji,New Zealand","LCD (LED)","0.5","2030-02-02","Available",,"ATV6547",166959,214.783,19712.16,286,1047,3.5,3.685955601603823,84.56023622047243,"4. >65 inches"
"SAMSUNG","QA85QN90FAW","Australia,Fiji,New Zealand","LCD (LED)","0.5","2030-01-30","Available",,"ATV6537",166960,214.783,19712.16,211,773,5,5.045641599680856,84.56023622047243,"4. >65 inches"
"SAMSUNG","QA85QN90FAS","Australia,Fiji,New Zealand","LCD (LED)","0.5","2030-01-30","Available",,"ATV6537",166960,214.783,19712.16,211,773,5,5.045641599680856,84.56023622047243,"4. >65 inches"
"SAMSUNG","QA85QN90FA*","Australia,Fiji,New Zealand","LCD (LED)","0.5","2030-01-30","Available",,"ATV6537",166960,214.783,19712.16,211,773,5,5.045641599680856,84.56023622047243,"4. >65 inches"
"SAMSUNG","QA85QN990FW","Australia,Fiji,New Zealand","LCD (LED)","0.5","2030-02-02","Available",,"ATV6548",166961,214.783,19712.16,360,1317,2.5,2.657794628447642,84.56023622047243,"4. >65 inches"
"SAMSUNG","QA85QN990FS","Australia,Fiji,New Zealand","LCD (LED)","0.5","2030-02-02","Available",,"ATV6548",166961,214.783,19712.16,360,1317,2.5,2.657794628447642,84.56023622047243,"4. >65 inches"
"SAMSUNG","QA85QN990F*","Australia,Fiji,New Zealand","LCD (LED)","0.5","2030-02-02","Available",,"ATV6548",166961,214.783,19712.16,360,1317,2.5,2.657794628447642,84.56023622047243,"4. >65 inches"
"SAMSUNG","QA98QN90FAW","Australia,Fiji,New Zealand","LCD (LED)","0.5","2030-01-30","Available",,"ATV6538",166962,247.688,26214.3084,242,886,5.5,5.673423805130912,97.51496062992125,"4. >65 inches"
"SAMSUNG","QA98QN90FAS","Australia,Fiji,New Zealand","LCD (LED)","0.5","2030-01-30","Available",,"ATV6538",166962,247.688,26214.3084,242,886,5.5,5.673423805130912,97.51496062992125,"4. >65 inches"
"SAMSUNG","QA98QN90FA*","Australia,Fiji,New Zealand","LCD (LED)","0.5","2030-01-30","Available",,"ATV6538",166962,247.688,26214.3084,242,886,5.5,5.673423805130912,97.51496062992125,"4. >65 inches"
"TCL","65P7K","Australia,Fiji,New Zealand","LCD (LED)","0.337","2030-03-11","Available","https://www.tcl.com/au","ATV6635",166999,163.829,11466.84,75,320,6,6.679352863107162,64.4996062992126,"3. 56–65 inches"
"SAMSUNG","QA65QN990FW","Australia,Fiji,New Zealand","LCD (LED)","0.5","2030-02-03","Available",,"ATV6549",167002,163.897,11477.9975,282,1032,1,1.4360180410178471,64.52637795275591,"3. 56–65 inches"
"SAMSUNG","QA65QN990FS","Australia,Fiji,New Zealand","LCD (LED)","0.5","2030-02-03","Available",,"ATV6549",167002,163.897,11477.9975,282,1032,1,1.4360180410178471,64.52637795275591,"3. 56–65 inches"
"SAMSUNG","QA65QN990F*","Australia,Fiji,New Zealand","LCD (LED)","0.5","2030-02-03","Available",,"ATV6549",167002,163.897,11477.9975,282,1032,1,1.4360180410178471,64.52637795275591,"3. 56–65 inches"
"TCL","43P7K","Australia,Fiji,New Zealand","LCD (LED)","0.335","2030-03-10","Available","https://www.tcl.com/au","ATV6630",167005,107.95,4977.889999999999,50.5,220,4.5,4.943201795903388,42.5,"1. ≤43 inches"
"LG","OLED97G5PSA","Australia,New Zealand","OLED","0.4","2030-02-20","Available",,"ATV6573",167007,245.145,25679.7954,228,835,5.5,5.849211107706925,96.51377952755905,"4. >65 inches"
"LG","OLED97G56LA","Australia,New Zealand","OLED","0.4","2030-02-20","Available",,"ATV6568",167008,245.145,25679.7954,228,835,5.5,5.849211107706925,96.51377952755905,"4. >65 inches"
"LG","OLED97M5PSA","Australia,New Zealand","OLED","0.4","2030-02-20","Available",,"ATV6574",167009,245.145,25679.7954,253,926,5,5.3856417632822415,96.51377952755905,"4. >65 inches"
"LG","OLED97M56LA","Australia,New Zealand","OLED","0.4","2030-02-20","Available",,"ATV6569",167010,245.145,25679.7954,253,926,5,5.3856417632822415,96.51377952755905,"4. >65 inches"
"SAMSUNG","UA43TU8000W","Australia,Fiji,New Zealand","LCD (LED)","0.5","2030-02-09","Available",,"ATV6559",167016,107.95,4977.889999999999,69,255,4,4.281582860753533,42.5,"1. ≤43 inches"
"SAMSUNG","UA43TU8000S","Australia,Fiji,New Zealand","LCD (LED)","0.5","2030-02-09","Available",,"ATV6559",167016,107.95,4977.889999999999,69,255,4,4.281582860753533,42.5,"1. ≤43 inches"
"SAMSUNG","UA43TU8500S","Australia,Fiji,New Zealand","LCD (LED)","0.5","2030-02-09","Available",,"ATV6559",167016,107.95,4977.889999999999,69,255,4,4.281582860753533,42.5,"1. ≤43 inches"
"SAMSUNG","UA43TU8000","Australia,Fiji,New Zealand","LCD (LED)","0.5","2030-02-09","Available",,"ATV6559",167016,107.95,4977.889999999999,69,255,4,4.281582860753533,42.5,"1. ≤43 inches"
"SAMSUNG","UA75TU8000W","Australia,Fiji,New Zealand","LCD (LED)","0.5","2030-02-09","Available",,"ATV6558",167018,189.579,15363.599999999999,154,565,5,5.376740651485925,74.63740157480315,"4. >65 inches"
"SAMSUNG","UA75TU8000S","Australia,Fiji,New Zealand","LCD (LED)","0.5","2030-02-09","Available",,"ATV6558",167018,189.579,15363.599999999999,154,565,5,5.376740651485925,74.63740157480315,"4. >65 inches"
"SAMSUNG","UA75TU8000","Australia,Fiji,New Zealand","LCD (LED)","0.5","2030-02-09","Available",,"ATV6558",167018,189.579,15363.599999999999,154,565,5,5.376740651485925,74.63740157480315,"4. >65 inches"
"SAMSUNG","QA65LS03FWW","Australia,Fiji,New Zealand","LCD (LED)","0.5","2030-02-06","Available",,"ATV6550",167019,163.897,11477.9975,154,565,4,4.13575196273349,64.52637795275591,"3. 56–65 inches"
"SAMSUNG","QA65LS03FWS","Australia,Fiji,New Zealand","LCD (LED)","0.5","2030-02-06","Available",,"ATV6550",167019,163.897,11477.9975,154,565,4,4.13575196273349,64.52637795275591,"3. 56–65 inches"
"SAMSUNG","QA65LS03FW*","Australia,Fiji,New Zealand","LCD (LED)","0.5","2030-02-06","Available",,"ATV6550",167019,163.897,11477.9975,154,565,4,4.13575196273349,64.52637795275591,"3. 56–65 inches"
"SAMSUNG","QA83S95FAE","Australia,Fiji,New Zealand","LCD (LED)","0.5","2030-02-06","Available",,"ATV6551",167021,209.585,18769.3425,248,908,4,4.112366496844155,82.51377952755905,"4. >65 inches"
"SAMSUNG","QA85Q8FAAW","Australia,Fiji,New Zealand","LCD (LED)","0.5","2030-02-06","Available",,"ATV6556",167024,214.783,19712.16,196,718,5,5.376412886166596,84.56023622047243,"4. >65 inches"
"SAMSUNG","QA85Q8FAAS","Australia,Fiji,New Zealand","LCD (LED)","0.5","2030-02-06","Available",,"ATV6556",167024,214.783,19712.16,196,718,5,5.376412886166596,84.56023622047243,"4. >65 inches"
"SAMSUNG","QA85Q8F5AW","Australia,Fiji,New Zealand","LCD (LED)","0.5","2030-02-06","Available",,"ATV6556",167024,214.783,19712.16,196,718,5,5.376412886166596,84.56023622047243,"4. >65 inches"
"SAMSUNG","QA85Q8F*A*","Australia,Fiji,New Zealand","LCD (LED)","0.5","2030-02-06","Available",,"ATV6556",167024,214.783,19712.16,196,718,5,5.376412886166596,84.56023622047243,"4. >65 inches"
"SAMSUNG","QA75Q8FAAW","Australia,Fiji,New Zealand","LCD (LED)","0.5","2030-02-06","Available",,"ATV6552",167025,189.338,15318.8066,181,664,4.5,4.640672950815304,74.54251968503937,"4. >65 inches"
"SAMSUNG","QA75Q8FAAS","Australia,Fiji,New Zealand","LCD (LED)","0.5","2030-02-06","Available",,"ATV6552",167025,189.338,15318.8066,181,664,4.5,4.640672950815304,74.54251968503937,"4. >65 inches"
"SAMSUNG","QA75Q8F5AW","Australia,Fiji,New Zealand","LCD (LED)","0.5","2030-02-06","Available",,"ATV6552",167025,189.338,15318.8066,181,664,4.5,4.640672950815304,74.54251968503937,"4. >65 inches"
"SAMSUNG","QA75Q8F*A*","Australia,Fiji,New Zealand","LCD (LED)","0.5","2030-02-06","Available",,"ATV6552",167025,189.338,15318.8066,181,664,4.5,4.640672950815304,74.54251968503937,"4. >65 inches"
"SAMSUNG","QA65Q8FAAW","Australia,Fiji,New Zealand","LCD (LED)","0.5","2030-02-06","Available",,"ATV6553",167027,163.897,11477.9975,122,448,5,5.175587070514531,64.52637795275591,"3. 56–65 inches"
"SAMSUNG","QA65Q8FAAS","Australia,Fiji,New Zealand","LCD (LED)","0.5","2030-02-06","Available",,"ATV6553",167027,163.897,11477.9975,122,448,5,5.175587070514531,64.52637795275591,"3. 56–65 inches"
"SAMSUNG","QA65Q8F5AW","Australia,Fiji,New Zealand","LCD (LED)","0.5","2030-02-06","Available",,"ATV6553",167027,163.897,11477.9975,122,448,5,5.175587070514531,64.52637795275591,"3. 56–65 inches"
"SAMSUNG","QA65Q8F*A*","Australia,Fiji,New Zealand","LCD (LED)","0.5","2030-02-06","Available",,"ATV6553",167027,163.897,11477.9975,122,448,5,5.175587070514531,64.52637795275591,"3. 56–65 inches"
"SAMSUNG","QA55Q8FAAW","Australia,Fiji,New Zealand","LCD (LED)","0.5","2030-02-06","Available",,"ATV6554",167029,138.783,8230.118400000001,79,291,5.5,5.719086403196216,54.63897637795275,"2. 44–55 inches"
"SAMSUNG","QA55Q8FAAS","Australia,Fiji,New Zealand","LCD (LED)","0.5","2030-02-06","Available",,"ATV6554",167029,138.783,8230.118400000001,79,291,5.5,5.719086403196216,54.63897637795275,"2. 44–55 inches"
"SAMSUNG","QA55Q8F5AW","Australia,Fiji,New Zealand","LCD (LED)","0.5","2030-02-06","Available",,"ATV6554",167029,138.783,8230.118400000001,79,291,5.5,5.719086403196216,54.63897637795275,"2. 44–55 inches"
"SAMSUNG","QA55Q8F*A*","Australia,Fiji,New Zealand","LCD (LED)","0.5","2030-02-06","Available",,"ATV6554",167029,138.783,8230.118400000001,79,291,5.5,5.719086403196216,54.63897637795275,"2. 44–55 inches"
"SAMSUNG","QA50Q8FAAW","Australia,Fiji,New Zealand","LCD (LED)","0.5","2030-02-06","Available",,"ATV6555",167031,125.727,6754.5112,75,277,5,5.130687621990228,49.4988188976378,"2. 44–55 inches"
"SAMSUNG","QA50Q8FAAS","Australia,Fiji,New Zealand","LCD (LED)","0.5","2030-02-06","Available",,"ATV6555",167031,125.727,6754.5112,75,277,5,5.130687621990228,49.4988188976378,"2. 44–55 inches"
"SAMSUNG","QA50Q8F5AW","Australia,Fiji,New Zealand","LCD (LED)","0.5","2030-02-06","Available",,"ATV6555",167031,125.727,6754.5112,75,277,5,5.130687621990228,49.4988188976378,"2. 44–55 inches"
"SAMSUNG","QA50Q8F*A*","Australia,Fiji,New Zealand","LCD (LED)","0.5","2030-02-06","Available",,"ATV6555",167031,125.727,6754.5112,75,277,5,5.130687621990228,49.4988188976378,"2. 44–55 inches"
"SAMSUNG","QA43Q8FAAW","Australia,Fiji,New Zealand","LCD (LED)","0.5","2030-02-06","Available",,"ATV6557",167032,107.987,4982.7128,68,251,4,4.356241516253395,42.514566929133856,"1. ≤43 inches"
"SAMSUNG","QA43Q8FAAS","Australia,Fiji,New Zealand","LCD (LED)","0.5","2030-02-06","Available",,"ATV6557",167032,107.987,4982.7128,68,251,4,4.356241516253395,42.514566929133856,"1. ≤43 inches"
"SAMSUNG","QA43Q8F5AW","Australia,Fiji,New Zealand","LCD (LED)","0.5","2030-02-06","Available",,"ATV6557",167032,107.987,4982.7128,68,251,4,4.356241516253395,42.514566929133856,"1. ≤43 inches"
"SAMSUNG","QA43Q8F*A*","Australia,Fiji,New Zealand","LCD (LED)","0.5","2030-02-06","Available",,"ATV6557",167032,107.987,4982.7128,68,251,4,4.356241516253395,42.514566929133856,"1. ≤43 inches"
"SONY","K-98XR50","Australia,New Zealand","LCD (LED)","0.5","2030-02-12","Available","https://www.sony.com.au/","ATV6560",167174,247.691,26210.260000000002,356.4,1306,3.5,3.9339256901459634,97.51614173228346,"4. >65 inches"
"SAMSUNG","QA55QN80FAW","Australia,Fiji,New Zealand","LCD (LED)","0.5","2030-02-25","Available",,"ATV6610",167179,138.783,8230.118400000001,107,394,4,4.361092231544146,54.63897637795275,"2. 44–55 inches"
"SAMSUNG","QA55QN80FAS","Australia,Fiji,New Zealand","LCD (LED)","0.5","2030-02-25","Available",,"ATV6610",167179,138.783,8230.118400000001,107,394,4,4.361092231544146,54.63897637795275,"2. 44–55 inches"
"SAMSUNG","QA55QN80FA*","Australia,Fiji,New Zealand","LCD (LED)","0.5","2030-02-25","Available",,"ATV6610",167179,138.783,8230.118400000001,107,394,4,4.361092231544146,54.63897637795275,"2. 44–55 inches"
"SAMSUNG","QA50QN80FAW","Australia,Fiji,New Zealand","LCD (LED)","0.5","2030-02-25","Available",,"ATV6609",167181,127.225,7083.2512,100,368,4,4.051057550731866,50.08858267716535,"2. 44–55 inches"
"SAMSUNG","QA50QN80FAS","Australia,Fiji,New Zealand","LCD (LED)","0.5","2030-02-25","Available",,"ATV6609",167181,127.225,7083.2512,100,368,4,4.051057550731866,50.08858267716535,"2. 44–55 inches"
"SAMSUNG","QA50QN80FA*","Australia,Fiji,New Zealand","LCD (LED)","0.5","2030-02-25","Available",,"ATV6609",167181,127.225,7083.2512,100,368,4,4.051057550731866,50.08858267716535,"2. 44–55 inches"
"SAMSUNG","QA75QN80FAW","Australia,Fiji,New Zealand","LCD (LED)","0.5","2030-02-24","Available",,"ATV6579",167182,189.338,15318.8066,204,748,4,4.106842473544156,74.54251968503937,"4. >65 inches"
"SAMSUNG","QA75QN80FAS","Australia,Fiji,New Zealand","LCD (LED)","0.5","2030-02-24","Available",,"ATV6579",167182,189.338,15318.8066,204,748,4,4.106842473544156,74.54251968503937,"4. >65 inches"
"SAMSUNG","QA75QN80FA*","Australia,Fiji,New Zealand","LCD (LED)","0.5","2030-02-24","Available",,"ATV6579",167182,189.338,15318.8066,204,748,4,4.106842473544156,74.54251968503937,"4. >65 inches"
"SAMSUNG","QA85QN80FAW","Australia,Fiji,New Zealand","LCD (LED)","0.5","2030-02-25","Available",,"ATV6608",167183,214.783,19712.16,248,908,4,4.324288331500522,84.56023622047243,"4. >65 inches"
"SAMSUNG","QA85QN80FAS","Australia,Fiji,New Zealand","LCD (LED)","0.5","2030-02-25","Available",,"ATV6608",167183,214.783,19712.16,248,908,4,4.324288331500522,84.56023622047243,"4. >65 inches"
"SAMSUNG","QA85QN80FA*","Australia,Fiji,New Zealand","LCD (LED)","0.5","2030-02-25","Available",,"ATV6608",167183,214.783,19712.16,248,908,4,4.324288331500522,84.56023622047243,"4. >65 inches"
"LG","100QNED86A6","Australia,New Zealand","LCD (LED)","0.4","2030-02-20","Available",,"ATV6570",167194,252.784,27304.2576,260,952,5.5,5.529345929280184,99.52125984251968,"4. >65 inches"
"LG","100QNED86AS","Australia,New Zealand","LCD (LED)","0.4","2030-02-20","Available",,"ATV6571",167202,252.784,27304.2576,260,952,5.5,5.529345929280184,99.52125984251968,"4. >65 inches"
"SAMSUNG","QA55QN85FAW","Australia,Fiji,New Zealand","LCD (LED)","0.5","2030-02-25","Available",,"ATV6605",167235,138.783,8230.118400000001,111,408,4,4.204617778661293,54.63897637795275,"2. 44–55 inches"
"SAMSUNG","QA55QN85FAS","Australia,Fiji,New Zealand","LCD (LED)","0.5","2030-02-25","Available",,"ATV6605",167235,138.783,8230.118400000001,111,408,4,4.204617778661293,54.63897637795275,"2. 44–55 inches"
"SAMSUNG","QA55QN85FA*","Australia,Fiji,New Zealand","LCD (LED)","0.5","2030-02-25","Available",,"ATV6605",167235,138.783,8230.118400000001,111,408,4,4.204617778661293,54.63897637795275,"2. 44–55 inches"
"SKYWORTH","24LP60G","Australia,Fiji,New Zealand","LCD (LED)","-","2030-02-17","Available",,"ATV6562",167238,60.469,1562.41008,16.33,76,5.5,5.583285571635198,23.806692913385827,"1. ≤43 inches"
"SAMSUNG","QA65QN85FAW","Australia,Fiji,New Zealand","LCD (LED)","0.5","2030-02-25","Available",,"ATV6604",167239,163.897,11477.9975,140,514,4.5,4.5597053556687195,64.52637795275591,"3. 56–65 inches"
"SAMSUNG","QA65QN85FAS","Australia,Fiji,New Zealand","LCD (LED)","0.5","2030-02-25","Available",,"ATV6604",167239,163.897,11477.9975,140,514,4.5,4.5597053556687195,64.52637795275591,"3. 56–65 inches"
"SAMSUNG","QA65QN85FA*","Australia,Fiji,New Zealand","LCD (LED)","0.5","2030-02-25","Available",,"ATV6604",167239,163.897,11477.9975,140,514,4.5,4.5597053556687195,64.52637795275591,"3. 56–65 inches"
"SAMSUNG","QA75QN85FAW","Australia,Fiji,New Zealand","LCD (LED)","0.5","2030-02-24","Available",,"ATV6584",167240,189.338,15318.8066,166,609,5,5.0281539300204185,74.54251968503937,"4. >65 inches"
"SAMSUNG","QA75QN85FAS","Australia,Fiji,New Zealand","LCD (LED)","0.5","2030-02-24","Available",,"ATV6584",167240,189.338,15318.8066,166,609,5,5.0281539300204185,74.54251968503937,"4. >65 inches"
"SAMSUNG","QA75QN85FA*","Australia,Fiji,New Zealand","LCD (LED)","0.5","2030-02-24","Available",,"ATV6584",167240,189.338,15318.8066,166,609,5,5.0281539300204185,74.54251968503937,"4. >65 inches"
"SAMSUNG","QA85QN85FAW","Australia,Fiji,New Zealand","LCD (LED)","0.5","2030-02-24","Available",,"ATV6585",167242,214.783,19712.16,211,773,5,5.045641599680856,84.56023622047243,"4. >65 inches"
"SAMSUNG","QA85QN85FAS","Australia,Fiji,New Zealand","LCD (LED)","0.5","2030-02-24","Available",,"ATV6585",167242,214.783,19712.16,211,773,5,5.045641599680856,84.56023622047243,"4. >65 inches"
"SAMSUNG","QA85QN85FA*","Australia,Fiji,New Zealand","LCD (LED)","0.5","2030-02-24","Available",,"ATV6585",167242,214.783,19712.16,211,773,5,5.045641599680856,84.56023622047243,"4. >65 inches"
"SAMSUNG","QA50LS03FAW","Australia,Fiji,New Zealand","LCD (LED)","0.5","2030-02-24","Available",,"ATV6586",167244,125.727,6754.5112,92,339,4,4.225518729573082,49.4988188976378,"2. 44–55 inches"
"SAMSUNG","QA50LS03FAS","Australia,Fiji,New Zealand","LCD (LED)","0.5","2030-02-24","Available",,"ATV6586",167244,125.727,6754.5112,92,339,4,4.225518729573082,49.4988188976378,"2. 44–55 inches"
"SAMSUNG","QA50LS03FA*","Australia,Fiji,New Zealand","LCD (LED)","0.5","2030-02-24","Available",,"ATV6586",167244,125.727,6754.5112,92,339,4,4.225518729573082,49.4988188976378,"2. 44–55 inches"
"SAMSUNG","QA65LS03FAW","Australia,Fiji,New Zealand","LCD (LED)","0.5","2030-02-25","Available",,"ATV6603",167245,163.897,11477.9975,153,562,4,4.159610511283939,64.52637795275591,"3. 56–65 inches"
"SAMSUNG","QA75LS03FWW","Australia,Fiji,New Zealand","LCD (LED)","0.5","2030-02-25","Available",,"ATV6602",167247,189.338,15318.8066,189,693,4,4.4491018771198965,74.54251968503937,"4. >65 inches"
"SAMSUNG","QA75LS03FWS","Australia,Fiji,New Zealand","LCD (LED)","0.5","2030-02-25","Available",,"ATV6602",167247,189.338,15318.8066,189,693,4,4.4491018771198965,74.54251968503937,"4. >65 inches"
"SAMSUNG","QA75LS03FW*","Australia,Fiji,New Zealand","LCD (LED)","0.5","2030-02-25","Available",,"ATV6602",167247,189.338,15318.8066,189,693,4,4.4491018771198965,74.54251968503937,"4. >65 inches"
"SAMSUNG","QA85LS03FWW","Australia,Fiji,New Zealand","LCD (LED)","0.5","2030-02-25","Available",,"ATV6601",167249,214.783,19712.16,220,806,4.5,4.858297203336008,84.56023622047243,"4. >65 inches"
"SAMSUNG","QA85LS03FWS","Australia,Fiji,New Zealand","LCD (LED)","0.5","2030-02-25","Available",,"ATV6601",167249,214.783,19712.16,220,806,4.5,4.858297203336008,84.56023622047243,"4. >65 inches"
"SAMSUNG","QA85LS03FW*","Australia,Fiji,New Zealand","LCD (LED)","0.5","2030-02-25","Available",,"ATV6601",167249,214.783,19712.16,220,806,4.5,4.858297203336008,84.56023622047243,"4. >65 inches"
"SAMSUNG","QA50QN90FAW","Australia,Fiji,New Zealand","LCD (LED)","0.5","2030-02-24","Available",,"ATV6587",167250,125.727,6754.5112,77,284,5,5.018846021249878,49.4988188976378,"2. 44–55 inches"
"SAMSUNG","QA50QN90FAS","Australia,Fiji,New Zealand","LCD (LED)","0.5","2030-02-24","Available",,"ATV6587",167250,125.727,6754.5112,77,284,5,5.018846021249878,49.4988188976378,"2. 44–55 inches"
"SAMSUNG","QA50QN90FA*","Australia,Fiji,New Zealand","LCD (LED)","0.5","2030-02-24","Available",,"ATV6587",167250,125.727,6754.5112,77,284,5,5.018846021249878,49.4988188976378,"2. 44–55 inches"
"MONSTER","MT24HDNFB","Australia","LCD (LED)","0.5","2030-02-20","Available",,"ATV6575",167265,59.827,1529.038,15.38,59,6,6.651375912212433,23.553937007874016,"1. ≤43 inches"
"MONSTER","MT32HDNFB","Australia","LCD (LED)","0.4","2030-02-19","Available",,"ATV6564",167317,80.043,2737.0770999999995,15.87,60,8,8.51651414520261,31.512992125984255,"1. ≤43 inches"
"SAMSUNG","QA55Q7FAAW","Australia,Fiji,New Zealand","LCD (LED)","0.5","2030-02-25","Available",,"ATV6600",167343,138.783,8230.118400000001,84,310,5,5.4356409263487215,54.63897637795275,"2. 44–55 inches"
"SAMSUNG","QA55Q7FAAS","Australia,Fiji,New Zealand","LCD (LED)","0.5","2030-02-25","Available",,"ATV6600",167343,138.783,8230.118400000001,84,310,5,5.4356409263487215,54.63897637795275,"2. 44–55 inches"
"SAMSUNG","QA55Q7F5AW","Australia,Fiji,New Zealand","LCD (LED)","0.5","2030-02-25","Available",,"ATV6600",167343,138.783,8230.118400000001,84,310,5,5.4356409263487215,54.63897637795275,"2. 44–55 inches"
"SAMSUNG","QA55Q7F5AS","Australia,Fiji,New Zealand","LCD (LED)","0.5","2030-02-25","Available",,"ATV6600",167343,138.783,8230.118400000001,84,310,5,5.4356409263487215,54.63897637795275,"2. 44–55 inches"
"SAMSUNG","QA55QEF1AW","Australia,Fiji,New Zealand","LCD (LED)","0.5","2030-02-25","Available",,"ATV6600",167343,138.783,8230.118400000001,84,310,5,5.4356409263487215,54.63897637795275,"2. 44–55 inches"
"SAMSUNG","QA55QEF1AS","Australia,Fiji,New Zealand","LCD (LED)","0.5","2030-02-25","Available",,"ATV6600",167343,138.783,8230.118400000001,84,310,5,5.4356409263487215,54.63897637795275,"2. 44–55 inches"
"SAMSUNG","55Q7F","Australia,Fiji,New Zealand","LCD (LED)","0.5","2030-02-25","Available",,"ATV6600",167343,138.783,8230.118400000001,84,310,5,5.4356409263487215,54.63897637795275,"2. 44–55 inches"
"SAMSUNG","QA65Q7FAAW","Australia,Fiji,New Zealand","LCD (LED)","0.5","2030-02-24","Available",,"ATV6588",167356,163.897,11477.9975,117,430,5,5.359361253034525,64.52637795275591,"3. 56–65 inches"
"SAMSUNG","QA65Q7FAAS","Australia,Fiji,New Zealand","LCD (LED)","0.5","2030-02-24","Available",,"ATV6588",167356,163.897,11477.9975,117,430,5,5.359361253034525,64.52637795275591,"3. 56–65 inches"
"SAMSUNG","QA65Q7F5AW","Australia,Fiji,New Zealand","LCD (LED)","0.5","2030-02-24","Available",,"ATV6588",167356,163.897,11477.9975,117,430,5,5.359361253034525,64.52637795275591,"3. 56–65 inches"
"SAMSUNG","QA65Q7F5AS","Australia,Fiji,New Zealand","LCD (LED)","0.5","2030-02-24","Available",,"ATV6588",167356,163.897,11477.9975,117,430,5,5.359361253034525,64.52637795275591,"3. 56–65 inches"
"SAMSUNG","QA65QEF1AW","Australia,Fiji,New Zealand","LCD (LED)","0.5","2030-02-24","Available",,"ATV6588",167356,163.897,11477.9975,117,430,5,5.359361253034525,64.52637795275591,"3. 56–65 inches"
"SAMSUNG","QA65QEF1AS","Australia,Fiji,New Zealand","LCD (LED)","0.5","2030-02-24","Available",,"ATV6588",167356,163.897,11477.9975,117,430,5,5.359361253034525,64.52637795275591,"3. 56–65 inches"
"SAMSUNG","QA65QN990FW","Australia,Fiji,New Zealand","LCD (LED)","0.5","2030-02-25","Available",,"ATV6599",167367,163.897,11477.9975,259,948,1.5,1.8164881163862312,64.52637795275591,"3. 56–65 inches"
"SAMSUNG","QA65QN990FS","Australia,Fiji,New Zealand","LCD (LED)","0.5","2030-02-25","Available",,"ATV6599",167367,163.897,11477.9975,259,948,1.5,1.8164881163862312,64.52637795275591,"3. 56–65 inches"
"SAMSUNG","QA65QN990F*","Australia,Fiji,New Zealand","LCD (LED)","0.5","2030-02-25","Available",,"ATV6599",167367,163.897,11477.9975,259,948,1.5,1.8164881163862312,64.52637795275591,"3. 56–65 inches"
"SAMSUNG","QA85QN990FW","Australia,Fiji,New Zealand","LCD (LED)","0.5","2030-02-25","Available",,"ATV6598",167369,214.783,19712.16,330,1208,3,3.0449459610302894,84.56023622047243,"4. >65 inches"
"SAMSUNG","QA85QN990FS","Australia,Fiji,New Zealand","LCD (LED)","0.5","2030-02-25","Available",,"ATV6598",167369,214.783,19712.16,330,1208,3,3.0449459610302894,84.56023622047243,"4. >65 inches"
"SAMSUNG","QA85QN990F*","Australia,Fiji,New Zealand","LCD (LED)","0.5","2030-02-25","Available",,"ATV6598",167369,214.783,19712.16,330,1208,3,3.0449459610302894,84.56023622047243,"4. >65 inches"
"SAMSUNG","QA75Q7FAAW","Australia,Fiji,New Zealand","LCD (LED)","0.5","2030-02-24","Available",,"ATV6589",167370,189.338,15318.8066,143,525,5.5,5.69328632683023,74.54251968503937,"4. >65 inches"
"SAMSUNG","QA75Q7FAAS","Australia,Fiji,New Zealand","LCD (LED)","0.5","2030-02-24","Available",,"ATV6589",167370,189.338,15318.8066,143,525,5.5,5.69328632683023,74.54251968503937,"4. >65 inches"
"SAMSUNG","QA75Q7F5AW","Australia,Fiji,New Zealand","LCD (LED)","0.5","2030-02-24","Available",,"ATV6589",167370,189.338,15318.8066,143,525,5.5,5.69328632683023,74.54251968503937,"4. >65 inches"
"SAMSUNG","QA75Q7F5AS","Australia,Fiji,New Zealand","LCD (LED)","0.5","2030-02-24","Available",,"ATV6589",167370,189.338,15318.8066,143,525,5.5,5.69328632683023,74.54251968503937,"4. >65 inches"
"SAMSUNG","QA75QEF1AW","Australia,Fiji,New Zealand","LCD (LED)","0.5","2030-02-24","Available",,"ATV6589",167370,189.338,15318.8066,143,525,5.5,5.69328632683023,74.54251968503937,"4. >65 inches"
"SAMSUNG","QA75QEF1AS","Australia,Fiji,New Zealand","LCD (LED)","0.5","2030-02-24","Available",,"ATV6589",167370,189.338,15318.8066,143,525,5.5,5.69328632683023,74.54251968503937,"4. >65 inches"
"SAMSUNG","QA85Q7FAAW","Australia,Fiji,New Zealand","LCD (LED)","0.5","2030-02-25","Available",,"ATV6597",167371,214.783,19712.16,187,686,5.5,5.580729529214643,84.56023622047243,"4. >65 inches"
"SAMSUNG","QA85Q7FAAS","Australia,Fiji,New Zealand","LCD (LED)","0.5","2030-02-25","Available",,"ATV6597",167371,214.783,19712.16,187,686,5.5,5.580729529214643,84.56023622047243,"4. >65 inches"
"SAMSUNG","QA85Q7F5AW","Australia,Fiji,New Zealand","LCD (LED)","0.5","2030-02-25","Available",,"ATV6597",167371,214.783,19712.16,187,686,5.5,5.580729529214643,84.56023622047243,"4. >65 inches"
"SAMSUNG","QA85Q7F5AS","Australia,Fiji,New Zealand","LCD (LED)","0.5","2030-02-25","Available",,"ATV6597",167371,214.783,19712.16,187,686,5.5,5.580729529214643,84.56023622047243,"4. >65 inches"
"SAMSUNG","QA85QEF1AW","Australia,Fiji,New Zealand","LCD (LED)","0.5","2030-02-25","Available",,"ATV6597",167371,214.783,19712.16,187,686,5.5,5.580729529214643,84.56023622047243,"4. >65 inches"
"SAMSUNG","QA85QEF1AS","Australia,Fiji,New Zealand","LCD (LED)","0.5","2030-02-25","Available",,"ATV6597",167371,214.783,19712.16,187,686,5.5,5.580729529214643,84.56023622047243,"4. >65 inches"
"SAMSUNG","85Q7F","Australia,Fiji,New Zealand","LCD (LED)","0.5","2030-02-25","Available",,"ATV6597",167371,214.783,19712.16,187,686,5.5,5.580729529214643,84.56023622047243,"4. >65 inches"
"SAMSUNG","QA100QN80FW","Australia,Fiji,New Zealand","LCD (LED)","0.5","2030-02-24","Available",,"ATV6590",167372,252.784,27304.2576,282,1032,5,5.167745019126502,99.52125984251968,"4. >65 inches"
"SAMSUNG","QA100QN80FS","Australia,Fiji,New Zealand","LCD (LED)","0.5","2030-02-24","Available",,"ATV6590",167372,252.784,27304.2576,282,1032,5,5.167745019126502,99.52125984251968,"4. >65 inches"
"SAMSUNG","QA100QN80F*","Australia,Fiji,New Zealand","LCD (LED)","0.5","2030-02-24","Available",,"ATV6590",167372,252.784,27304.2576,282,1032,5,5.167745019126502,99.52125984251968,"4. >65 inches"
"AIWA","AWS550G","Australia","LCD (LED)","0.43","2030-02-20","Available",,"ATV6576",167411,138.783,8230.118400000001,65.43,258,6,6.25848663027421,54.63897637795275,"2. 44–55 inches"
"LG","55UA7350PSB","Australia,Fiji,New Zealand","LCD (LED)","-","2030-02-24","Available",,"ATV6591",167414,138.783,8230.118400000001,91,334,5,5.101467274193711,54.63897637795275,"2. 44–55 inches"
"LG","50UA7350PSB","Australia,Fiji,New Zealand","LCD (LED)","-","2030-02-25","Available",,"ATV6619",167429,125.727,6754.5112,81,297,4.5,4.818267064887973,49.4988188976378,"2. 44–55 inches"
"LG","86UA8450PSA","Australia,Fiji,New Zealand","LCD (LED)","-","2030-02-24","Available",,"ATV6592",167430,217.425,20200.7,155,568,6,6.532617627633684,85.60039370078741,"4. >65 inches"
"LG","43UA7350PSB","Australia,Fiji,New Zealand","LCD (LED)","-","2030-02-25","Available",,"ATV6618",167431,107.987,4982.7128,66,242,4.5,4.519881526282994,42.514566929133856,"1. ≤43 inches"
"LG","75UA8450PSA","Australia,Fiji,New Zealand","LCD (LED)","-","2030-02-24","Available",,"ATV6593",167432,189.275,15307.5663,137,502,5.5,5.890899999495833,74.51771653543307,"4. >65 inches"
"LG","65UA7350PSB","Australia,Fiji,New Zealand","LCD (LED)","-","2030-02-25","Available",,"ATV6617",167433,163.897,11477.9975,115,422,5,5.443521850734936,64.52637795275591,"3. 56–65 inches"
"LG","50QNED80ASA","Australia,New Zealand","LCD (LED)","0.4","2030-02-20","Available",,"ATV6572",167434,125.727,6754.5112,68,251,5.5,5.572396855687801,49.4988188976378,"2. 44–55 inches"
"LG","75QNED86A6A","Australia,New Zealand","LCD (LED)","0.4","2030-02-20","Available",,"ATV6577",167435,189.275,15307.5663,106,389,7,7.033755235828371,74.51771653543307,"4. >65 inches"
"EMETE","EME-5501TE","Australia,Fiji,New Zealand","LCD (LED)","-","2030-02-25","Available",,"ATV6616",167437,138.798,8228,104.8,391,4,4.394282121921142,54.64488188976378,"2. 44–55 inches"
"EMETE","EME-5502TE","Australia,Fiji,New Zealand","LCD (LED)","-","2030-02-25","Available",,"ATV6616",167437,138.798,8228,104.8,391,4,4.394282121921142,54.64488188976378,"2. 44–55 inches"
"EMETE","EME-5503TE","Australia,Fiji,New Zealand","LCD (LED)","-","2030-02-25","Available",,"ATV6616",167437,138.798,8228,104.8,391,4,4.394282121921142,54.64488188976378,"2. 44–55 inches"
"EMETE","EME-5504TE","Australia,Fiji,New Zealand","LCD (LED)","-","2030-02-25","Available",,"ATV6616",167437,138.798,8228,104.8,391,4,4.394282121921142,54.64488188976378,"2. 44–55 inches"
"EMETE","EME-5505TE","Australia,Fiji,New Zealand","LCD (LED)","-","2030-02-25","Available",,"ATV6616",167437,138.798,8228,104.8,391,4,4.394282121921142,54.64488188976378,"2. 44–55 inches"
"EMETE","EME-5506TE","Australia,Fiji,New Zealand","LCD (LED)","-","2030-02-25","Available",,"ATV6616",167437,138.798,8228,104.8,391,4,4.394282121921142,54.64488188976378,"2. 44–55 inches"
"EMETE","EME-5507TE","Australia,Fiji,New Zealand","LCD (LED)","-","2030-02-25","Available",,"ATV6616",167437,138.798,8228,104.8,391,4,4.394282121921142,54.64488188976378,"2. 44–55 inches"
"EMETE","EME-5508TE","Australia,Fiji,New Zealand","LCD (LED)","-","2030-02-25","Available",,"ATV6616",167437,138.798,8228,104.8,391,4,4.394282121921142,54.64488188976378,"2. 44–55 inches"
"EMETE","EME-5509TE","Australia,Fiji,New Zealand","LCD (LED)","-","2030-02-25","Available",,"ATV6616",167437,138.798,8228,104.8,391,4,4.394282121921142,54.64488188976378,"2. 44–55 inches"
"EMETE","EME-6501TE","Australia,New Zealand","LCD (LED)","-","2030-02-25","Available",,"ATV6611",167438,163.878,11481.120000000003,110.08,415,5.5,5.519630522141826,64.51889763779526,"3. 56–65 inches"
"EMETE","EME-6502TE","Australia,New Zealand","LCD (LED)","-","2030-02-25","Available",,"ATV6611",167438,163.878,11481.120000000003,110.08,415,5.5,5.519630522141826,64.51889763779526,"3. 56–65 inches"
"EMETE","EME-6503TE","Australia,New Zealand","LCD (LED)","-","2030-02-25","Available",,"ATV6611",167438,163.878,11481.120000000003,110.08,415,5.5,5.519630522141826,64.51889763779526,"3. 56–65 inches"
"EMETE","EME-6504TE","Australia,New Zealand","LCD (LED)","-","2030-02-25","Available",,"ATV6611",167438,163.878,11481.120000000003,110.08,415,5.5,5.519630522141826,64.51889763779526,"3. 56–65 inches"
"EMETE","EME-6505TE","Australia,New Zealand","LCD (LED)","-","2030-02-25","Available",,"ATV6611",167438,163.878,11481.120000000003,110.08,415,5.5,5.519630522141826,64.51889763779526,"3. 56–65 inches"
"EMETE","EME-6506TE","Australia,New Zealand","LCD (LED)","-","2030-02-25","Available",,"ATV6611",167438,163.878,11481.120000000003,110.08,415,5.5,5.519630522141826,64.51889763779526,"3. 56–65 inches"
"EMETE","EME-6507TE","Australia,New Zealand","LCD (LED)","-","2030-02-25","Available",,"ATV6611",167438,163.878,11481.120000000003,110.08,415,5.5,5.519630522141826,64.51889763779526,"3. 56–65 inches"
"EMETE","EME-6508TE","Australia,New Zealand","LCD (LED)","-","2030-02-25","Available",,"ATV6611",167438,163.878,11481.120000000003,110.08,415,5.5,5.519630522141826,64.51889763779526,"3. 56–65 inches"
"EMETE","EME-6509TE","Australia,New Zealand","LCD (LED)","-","2030-02-25","Available",,"ATV6611",167438,163.878,11481.120000000003,110.08,415,5.5,5.519630522141826,64.51889763779526,"3. 56–65 inches"
"EMETE","EME-6510TE","Australia,New Zealand","LCD (LED)","-","2030-02-25","Available",,"ATV6611",167438,163.878,11481.120000000003,110.08,415,5.5,5.519630522141826,64.51889763779526,"3. 56–65 inches"
"EMETE","EME-7501TE","Australia,New Zealand","LCD (LED)","-","2030-02-25","Available",,"ATV6615",167439,189.275,15307.5663,175.6,650,4.5,4.733025430966904,74.51771653543307,"4. >65 inches"
"EMETE","EME-7502TE","Australia,New Zealand","LCD (LED)","-","2030-02-25","Available",,"ATV6615",167439,189.275,15307.5663,175.6,650,4.5,4.733025430966904,74.51771653543307,"4. >65 inches"
"EMETE","EME-7503TE","Australia,New Zealand","LCD (LED)","-","2030-02-25","Available",,"ATV6615",167439,189.275,15307.5663,175.6,650,4.5,4.733025430966904,74.51771653543307,"4. >65 inches"
"EMETE","EME-7504TE","Australia,New Zealand","LCD (LED)","-","2030-02-25","Available",,"ATV6615",167439,189.275,15307.5663,175.6,650,4.5,4.733025430966904,74.51771653543307,"4. >65 inches"
"EMETE","EME-7505TE","Australia,New Zealand","LCD (LED)","-","2030-02-25","Available",,"ATV6615",167439,189.275,15307.5663,175.6,650,4.5,4.733025430966904,74.51771653543307,"4. >65 inches"
"EMETE","EME-7506TE","Australia,New Zealand","LCD (LED)","-","2030-02-25","Available",,"ATV6615",167439,189.275,15307.5663,175.6,650,4.5,4.733025430966904,74.51771653543307,"4. >65 inches"
"EMETE","EME-7507TE","Australia,New Zealand","LCD (LED)","-","2030-02-25","Available",,"ATV6615",167439,189.275,15307.5663,175.6,650,4.5,4.733025430966904,74.51771653543307,"4. >65 inches"
"EMETE","EME-7508TE","Australia,New Zealand","LCD (LED)","-","2030-02-25","Available",,"ATV6615",167439,189.275,15307.5663,175.6,650,4.5,4.733025430966904,74.51771653543307,"4. >65 inches"
"EMETE","EME-7509TE","Australia,New Zealand","LCD (LED)","-","2030-02-25","Available",,"ATV6615",167439,189.275,15307.5663,175.6,650,4.5,4.733025430966904,74.51771653543307,"4. >65 inches"
"EMETE","EME-7510TE","Australia,New Zealand","LCD (LED)","-","2030-02-25","Available",,"ATV6615",167439,189.275,15307.5663,175.6,650,4.5,4.733025430966904,74.51771653543307,"4. >65 inches"
"EMETE","EME-8501TE","Australia,New Zealand","LCD (LED)","-","2030-02-25","Available",,"ATV6612",167440,214.783,19712.16,199.69,740,5,5.241160861305282,84.56023622047243,"4. >65 inches"
"EMETE","EME-8502TE","Australia,New Zealand","LCD (LED)","-","2030-02-25","Available",,"ATV6612",167440,214.783,19712.16,199.69,740,5,5.241160861305282,84.56023622047243,"4. >65 inches"
"EMETE","EME-8503TE","Australia,New Zealand","LCD (LED)","-","2030-02-25","Available",,"ATV6612",167440,214.783,19712.16,199.69,740,5,5.241160861305282,84.56023622047243,"4. >65 inches"
"EMETE","EME-8504TE","Australia,New Zealand","LCD (LED)","-","2030-02-25","Available",,"ATV6612",167440,214.783,19712.16,199.69,740,5,5.241160861305282,84.56023622047243,"4. >65 inches"
"EMETE","EME-8505TE","Australia,New Zealand","LCD (LED)","-","2030-02-25","Available",,"ATV6612",167440,214.783,19712.16,199.69,740,5,5.241160861305282,84.56023622047243,"4. >65 inches"
"EMETE","EME-8506TE","Australia,New Zealand","LCD (LED)","-","2030-02-25","Available",,"ATV6612",167440,214.783,19712.16,199.69,740,5,5.241160861305282,84.56023622047243,"4. >65 inches"
"EMETE","EME-8507TE","Australia,New Zealand","LCD (LED)","-","2030-02-25","Available",,"ATV6612",167440,214.783,19712.16,199.69,740,5,5.241160861305282,84.56023622047243,"4. >65 inches"
"EMETE","EME-8508TE","Australia,New Zealand","LCD (LED)","-","2030-02-25","Available",,"ATV6612",167440,214.783,19712.16,199.69,740,5,5.241160861305282,84.56023622047243,"4. >65 inches"
"EMETE","EME-8509TE","Australia,New Zealand","LCD (LED)","-","2030-02-25","Available",,"ATV6612",167440,214.783,19712.16,199.69,740,5,5.241160861305282,84.56023622047243,"4. >65 inches"
"EMETE","EME-8510TE","Australia,New Zealand","LCD (LED)","-","2030-02-25","Available",,"ATV6612",167440,214.783,19712.16,199.69,740,5,5.241160861305282,84.56023622047243,"4. >65 inches"
"EMETE","EME-1001TE","Australia,New Zealand","LCD (LED)","-","2030-02-26","Available",,"ATV6620",167441,252.784,27304.2576,320,1201,4,4.488111325276538,99.52125984251968,"4. >65 inches"
"EMETE","EME-1002TE","Australia,New Zealand","LCD (LED)","-","2030-02-26","Available",,"ATV6620",167441,252.784,27304.2576,320,1201,4,4.488111325276538,99.52125984251968,"4. >65 inches"
"EMETE","EME-1003TE","Australia,New Zealand","LCD (LED)","-","2030-02-26","Available",,"ATV6620",167441,252.784,27304.2576,320,1201,4,4.488111325276538,99.52125984251968,"4. >65 inches"
"EMETE","EME-1004TE","Australia,New Zealand","LCD (LED)","-","2030-02-26","Available",,"ATV6620",167441,252.784,27304.2576,320,1201,4,4.488111325276538,99.52125984251968,"4. >65 inches"
"EMETE","EME-1005TE","Australia,New Zealand","LCD (LED)","-","2030-02-26","Available",,"ATV6620",167441,252.784,27304.2576,320,1201,4,4.488111325276538,99.52125984251968,"4. >65 inches"
"EMETE","EME-1006TE","Australia,New Zealand","LCD (LED)","-","2030-02-26","Available",,"ATV6620",167441,252.784,27304.2576,320,1201,4,4.488111325276538,99.52125984251968,"4. >65 inches"
"EMETE","EME-1007TE","Australia,New Zealand","LCD (LED)","-","2030-02-26","Available",,"ATV6620",167441,252.784,27304.2576,320,1201,4,4.488111325276538,99.52125984251968,"4. >65 inches"
"EMETE","EME-1008TE","Australia,New Zealand","LCD (LED)","-","2030-02-26","Available",,"ATV6620",167441,252.784,27304.2576,320,1201,4,4.488111325276538,99.52125984251968,"4. >65 inches"
"EMETE","EME-1009TE","Australia,New Zealand","LCD (LED)","-","2030-02-26","Available",,"ATV6620",167441,252.784,27304.2576,320,1201,4,4.488111325276538,99.52125984251968,"4. >65 inches"
"EMETE","EME-1010TE","Australia,New Zealand","LCD (LED)","-","2030-02-26","Available",,"ATV6620",167441,252.784,27304.2576,320,1201,4,4.488111325276538,99.52125984251968,"4. >65 inches"
"BAUHN","ATV43FHDW-0325","Australia","LCD","0.35","2030-02-20","Available",,"ATV6578",167445,109.465,5109.25,39.8,172,6,6.148719852583788,43.096456692913385,"2. 44–55 inches"
"SAMSUNG","QA75QN990FW","Australia,Fiji,New Zealand","LCD (LED)","0.5","2030-02-25","Available",,"ATV6614",167555,189.338,15318.8066,285,1043,2.5,2.61697877339104,74.54251968503937,"4. >65 inches"
"SAMSUNG","QA75QN990FS","Australia,Fiji,New Zealand","LCD (LED)","0.5","2030-02-25","Available",,"ATV6614",167555,189.338,15318.8066,285,1043,2.5,2.61697877339104,74.54251968503937,"4. >65 inches"
"SAMSUNG","QA75QN990F*","Australia,Fiji,New Zealand","LCD (LED)","0.5","2030-02-25","Available",,"ATV6614",167555,189.338,15318.8066,285,1043,2.5,2.61697877339104,74.54251968503937,"4. >65 inches"
"SAMSUNG","QA55QN1EFAW","Australia,Fiji,New Zealand","LCD (LED)","0.5","2030-02-24","Available",,"ATV6594",167556,138.783,8230.118400000001,112,412,4,4.160896259989094,54.63897637795275,"2. 44–55 inches"
"SAMSUNG","QA55QN1EFAS","Australia,Fiji,New Zealand","LCD (LED)","0.5","2030-02-24","Available",,"ATV6594",167556,138.783,8230.118400000001,112,412,4,4.160896259989094,54.63897637795275,"2. 44–55 inches"
"SAMSUNG","QA55QN1EFA*","Australia,Fiji,New Zealand","LCD (LED)","0.5","2030-02-24","Available",,"ATV6594",167556,138.783,8230.118400000001,112,412,4,4.160896259989094,54.63897637795275,"2. 44–55 inches"
"SAMSUNG","QA65QN1EFAW","Australia,Fiji,New Zealand","LCD (LED)","0.5","2030-02-24","Available",,"ATV6595",167558,163.897,11477.9975,131,481,4.5,4.8570744481591746,64.52637795275591,"3. 56–65 inches"
"SAMSUNG","QA65QN1EFAS","Australia,Fiji,New Zealand","LCD (LED)","0.5","2030-02-24","Available",,"ATV6595",167558,163.897,11477.9975,131,481,4.5,4.8570744481591746,64.52637795275591,"3. 56–65 inches"
"SAMSUNG","QA65QN1EFA*","Australia,Fiji,New Zealand","LCD (LED)","0.5","2030-02-24","Available",,"ATV6595",167558,163.897,11477.9975,131,481,4.5,4.8570744481591746,64.52637795275591,"3. 56–65 inches"
"SAMSUNG","QA75QN1EFAW","Australia,Fiji,New Zealand","LCD (LED)","0.5","2030-02-25","Available",,"ATV6613",167559,189.338,15318.8066,178,653,4.5,4.7155351644065915,74.54251968503937,"4. >65 inches"
"SAMSUNG","QA75QN1EFAS","Australia,Fiji,New Zealand","LCD (LED)","0.5","2030-02-25","Available",,"ATV6613",167559,189.338,15318.8066,178,653,4.5,4.7155351644065915,74.54251968503937,"4. >65 inches"
"SAMSUNG","QA75QN1EFA*","Australia,Fiji,New Zealand","LCD (LED)","0.5","2030-02-25","Available",,"ATV6613",167559,189.338,15318.8066,178,653,4.5,4.7155351644065915,74.54251968503937,"4. >65 inches"
"SAMSUNG","QA85QN1EFAW","Australia,Fiji,New Zealand","LCD (LED)","0.5","2030-02-24","Available",,"ATV6596",167560,214.783,19712.16,220,806,4.5,4.858297203336008,84.56023622047243,"4. >65 inches"
"SAMSUNG","QA85QN1EFAS","Australia,Fiji,New Zealand","LCD (LED)","0.5","2030-02-24","Available",,"ATV6596",167560,214.783,19712.16,220,806,4.5,4.858297203336008,84.56023622047243,"4. >65 inches"
"SAMSUNG","QA85QN1EFA*","Australia,Fiji,New Zealand","LCD (LED)","0.5","2030-02-24","Available",,"ATV6596",167560,214.783,19712.16,220,806,4.5,4.858297203336008,84.56023622047243,"4. >65 inches"
"SAMSUNG","QA65Q*F SERIES","Australia,Fiji,New Zealand","LCD (LED)","0.5","2030-02-24","Available",,"ATV6588",167356,163.897,11477.9975,117,430,5,5.359361253034525,64.52637795275591,"3. 56–65 inches"
"SAMSUNG","QA75Q*F SERIES","Australia,Fiji,New Zealand","LCD (LED)","0.5","2030-02-24","Available",,"ATV6589",167370,189.338,15318.8066,143,525,5.5,5.69328632683023,74.54251968503937,"4. >65 inches"
"EMETE","EME-5510TE","Australia,Fiji,New Zealand","LCD (LED)","-","2030-02-25","Available",,"ATV6616",167437,138.798,8228,104.8,391,4,4.394282121921142,54.64488188976378,"2. 44–55 inches"
"EMETE","EME-55XXTE","Australia,Fiji,New Zealand","LCD (LED)","-","2030-02-25","Available",,"ATV6616",167437,138.798,8228,104.8,391,4,4.394282121921142,54.64488188976378,"2. 44–55 inches"
"EMETE","EME-65XXTE","Australia,New Zealand","LCD (LED)","-","2030-02-25","Available",,"ATV6611",167438,163.878,11481.120000000003,110.08,415,5.5,5.519630522141826,64.51889763779526,"3. 56–65 inches"
"EMETE","EME-75XXTE","Australia,New Zealand","LCD (LED)","-","2030-02-25","Available",,"ATV6615",167439,189.275,15307.5663,175.6,650,4.5,4.733025430966904,74.51771653543307,"4. >65 inches"
"EMETE","EME-85XXTE","Australia,New Zealand","LCD (LED)","-","2030-02-25","Available",,"ATV6612",167440,214.783,19712.16,199.69,740,5,5.241160861305282,84.56023622047243,"4. >65 inches"
"EMETE","EME-10XXTE","Australia,New Zealand","LCD (LED)","-","2030-02-26","Available",,"ATV6620",167441,252.784,27304.2576,320,1201,4,4.488111325276538,99.52125984251968,"4. >65 inches"
"TCL","85P7K","Australia,Fiji,New Zealand","LCD (LED)","0.356","2030-03-10","Available","https://www.tcl.com/au","ATV6626",167604,214.783,19712.16,186.5,826,4.5,4.748452975842131,84.56023622047243,"4. >65 inches"
"TCL","65C8K","Australia,Fiji,New Zealand","LCD (LED)","0.305","2030-04-07","Available","https://www.tcl.com/au","ATV6695",167634,163.829,11466.84,107.4,450,5,5.151517597589977,64.4996062992126,"3. 56–65 inches"
"TCL","75C8K","Australia,Fiji,New Zealand","LCD (LED)","0.346","2030-04-07","Available","https://www.tcl.com/au","ATV6691",167635,189.306,15312,128.9,547,5.5,5.5074170314122695,74.52992125984252,"4. >65 inches"
"TCL","98C8K","Australia,Fiji,New Zealand","LCD (LED)","0.329","2030-04-07","Available","https://www.tcl.com/au","ATV6692",167637,247.604,26198.120000000003,165.6,769,6,6.305413065706986,97.48188976377953,"4. >65 inches"
"LG","OLED83B5PSA","Australia,New Zealand","OLED","0.4","2030-03-03","Available",,"ATV6623",167651,209.585,18769.3425,151,554,6,6.32654516767786,82.51377952755905,"4. >65 inches"
"LG","OLED83B56LA","Australia,New Zealand","OLED","0.4","2030-03-03","Available",,"ATV6622",167652,209.585,18769.3425,151,554,6,6.32654516767786,82.51377952755905,"4. >65 inches"
"TCL","75P7K","Australia,Fiji,New Zealand","LCD (LED)","0.334","2030-03-10","Available","https://www.tcl.com/au","ATV6627",167694,189.306,15312,104.7,460,6,6.283698989455167,74.52992125984252,"4. >65 inches"
"EKO","K400FGT","Australia,Fiji,New Zealand","LCD","0.25","2028-07-23","Available","https://www.ayonz.com/","ATV5727",155646,100.791,4291.38,50.5,186,5,5.118073049588307,39.681496062992125,"1. ≤43 inches"
"EKO","K400FGTQ","Australia,Fiji,New Zealand","LCD","0.25","2028-07-23","Available","https://www.ayonz.com/","ATV5727",155646,100.791,4291.38,50.5,186,5,5.118073049588307,39.681496062992125,"1. ≤43 inches"
"EKO","K50USW3","Australia,Fiji,New Zealand","LCD (LED)","-","2030-03-11","Available","https://www.ayonz.com/","ATV6639",167720,125.731,6754.867344,69.5,284,5,5.0190601095993035,49.5003937007874,"2. 44–55 inches"
"KOGAN","KALED55U95TA","Australia,Fiji,New Zealand","LCD (LED)","0.43","2030-03-05","Available",,"ATV6624",167749,138.783,8230.118400000001,65.43,258,6,6.25848663027421,54.63897637795275,"2. 44–55 inches"
"BLAUPUNKT","BP400FTS","Australia,Fiji,New Zealand","LCD","-","2030-03-11","Available","https://www.ayonz.com/","ATV6637",167751,100.335,4259.3616,59.75,230,4,4.137683428870206,39.50196850393701,"1. ≤43 inches"
"EKO","K40FST","Australia,Fiji,New Zealand","LCD","-","2030-03-11","Available","https://www.ayonz.com/","ATV6638",167753,100.335,4259.3616,59.75,230,4,4.137683428870206,39.50196850393701,"1. ≤43 inches"
"LG","65UA8450PSA","Australia,New Zealand","LCD (LED)","0.4","2030-03-13","Available",,"ATV6643",167783,163.897,11477.9975,118,433,5,5.328204093107946,64.52637795275591,"3. 56–65 inches"
"KOGAN","KAL24DH5400QA","Australia,Fiji,New Zealand","LCD (LED)","-","2030-03-12","Available",,"ATV6641",167807,59.816,1528.8696280800002,20.83,85,5,5.014809056072118,23.5496062992126,"1. ≤43 inches"
"KOGAN","KAL24DH5400QB","Australia,Fiji,New Zealand","LCD (LED)","-","2030-03-12","Available",,"ATV6641",167807,59.816,1528.8696280800002,20.83,85,5,5.014809056072118,23.5496062992126,"1. ≤43 inches"
"KOGAN","KAL24DH5400QC","Australia,Fiji,New Zealand","LCD (LED)","-","2030-03-12","Available",,"ATV6641",167807,59.816,1528.8696280800002,20.83,85,5,5.014809056072118,23.5496062992126,"1. ≤43 inches"
"KOGAN","KAL24DH5400QD","Australia,Fiji,New Zealand","LCD (LED)","-","2030-03-12","Available",,"ATV6641",167807,59.816,1528.8696280800002,20.83,85,5,5.014809056072118,23.5496062992126,"1. ≤43 inches"
"LG","65QNED93ASA","Australia,Fiji,New Zealand","LCD (LED)","0.33","2030-03-12","Available",,"ATV6642",167795,163.896,11478.122496000002,159.1,678,3,3.3187384664494495,64.5259842519685,"3. 56–65 inches"
"LG","65QNED93A6A","Australia,Fiji,New Zealand","LCD (LED)","0.33","2030-03-12","Available",,"ATV6642",167795,163.896,11478.122496000002,159.1,678,3,3.3187384664494495,64.5259842519685,"3. 56–65 inches"
"LG","65QNED92A6A","Australia,Fiji,New Zealand","LCD (LED)","0.33","2030-03-12","Available",,"ATV6642",167795,163.896,11478.122496000002,159.1,678,3,3.3187384664494495,64.5259842519685,"3. 56–65 inches"
"LG","65QNED92ASA","Australia,Fiji,New Zealand","LCD (LED)","0.33","2030-03-12","Available",,"ATV6642",167795,163.896,11478.122496000002,159.1,678,3,3.3187384664494495,64.5259842519685,"3. 56–65 inches"
"LG","65QNED92AUA","Australia,Fiji,New Zealand","LCD (LED)","0.33","2030-03-12","Available",,"ATV6642",167795,163.896,11478.122496000002,159.1,678,3,3.3187384664494495,64.5259842519685,"3. 56–65 inches"
"LG","65QNED93AKA","Australia,Fiji,New Zealand","LCD (LED)","0.33","2030-03-12","Available",,"ATV6642",167795,163.896,11478.122496000002,159.1,678,3,3.3187384664494495,64.5259842519685,"3. 56–65 inches"
"LG","65QNED9#### (# can be A-Z, 0-9 or ""-"" or ""."" or blank)","Australia,Fiji,New Zealand","LCD (LED)","0.33","2030-03-12","Available",,"ATV6642",167795,163.896,11478.122496000002,159.1,678,3,3.3187384664494495,64.5259842519685,"3. 56–65 inches"
"LG","75QNED93ASA","Australia,Fiji,New Zealand","LCD (LED)","0.31","2030-03-10","Available",,"ATV6633",167828,189.34,15318.517823999999,190.2,806,3.5,3.7720858059026012,74.54330708661418,"4. >65 inches"
"LG","75QNED93A6A","Australia,Fiji,New Zealand","LCD (LED)","0.31","2030-03-10","Available",,"ATV6633",167828,189.34,15318.517823999999,190.2,806,3.5,3.7720858059026012,74.54330708661418,"4. >65 inches"
"LG","75QNED92A6A","Australia,Fiji,New Zealand","LCD (LED)","0.31","2030-03-10","Available",,"ATV6633",167828,189.34,15318.517823999999,190.2,806,3.5,3.7720858059026012,74.54330708661418,"4. >65 inches"
"LG","75QNED92ASA","Australia,Fiji,New Zealand","LCD (LED)","0.31","2030-03-10","Available",,"ATV6633",167828,189.34,15318.517823999999,190.2,806,3.5,3.7720858059026012,74.54330708661418,"4. >65 inches"
"LG","75QNED92AUA","Australia,Fiji,New Zealand","LCD (LED)","0.31","2030-03-10","Available",,"ATV6633",167828,189.34,15318.517823999999,190.2,806,3.5,3.7720858059026012,74.54330708661418,"4. >65 inches"
"LG","75QNED93AKA","Australia,Fiji,New Zealand","LCD (LED)","0.31","2030-03-10","Available",,"ATV6633",167828,189.34,15318.517823999999,190.2,806,3.5,3.7720858059026012,74.54330708661418,"4. >65 inches"
"LG","75QNED9#### (# can be A-Z, 0-9 or ""-"" or “.” or blank)","Australia,Fiji,New Zealand","LCD (LED)","0.31","2030-03-10","Available",,"ATV6633",167828,189.34,15318.517823999999,190.2,806,3.5,3.7720858059026012,74.54330708661418,"4. >65 inches"
"HISENSE","40A4QAU","Australia,New Zealand","LCD (LED)","0.25","2030-03-17","Available","https://global.hisense.com/","ATV6649",167832,100.332,4261.906885,28.17,121,7,7.018348467224255,39.5007874015748,"1. ≤43 inches"
"HISENSE","40A4QNZ","Australia,New Zealand","LCD (LED)","0.25","2030-03-17","Available","https://global.hisense.com/","ATV6649",167832,100.332,4261.906885,28.17,121,7,7.018348467224255,39.5007874015748,"1. ≤43 inches"
"HISENSE","32A4QAU","Australia,New Zealand","LCD (LED)","0.37","2030-03-17","Available","https://global.hisense.com/","ATV6654",167833,80.039,2736.719568,22.07,89,6,6.7490607593293985,31.511417322834646,"1. ≤43 inches"
"HISENSE","32A4N","Australia,New Zealand","LCD (LED)","0.37","2030-03-17","Available","https://global.hisense.com/","ATV6654",167833,80.039,2736.719568,22.07,89,6,6.7490607593293985,31.511417322834646,"1. ≤43 inches"
"HISENSE","32A4QNZ","Australia,New Zealand","LCD (LED)","0.37","2030-03-17","Available","https://global.hisense.com/","ATV6654",167833,80.039,2736.719568,22.07,89,6,6.7490607593293985,31.511417322834646,"1. ≤43 inches"
"HISENSE","43Q6QAU","Australia,New Zealand","LCD (LED)","0.26","2030-04-08","Available","https://global.hisense.com/","ATV6697",167834,107.95,4977.889999999999,51.09,203,5,5.303604625547934,42.5,"1. ≤43 inches"
"HISENSE","43Q6QNZ","Australia,New Zealand","LCD (LED)","0.26","2030-04-08","Available","https://global.hisense.com/","ATV6697",167834,107.95,4977.889999999999,51.09,203,5,5.303604625547934,42.5,"1. ≤43 inches"
"HISENSE","50Q6QAU","Australia,New Zealand","LCD (LED)","0.26","2030-04-09","Available","https://global.hisense.com/","ATV6699",167835,125.731,6754.867344,59.02,239,5.5,5.792152969391529,49.5003937007874,"2. 44–55 inches"
"HISENSE","50Q6QNZ","Australia,New Zealand","LCD (LED)","0.26","2030-04-09","Available","https://global.hisense.com/","ATV6699",167835,125.731,6754.867344,59.02,239,5.5,5.792152969391529,49.5003937007874,"2. 44–55 inches"
"HISENSE","55Q6QAU","Australia,New Zealand","LCD (LED)","0.27","2030-04-08","Available","https://global.hisense.com/","ATV6696",167836,138.783,8230.118400000001,62,259,6,6.241150360616689,54.63897637795275,"2. 44–55 inches"
"HISENSE","55Q6QNZ","Australia,New Zealand","LCD (LED)","0.27","2030-04-08","Available","https://global.hisense.com/","ATV6696",167836,138.783,8230.118400000001,62,259,6,6.241150360616689,54.63897637795275,"2. 44–55 inches"
"HISENSE","65Q6QAU","Australia,New Zealand","LCD (LED)","0.38","2030-04-09","Available","https://global.hisense.com/","ATV6698",167837,163.896,11478.122496000002,98.86,399,5.5,5.694724095108619,64.5259842519685,"3. 56–65 inches"
"HISENSE","65Q6QNZ","Australia,New Zealand","LCD (LED)","0.38","2030-04-09","Available","https://global.hisense.com/","ATV6698",167837,163.896,11478.122496000002,98.86,399,5.5,5.694724095108619,64.5259842519685,"3. 56–65 inches"
"HISENSE","75Q6QAU","Australia,New Zealand","LCD (LED)","0.26","2030-04-13","Available","https://global.hisense.com/","ATV6702",167838,189.34,15318.517823999999,117.04,479,6,6.104141301259303,74.54330708661418,"4. >65 inches"
"HISENSE","75Q6QNZ","Australia,New Zealand","LCD (LED)","0.26","2030-04-13","Available","https://global.hisense.com/","ATV6702",167838,189.34,15318.517823999999,117.04,479,6,6.104141301259303,74.54330708661418,"4. >65 inches"
"HISENSE","85Q6QAU","Australia,New Zealand","LCD (LED)","0.26","2030-04-14","Available","https://global.hisense.com/","ATV6706",167839,214.783,19712.16,177.89,698,5.5,5.503015094115111,84.56023622047243,"4. >65 inches"
"HISENSE","85Q6QNZ","Australia,New Zealand","LCD (LED)","0.26","2030-04-14","Available","https://global.hisense.com/","ATV6706",167839,214.783,19712.16,177.89,698,5.5,5.503015094115111,84.56023622047243,"4. >65 inches"
"HISENSE","65U7QAU","Australia,New Zealand","LCD (LED)","0.375","2030-04-01","Available","https://global.hisense.com/","ATV6680",167840,163.896,11478.122496000002,115.94,465,5,5.008726279819099,64.5259842519685,"3. 56–65 inches"
"HISENSE","65U7QNZ","Australia,New Zealand","LCD (LED)","0.375","2030-04-01","Available","https://global.hisense.com/","ATV6680",167840,163.896,11478.122496000002,115.94,465,5,5.008726279819099,64.5259842519685,"3. 56–65 inches"
"HISENSE","75U7QAU","Australia,New Zealand","LCD (LED)","0.39","2030-04-02","Available","https://global.hisense.com/","ATV6687",167841,189.34,15318.517823999999,145.91,579,5,5.254455621142558,74.54330708661418,"4. >65 inches"
"HISENSE","75U7QNZ","Australia,New Zealand","LCD (LED)","0.39","2030-04-02","Available","https://global.hisense.com/","ATV6687",167841,189.34,15318.517823999999,145.91,579,5,5.254455621142558,74.54330708661418,"4. >65 inches"
"HISENSE","85U7QAU","Australia,New Zealand","LCD (LED)","0.34","2030-04-03","Available","https://global.hisense.com/","ATV6689",167842,214.783,19712.16,186.38,759,5,5.1275497304968605,84.56023622047243,"4. >65 inches"
"HISENSE","85U7QNZ","Australia,New Zealand","LCD (LED)","0.34","2030-04-03","Available","https://global.hisense.com/","ATV6689",167842,214.783,19712.16,186.38,759,5,5.1275497304968605,84.56023622047243,"4. >65 inches"
"HISENSE","100U7QAU","Australia,New Zealand","LCD (LED)","0.35","2030-04-01","Available","https://global.hisense.com/","ATV6681",167843,252.784,27304.2576,222.34,888,5.5,5.841222707207771,99.52125984251968,"4. >65 inches"
"HISENSE","100U7QNZ","Australia,New Zealand","LCD (LED)","0.35","2030-04-01","Available","https://global.hisense.com/","ATV6681",167843,252.784,27304.2576,222.34,888,5.5,5.841222707207771,99.52125984251968,"4. >65 inches"
"LG","85QNED93ASA","Australia,Fiji,New Zealand","LCD (LED)","0.32","2030-03-10","Available",,"ATV6634",167844,214.783,19712.16,225.8,952,4,4.112224590866406,84.56023622047243,"4. >65 inches"
"LG","85QNED93A6A","Australia,Fiji,New Zealand","LCD (LED)","0.32","2030-03-10","Available",,"ATV6634",167844,214.783,19712.16,225.8,952,4,4.112224590866406,84.56023622047243,"4. >65 inches"
"LG","85QNED92A6A","Australia,Fiji,New Zealand","LCD (LED)","0.32","2030-03-10","Available",,"ATV6634",167844,214.783,19712.16,225.8,952,4,4.112224590866406,84.56023622047243,"4. >65 inches"
"LG","85QNED92ASA","Australia,Fiji,New Zealand","LCD (LED)","0.32","2030-03-10","Available",,"ATV6634",167844,214.783,19712.16,225.8,952,4,4.112224590866406,84.56023622047243,"4. >65 inches"
"LG","85QNED92AUA","Australia,Fiji,New Zealand","LCD (LED)","0.32","2030-03-10","Available",,"ATV6634",167844,214.783,19712.16,225.8,952,4,4.112224590866406,84.56023622047243,"4. >65 inches"
"LG","85QNED93AKA","Australia,Fiji,New Zealand","LCD (LED)","0.32","2030-03-10","Available",,"ATV6634",167844,214.783,19712.16,225.8,952,4,4.112224590866406,84.56023622047243,"4. >65 inches"
"LG","85QNED9#### (# can be A-Z, 0-9 or ""-"" or ""."" or blank)","Australia,Fiji,New Zealand","LCD (LED)","0.32","2030-03-10","Available",,"ATV6634",167844,214.783,19712.16,225.8,952,4,4.112224590866406,84.56023622047243,"4. >65 inches"
"KOGAN","KAL24DH5400Q*","Australia,Fiji,New Zealand","LCD (LED)","-","2030-03-12","Available",,"ATV6641",167807,59.816,1528.8696280800002,20.83,85,5,5.014809056072118,23.5496062992126,"1. ≤43 inches"
"EKO","K70USTW","Australia,Fiji,New Zealand","LCD (LED)","0.45","2030-03-11","Available","https://www.ayonz.com/","ATV6640",167940,176.538,13380.468019200001,147.1,690,3.5,3.8905659403682784,69.50314960629922,"4. >65 inches"
"COOCAA","32E5500H","Australia,Fiji,New Zealand","LCD (LED)","0.299","2030-03-13","Available",,"ATV6644",167969,80.054,2736.1600000000003,24.3,100,6,6.226094113011349,31.517322834645668,"1. ≤43 inches"
"HISENSE","40A4Q","Australia,New Zealand","LCD (LED)","0.25","2030-03-17","Available","https://global.hisense.com/","ATV6649",167832,100.332,4261.906885,28.17,121,7,7.018348467224255,39.5007874015748,"1. ≤43 inches"
"JVC","LT-40NQ5155A","Australia,Fiji,New Zealand","LCD (LED)","-","2030-03-17","Available",,"ATV6650",168010,100.305,4258.3,32.46,151,6,6.022503316218213,39.49015748031496,"1. ≤43 inches"
"LINSAR","LS70UHDNF23","Australia","LCD (LED)","-","2030-03-13","Available",,"ATV6645",168011,176.537,13380.8032,108.29,397,6,6.367801412715387,69.50275590551182,"4. >65 inches"
"JVC","AV-AQ405165A","Australia,Fiji,New Zealand","LCD (LED)","-","2030-03-17","Available",,"ATV6651",168014,107.863,4972.599999999999,47.04,194,5.5,5.502650280472722,42.46574803149606,"1. ≤43 inches"
"JVC","AV-JQ405155A","Australia,Fiji,New Zealand","LCD (LED)","-","2030-03-17","Available",,"ATV6651",168014,107.863,4972.599999999999,47.04,194,5.5,5.502650280472722,42.46574803149606,"1. ≤43 inches"
"JVC","LT-43NQ7155A","Australia,Fiji,New Zealand","LCD (LED)","-","2030-03-17","Available",,"ATV6651",168014,107.863,4972.599999999999,47.04,194,5.5,5.502650280472722,42.46574803149606,"1. ≤43 inches"
"JVC","AV-AQ405165A series","Australia,Fiji,New Zealand","LCD (LED)","-","2030-03-17","Available",,"ATV6651",168014,107.863,4972.599999999999,47.04,194,5.5,5.502650280472722,42.46574803149606,"1. ≤43 inches"
"JVC","AV-A557155A","Australia,Fiji,New Zealand","LCD (LED)","-","2030-03-17","Available",,"ATV6657",168016,138.798,8228,112.38,466,3.5,3.6078911502493303,54.64488188976378,"2. 44–55 inches"
"JVC","AV-J557155A","Australia,Fiji,New Zealand","LCD (LED)","-","2030-03-17","Available",,"ATV6657",168016,138.798,8228,112.38,466,3.5,3.6078911502493303,54.64488188976378,"2. 44–55 inches"
"JVC","LT-55N7155A","Australia,Fiji,New Zealand","LCD (LED)","-","2030-03-17","Available",,"ATV6657",168016,138.798,8228,112.38,466,3.5,3.6078911502493303,54.64488188976378,"2. 44–55 inches"
"JVC","LT-55N7165A","Australia,Fiji,New Zealand","LCD (LED)","-","2030-03-17","Available",,"ATV6657",168016,138.798,8228,112.38,466,3.5,3.6078911502493303,54.64488188976378,"2. 44–55 inches"
"JVC","AV-A557155A series","Australia,Fiji,New Zealand","LCD (LED)","-","2030-03-17","Available",,"ATV6657",168016,138.798,8228,112.38,466,3.5,3.6078911502493303,54.64488188976378,"2. 44–55 inches"
"JVC","AV-AE557155A","Australia,Fiji,New Zealand","LCD (LED)","-","2030-03-17","Available",,"ATV6655",168017,139.936,8449.44,75.48,302,5.5,5.661537840669303,55.092913385826776,"3. 56–65 inches"
"JVC","AV-JE557165A","Australia,Fiji,New Zealand","LCD (LED)","-","2030-03-17","Available",,"ATV6655",168017,139.936,8449.44,75.48,302,5.5,5.661537840669303,55.092913385826776,"3. 56–65 inches"
"JVC","LT-55NE7155A","Australia,Fiji,New Zealand","LCD (LED)","-","2030-03-17","Available",,"ATV6655",168017,139.936,8449.44,75.48,302,5.5,5.661537840669303,55.092913385826776,"3. 56–65 inches"
"JVC","AV-AE557155A series","Australia,Fiji,New Zealand","LCD (LED)","-","2030-03-17","Available",,"ATV6655",168017,139.936,8449.44,75.48,302,5.5,5.661537840669303,55.092913385826776,"3. 56–65 inches"
"JVC","AV-A657155A","Australia,Fiji,New Zealand","LCD (LED)","-","2030-03-17","Available",,"ATV6652",168018,163.829,11466.84,156.42,640,3.5,3.5730691436017716,64.4996062992126,"3. 56–65 inches"
"JVC","AV-J657155A","Australia,Fiji,New Zealand","LCD (LED)","-","2030-03-17","Available",,"ATV6652",168018,163.829,11466.84,156.42,640,3.5,3.5730691436017716,64.4996062992126,"3. 56–65 inches"
"JVC","LT-65N7165A","Australia,Fiji,New Zealand","LCD (LED)","-","2030-03-17","Available",,"ATV6652",168018,163.829,11466.84,156.42,640,3.5,3.5730691436017716,64.4996062992126,"3. 56–65 inches"
"JVC","AV-A657155A series","Australia,Fiji,New Zealand","LCD (LED)","-","2030-03-17","Available",,"ATV6652",168018,163.829,11466.84,156.42,640,3.5,3.5730691436017716,64.4996062992126,"3. 56–65 inches"
"JVC","AV-AE657155A","Australia,Fiji,New Zealand","LCD (LED)","-","2030-03-17","Available",,"ATV6656",168019,165.884,11824.4,107.58,448,5,5.301278232513499,65.30866141732282,"4. >65 inches"
"JVC","AV-JE657165A","Australia,Fiji,New Zealand","LCD (LED)","-","2030-03-17","Available",,"ATV6656",168019,165.884,11824.4,107.58,448,5,5.301278232513499,65.30866141732282,"4. >65 inches"
"JVC","LT-65NE7155A","Australia,Fiji,New Zealand","LCD (LED)","-","2030-03-17","Available",,"ATV6656",168019,165.884,11824.4,107.58,448,5,5.301278232513499,65.30866141732282,"4. >65 inches"
"JVC","AV-AE657155A series","Australia,Fiji,New Zealand","LCD (LED)","-","2030-03-17","Available",,"ATV6656",168019,165.884,11824.4,107.58,448,5,5.301278232513499,65.30866141732282,"4. >65 inches"
"EKO","K320HGPB","Australia,Fiji,New Zealand","LCD (LED)","0.415","2030-03-19","Available","https://www.ayonz.com/","ATV6658",168020,80.054,2736.1600000000003,32.4,127,5,5.154958966766685,31.517322834645668,"1. ≤43 inches"
"LINSAR","LS60UHDNF25","Australia,Fiji,New Zealand","LCD","0.35","2030-05-01","Available",,"ATV6729",168053,152.678,9955.88,86.09,320,6,6.085122727853401,60.10944881889763,"3. 56–65 inches"
"AIWA","AWC400W","Australia","LCD","0.25","2030-05-05","Available",,"ATV6730",168069,100.332,4261.934154240001,33.1,123,6,6.944905545247861,39.5007874015748,"1. ≤43 inches"
"PHILIPS","55PQT9020/79","Australia,Fiji,New Zealand","LCD (LED)","-","2030-03-19","Available","https://www.ayonz.com/","ATV6660",168071,138.783,8230.118400000001,136.1,532,3,3.0153550221328516,54.63897637795275,"2. 44–55 inches"
"SAMSUNG","QA43Q7FAAW","Australia,Fiji,New Zealand","LCD (LED)","0.5","2030-03-20","Available",,"ATV6661",168094,107.987,4982.7128,68,251,4,4.356241516253395,42.514566929133856,"1. ≤43 inches"
"SAMSUNG","QA43Q7FAAS","Australia,Fiji,New Zealand","LCD (LED)","0.5","2030-03-20","Available",,"ATV6661",168094,107.987,4982.7128,68,251,4,4.356241516253395,42.514566929133856,"1. ≤43 inches"
"SAMSUNG","QA43QEF1AW","Australia,Fiji,New Zealand","LCD (LED)","0.5","2030-03-20","Available",,"ATV6661",168094,107.987,4982.7128,68,251,4,4.356241516253395,42.514566929133856,"1. ≤43 inches"
"SAMSUNG","QA43QEF1AS","Australia,Fiji,New Zealand","LCD (LED)","0.5","2030-03-20","Available",,"ATV6661",168094,107.987,4982.7128,68,251,4,4.356241516253395,42.514566929133856,"1. ≤43 inches"
"SAMSUNG","QA43Q*F SERIES","Australia,Fiji,New Zealand","LCD (LED)","0.5","2030-03-20","Available",,"ATV6661",168094,107.987,4982.7128,68,251,4,4.356241516253395,42.514566929133856,"1. ≤43 inches"
"SAMSUNG","QA50Q7FAAW","Australia,Fiji,New Zealand","LCD (LED)","0.5","2030-03-20","Available",,"ATV6662",168096,125.727,6754.5112,79,291,4.5,4.909727792796122,49.4988188976378,"2. 44–55 inches"
"SAMSUNG","QA50Q7FAAS","Australia,Fiji,New Zealand","LCD (LED)","0.5","2030-03-20","Available",,"ATV6662",168096,125.727,6754.5112,79,291,4.5,4.909727792796122,49.4988188976378,"2. 44–55 inches"
"SAMSUNG","QA50QEF1AW","Australia,Fiji,New Zealand","LCD (LED)","0.5","2030-03-20","Available",,"ATV6662",168096,125.727,6754.5112,79,291,4.5,4.909727792796122,49.4988188976378,"2. 44–55 inches"
"SAMSUNG","QA50QEF1AS","Australia,Fiji,New Zealand","LCD (LED)","0.5","2030-03-20","Available",,"ATV6662",168096,125.727,6754.5112,79,291,4.5,4.909727792796122,49.4988188976378,"2. 44–55 inches"
"SAMSUNG","QA50Q*F SERIES","Australia,Fiji,New Zealand","LCD (LED)","0.5","2030-03-20","Available",,"ATV6662",168096,125.727,6754.5112,79,291,4.5,4.909727792796122,49.4988188976378,"2. 44–55 inches"
"TCL","98C7K","Australia,Fiji,New Zealand","LCD (LED)","0.338","2030-03-17","Available","https://www.tcl.com/au","ATV6653",168114,247.604,26198.120000000003,164,800,6,6.128303945010803,97.48188976377953,"4. >65 inches"
"LG","55QNED70A6A","Australia,New Zealand","LCD (LED)","0.4","2030-03-27","Available",,"ATV6669",168232,138.783,8230.118400000001,92,338,5,5.048116404602346,54.63897637795275,"2. 44–55 inches"
"LG","55QNED70ASA","Australia,New Zealand","LCD (LED)","0.4","2030-03-27","Available",,"ATV6670",168233,138.783,8230.118400000001,92,338,5,5.048116404602346,54.63897637795275,"2. 44–55 inches"
"LG","65QNED70A6A","Australia,New Zealand","LCD (LED)","0.4","2030-03-27","Available",,"ATV6673",168234,163.897,11477.9975,118,433,5,5.328204093107946,64.52637795275591,"3. 56–65 inches"
"LG","65QNED70ASA","Australia,New Zealand","LCD (LED)","0.4","2030-03-27","Available",,"ATV6671",168235,163.897,11477.9975,118,433,5,5.328204093107946,64.52637795275591,"3. 56–65 inches"
"TOSHIBA","55Z670RP","Australia","LCD (LED)","0.31","2030-03-25","Available","https://global.hisense.com/","ATV6667",168244,138.783,8230.118400000001,75.21,305,5.5,5.5085111517081975,54.63897637795275,"2. 44–55 inches"
"TOSHIBA","65Z670RP","Australia","LCD (LED)","0.32","2030-03-24","Available","https://global.hisense.com/","ATV6665",168245,163.896,11478.122496000002,105.39,416,5.5,5.50774202403524,64.5259842519685,"3. 56–65 inches"
"TOSHIBA","75Z670RP","Australia","LCD (LED)","0.41","2030-03-24","Available","https://global.hisense.com/","ATV6664",168246,189.34,15318.517823999999,121.59,489,6,6.011546682493634,74.54330708661418,"4. >65 inches"
"TOSHIBA","85Z670RP","Australia","LCD (LED)","0.26","2030-03-24","Available","https://global.hisense.com/","ATV6666",168247,214.783,19712.16,171.81,688,5.5,5.5676831732240135,84.56023622047243,"4. >65 inches"
"SAMSUNG","QA55QN3EFAW","Australia,Fiji,New Zealand","LCD (LED)","0.5","2030-03-27","Available",,"ATV6672",168269,138.783,8230.118400000001,113,416,4,4.1175971780535745,54.63897637795275,"2. 44–55 inches"
"SAMSUNG","QA55QN3EFAS","Australia,Fiji,New Zealand","LCD (LED)","0.5","2030-03-27","Available",,"ATV6672",168269,138.783,8230.118400000001,113,416,4,4.1175971780535745,54.63897637795275,"2. 44–55 inches"
"SAMSUNG","QA55QN3EFA*","Australia,Fiji,New Zealand","LCD (LED)","0.5","2030-03-27","Available",,"ATV6672",168269,138.783,8230.118400000001,113,416,4,4.1175971780535745,54.63897637795275,"2. 44–55 inches"
"PHILIPS","65OLED789/98","Australia,Fiji,New Zealand","OLED","0.36","2030-03-30","Available",,"ATV6678",168298,163.878,11481.120000000003,122.5,493,4.5,4.747792605259914,64.51889763779526,"3. 56–65 inches"
"SAMSUNG","QA65QN3EFAS","Australia,Fiji,New Zealand","LCD (LED)","0.5","2030-03-26","Available",,"ATV6668",168270,163.897,11477.9975,136,499,4.5,4.692432335808704,64.52637795275591,"3. 56–65 inches"
"PHILIPS","55OLED789/98","Australia,Fiji,New Zealand","OLED","0.35","2030-04-03","Available",,"ATV6690",168365,138.798,8228,97,391,4,4.394282121921142,54.64488188976378,"2. 44–55 inches"
"SAMSUNG","QA65LST7TAW","Australia,Fiji,New Zealand","LCD (LED)","0.5","2030-07-14","Available",,"ATV6675",168376,163.829,11466.84,271,992,1.5,1.609064679434909,64.4996062992126,"3. 56–65 inches"
"SAMSUNG","QA75LST7TAW","Australia,Fiji,New Zealand","LCD (LED)","0.5","2030-07-14","Available",,"ATV6674",168377,189.306,15312,340,1244,1.5,1.8253098585270005,74.52992125984252,"4. >65 inches"
"BAUHN","ATV75UHDT-0725","Australia","LCD","0.42","2030-06-15","Available",,"ATV6811",168380,189.34,15318.517823999999,130.5,485,6,6.0483552682180015,74.54330708661418,"4. >65 inches"
"SAMSUNG","UA75U8000FW","Australia,Fiji,New Zealand","LCD (LED)","0.5","2030-02-25","Available",,"ATV6606",167231,189.338,15318.8066,136,499,5.5,5.920907365130298,74.54251968503937,"4. >65 inches"
"SAMSUNG","UA75U8000FS","Australia,Fiji,New Zealand","LCD (LED)","0.5","2030-02-25","Available",,"ATV6606",167231,189.338,15318.8066,136,499,5.5,5.920907365130298,74.54251968503937,"4. >65 inches"
"SAMSUNG","UA75U8500FW","Australia,Fiji,New Zealand","LCD (LED)","0.5","2030-02-25","Available",,"ATV6606",167231,189.338,15318.8066,136,499,5.5,5.920907365130298,74.54251968503937,"4. >65 inches"
"SAMSUNG","UA75U8500FS","Australia,Fiji,New Zealand","LCD (LED)","0.5","2030-02-25","Available",,"ATV6606",167231,189.338,15318.8066,136,499,5.5,5.920907365130298,74.54251968503937,"4. >65 inches"
"SAMSUNG","UA75UE100FS","Australia,Fiji,New Zealand","LCD (LED)","0.5","2030-02-25","Available",,"ATV6606",167231,189.338,15318.8066,136,499,5.5,5.920907365130298,74.54251968503937,"4. >65 inches"
"SAMSUNG","UA75U**00F*","Australia,Fiji,New Zealand","LCD (LED)","0.5","2030-02-25","Available",,"ATV6606",167231,189.338,15318.8066,136,499,5.5,5.920907365130298,74.54251968503937,"4. >65 inches"
"SAMSUNG","UA65UE100FS","Australia,Fiji,New Zealand","LCD (LED)","0.5","2030-02-24","Available",,"ATV6582",167230,163.897,11477.9975,113,416,5.5,5.507696027807992,64.52637795275591,"3. 56–65 inches"
"SAMSUNG","UA65U**00F*","Australia,Fiji,New Zealand","LCD (LED)","0.5","2030-02-24","Available",,"ATV6582",167230,163.897,11477.9975,113,416,5.5,5.507696027807992,64.52637795275591,"3. 56–65 inches"
"SAMSUNG","UA65U8000FW","Australia,Fiji,New Zealand","LCD (LED)","0.5","2030-02-24","Available",,"ATV6582",167230,163.897,11477.9975,113,416,5.5,5.507696027807992,64.52637795275591,"3. 56–65 inches"
"SAMSUNG","UA65U8000FS","Australia,Fiji,New Zealand","LCD (LED)","0.5","2030-02-24","Available",,"ATV6582",167230,163.897,11477.9975,113,416,5.5,5.507696027807992,64.52637795275591,"3. 56–65 inches"
"SAMSUNG","UA65U8500FW","Australia,Fiji,New Zealand","LCD (LED)","0.5","2030-02-24","Available",,"ATV6582",167230,163.897,11477.9975,113,416,5.5,5.507696027807992,64.52637795275591,"3. 56–65 inches"
"SAMSUNG","UA65U8500FS","Australia,Fiji,New Zealand","LCD (LED)","0.5","2030-02-24","Available",,"ATV6582",167230,163.897,11477.9975,113,416,5.5,5.507696027807992,64.52637795275591,"3. 56–65 inches"
"SAMSUNG","UA55U8500FW","Australia,Fiji,New Zealand","LCD (LED)","0.5","2030-02-24","Available",,"ATV6581",167228,138.783,8230.118400000001,79,291,5.5,5.719086403196216,54.63897637795275,"2. 44–55 inches"
"SAMSUNG","UA55U8500FS","Australia,Fiji,New Zealand","LCD (LED)","0.5","2030-02-24","Available",,"ATV6581",167228,138.783,8230.118400000001,79,291,5.5,5.719086403196216,54.63897637795275,"2. 44–55 inches"
"SAMSUNG","UA55UE100FS","Australia,Fiji,New Zealand","LCD (LED)","0.5","2030-02-24","Available",,"ATV6581",167228,138.783,8230.118400000001,79,291,5.5,5.719086403196216,54.63897637795275,"2. 44–55 inches"
"SAMSUNG","UA55U**00F*","Australia,Fiji,New Zealand","LCD (LED)","0.5","2030-02-24","Available",,"ATV6581",167228,138.783,8230.118400000001,79,291,5.5,5.719086403196216,54.63897637795275,"2. 44–55 inches"
"SAMSUNG","UA55U8000FW","Australia,Fiji,New Zealand","LCD (LED)","0.5","2030-02-24","Available",,"ATV6581",167228,138.783,8230.118400000001,79,291,5.5,5.719086403196216,54.63897637795275,"2. 44–55 inches"
"SAMSUNG","UA55U8000FS","Australia,Fiji,New Zealand","LCD (LED)","0.5","2030-02-24","Available",,"ATV6581",167228,138.783,8230.118400000001,79,291,5.5,5.719086403196216,54.63897637795275,"2. 44–55 inches"
"SAMSUNG","UA43UE100FS","Australia,Fiji,New Zealand","LCD (LED)","0.5","2030-02-25","Available",,"ATV6607",167213,107.987,4982.7128,68,251,4,4.356241516253395,42.514566929133856,"1. ≤43 inches"
"SAMSUNG","UA43U**00F*","Australia,Fiji,New Zealand","LCD (LED)","0.5","2030-02-25","Available",,"ATV6607",167213,107.987,4982.7128,68,251,4,4.356241516253395,42.514566929133856,"1. ≤43 inches"
"SAMSUNG","UA43U8000FW","Australia,Fiji,New Zealand","LCD (LED)","0.5","2030-02-25","Available",,"ATV6607",167213,107.987,4982.7128,68,251,4,4.356241516253395,42.514566929133856,"1. ≤43 inches"
"SAMSUNG","UA43U8000FS","Australia,Fiji,New Zealand","LCD (LED)","0.5","2030-02-25","Available",,"ATV6607",167213,107.987,4982.7128,68,251,4,4.356241516253395,42.514566929133856,"1. ≤43 inches"
"SAMSUNG","UA43U8500FW","Australia,Fiji,New Zealand","LCD (LED)","0.5","2030-02-25","Available",,"ATV6607",167213,107.987,4982.7128,68,251,4,4.356241516253395,42.514566929133856,"1. ≤43 inches"
"SAMSUNG","UA43U8500FS","Australia,Fiji,New Zealand","LCD (LED)","0.5","2030-02-25","Available",,"ATV6607",167213,107.987,4982.7128,68,251,4,4.356241516253395,42.514566929133856,"1. ≤43 inches"
"SAMSUNG","UA50U8000FW","Australia,Fiji,New Zealand","LCD (LED)","0.5","2030-02-24","Available",,"ATV6580",167216,125.727,6754.5112,71,262,5,5.380181735077315,49.4988188976378,"2. 44–55 inches"
"SAMSUNG","UA50U8000FS","Australia,Fiji,New Zealand","LCD (LED)","0.5","2030-02-24","Available",,"ATV6580",167216,125.727,6754.5112,71,262,5,5.380181735077315,49.4988188976378,"2. 44–55 inches"
"SAMSUNG","UA50U8500FW","Australia,Fiji,New Zealand","LCD (LED)","0.5","2030-02-24","Available",,"ATV6580",167216,125.727,6754.5112,71,262,5,5.380181735077315,49.4988188976378,"2. 44–55 inches"
"SAMSUNG","UA50U8500FS","Australia,Fiji,New Zealand","LCD (LED)","0.5","2030-02-24","Available",,"ATV6580",167216,125.727,6754.5112,71,262,5,5.380181735077315,49.4988188976378,"2. 44–55 inches"
"SAMSUNG","UA50UE100FS","Australia,Fiji,New Zealand","LCD (LED)","0.5","2030-02-24","Available",,"ATV6580",167216,125.727,6754.5112,71,262,5,5.380181735077315,49.4988188976378,"2. 44–55 inches"
"SAMSUNG","UA50U**00F*","Australia,Fiji,New Zealand","LCD (LED)","0.5","2030-02-24","Available",,"ATV6580",167216,125.727,6754.5112,71,262,5,5.380181735077315,49.4988188976378,"2. 44–55 inches"
"SAMSUNG","UA85UE100FS","Australia,Fiji,New Zealand","LCD (LED)","0.5","2030-02-24","Available",,"ATV6583",167232,214.783,19712.16,142,521,6,6.813691827932876,84.56023622047243,"4. >65 inches"
"SAMSUNG","UA85U**00F*","Australia,Fiji,New Zealand","LCD (LED)","0.5","2030-02-24","Available",,"ATV6583",167232,214.783,19712.16,142,521,6,6.813691827932876,84.56023622047243,"4. >65 inches"
"SAMSUNG","UA85U8000FW","Australia,Fiji,New Zealand","LCD (LED)","0.5","2030-02-24","Available",,"ATV6583",167232,214.783,19712.16,142,521,6,6.813691827932876,84.56023622047243,"4. >65 inches"
"SAMSUNG","UA85U8000FS","Australia,Fiji,New Zealand","LCD (LED)","0.5","2030-02-24","Available",,"ATV6583",167232,214.783,19712.16,142,521,6,6.813691827932876,84.56023622047243,"4. >65 inches"
"SAMSUNG","UA85U8500FW","Australia,Fiji,New Zealand","LCD (LED)","0.5","2030-02-24","Available",,"ATV6583",167232,214.783,19712.16,142,521,6,6.813691827932876,84.56023622047243,"4. >65 inches"
"SAMSUNG","UA85U8500FS","Australia,Fiji,New Zealand","LCD (LED)","0.5","2030-02-24","Available",,"ATV6583",167232,214.783,19712.16,142,521,6,6.813691827932876,84.56023622047243,"4. >65 inches"
"FFALCON","FF43U65","Australia,Fiji,New Zealand","LCD (LED)","0.347","2030-04-01","Available","https://www.tcl.com/au","ATV6684",168452,107.95,4977.889999999999,42.7,175,5.5,5.968737022357746,42.5,"1. ≤43 inches"
"FFALCON","FF50U65","Australia,Fiji,New Zealand","LCD (LED)","0.367","2030-04-02","Available","https://www.tcl.com/au","ATV6688",168453,125.638,6745.2,50,205,6,6.474027948326812,49.463779527559055,"2. 44–55 inches"
"FFALCON","FF55U65","Australia,Fiji,New Zealand","LCD (LED)","0.379","2030-04-01","Available","https://www.tcl.com/au","ATV6685",168454,138.711,8221.2,64.3,261,6,6.202200113549564,54.61062992125985,"2. 44–55 inches"
"FFALCON","FF65U65","Australia,Fiji,New Zealand","LCD (LED)","0.344","2030-04-02","Available","https://www.tcl.com/au","ATV6686",168455,163.829,11466.84,77.1,320,6,6.679352863107162,64.4996062992126,"3. 56–65 inches"
"FFALCON","FF75U65","Australia,Fiji,New Zealand","LCD (LED)","0.313","2030-04-01","Available","https://www.tcl.com/au","ATV6682",168456,189.306,15312,97.2,400,6,6.910030969707463,74.52992125984252,"4. >65 inches"
"HISENSE","55U7N series","Australia,New Zealand","LCD (LED)","0.35","2030-04-01","Available","https://global.hisense.com/","ATV6683",168465,138.783,8230.118400000001,92.78,379,4.5,4.53503722787905,54.63897637795275,"2. 44–55 inches"
"HISENSE","55U7QAU","Australia,New Zealand","LCD (LED)","0.35","2030-04-01","Available","https://global.hisense.com/","ATV6683",168465,138.783,8230.118400000001,92.78,379,4.5,4.53503722787905,54.63897637795275,"2. 44–55 inches"
"HISENSE","55U7QNZ","Australia,New Zealand","LCD (LED)","0.35","2030-04-01","Available","https://global.hisense.com/","ATV6683",168465,138.783,8230.118400000001,92.78,379,4.5,4.53503722787905,54.63897637795275,"2. 44–55 inches"
"HISENSE","65U7Q series","Australia,New Zealand","LCD (LED)","0.375","2030-04-01","Available","https://global.hisense.com/","ATV6680",167840,163.896,11478.122496000002,115.94,465,5,5.008726279819099,64.5259842519685,"3. 56–65 inches"
"COOCAA","55G6500H","Australia,Fiji,New Zealand","LCD (LED)","-","2030-03-31","Available",,"ATV6679",168520,138.783,8230.118400000001,67.9,280,5.5,5.891771940265505,54.63897637795275,"2. 44–55 inches"
"HISENSE","85U7Q series","Australia,New Zealand","LCD (LED)","0.34","2030-04-03","Available","https://global.hisense.com/","ATV6689",167842,214.783,19712.16,186.38,759,5,5.1275497304968605,84.56023622047243,"4. >65 inches"
"HISENSE","100U7Q series","Australia,New Zealand","LCD (LED)","0.35","2030-04-01","Available","https://global.hisense.com/","ATV6681",167843,252.784,27304.2576,222.34,888,5.5,5.841222707207771,99.52125984251968,"4. >65 inches"
"HISENSE","75U7Q series","Australia,New Zealand","LCD (LED)","0.39","2030-04-02","Available","https://global.hisense.com/","ATV6687",167841,189.34,15318.517823999999,145.91,579,5,5.254455621142558,74.54330708661418,"4. >65 inches"
"SAMSUNG","QA98QN990FW","Australia,Fiji,New Zealand","LCD (LED)","0.5","2030-04-07","Available",,"ATV6693",168672,247.688,26214.3084,358,1310,3.5,3.920895160288047,97.51496062992125,"4. >65 inches"
"SAMSUNG","QA98QN990FS","Australia,Fiji,New Zealand","LCD (LED)","0.5","2030-04-07","Available",,"ATV6693",168672,247.688,26214.3084,358,1310,3.5,3.920895160288047,97.51496062992125,"4. >65 inches"
"SAMSUNG","QA98QN990F*","Australia,Fiji,New Zealand","LCD (LED)","0.5","2030-04-07","Available",,"ATV6693",168672,247.688,26214.3084,358,1310,3.5,3.920895160288047,97.51496062992125,"4. >65 inches"
"KOGAN","KALED50U95VA","Australia,Fiji,New Zealand","LCD (LED)","-","2030-04-14","Available",,"ATV6705",168733,125.725,6751.36,60.48,247,5.5,5.642494366309377,49.49803149606299,"2. 44–55 inches"
"KOGAN","KALED50U95VB","Australia,Fiji,New Zealand","LCD (LED)","-","2030-04-14","Available",,"ATV6705",168733,125.725,6751.36,60.48,247,5.5,5.642494366309377,49.49803149606299,"2. 44–55 inches"
"KOGAN","KALED50U95VC","Australia,Fiji,New Zealand","LCD (LED)","-","2030-04-14","Available",,"ATV6705",168733,125.725,6751.36,60.48,247,5.5,5.642494366309377,49.49803149606299,"2. 44–55 inches"
"KOGAN","KALED50U95V series","Australia,Fiji,New Zealand","LCD (LED)","-","2030-04-14","Available",,"ATV6705",168733,125.725,6751.36,60.48,247,5.5,5.642494366309377,49.49803149606299,"2. 44–55 inches"
"HISENSE","43Q6Q series","Australia,New Zealand","LCD (LED)","0.26","2030-04-08","Available","https://global.hisense.com/","ATV6697",167834,107.95,4977.889999999999,51.09,203,5,5.303604625547934,42.5,"1. ≤43 inches"
"HISENSE","50Q6Q series","Australia,New Zealand","LCD (LED)","0.26","2030-04-09","Available","https://global.hisense.com/","ATV6699",167835,125.731,6754.867344,59.02,239,5.5,5.792152969391529,49.5003937007874,"2. 44–55 inches"
"HISENSE","55Q6Q series","Australia,New Zealand","LCD (LED)","0.27","2030-04-08","Available","https://global.hisense.com/","ATV6696",167836,138.783,8230.118400000001,62,259,6,6.241150360616689,54.63897637795275,"2. 44–55 inches"
"HISENSE","65Q6Q series","Australia,New Zealand","LCD (LED)","0.38","2030-04-09","Available","https://global.hisense.com/","ATV6698",167837,163.896,11478.122496000002,98.86,399,5.5,5.694724095108619,64.5259842519685,"3. 56–65 inches"
"HISENSE","85Q6Q series","Australia,New Zealand","LCD (LED)","0.26","2030-04-14","Available","https://global.hisense.com/","ATV6706",167839,214.783,19712.16,177.89,698,5.5,5.503015094115111,84.56023622047243,"4. >65 inches"
"TCL","85X11K","Australia,Fiji,New Zealand","LCD (LED)","0.371","2030-05-08","Available","https://www.tcl.com/au","ATV6738",168795,214.783,19712.16,239.2,980,3.5,3.9823192599593313,84.56023622047243,"4. >65 inches"
"TCL","115C7K","Australia,Fiji,New Zealand","LCD (LED)","0.394","2030-04-09","Available","https://www.tcl.com/au","ATV6700",168796,290.719,36109.5,280,1100,6,6.106984135175932,114.45629921259842,"4. >65 inches"
"AKAI","AK4022S7WOS","Australia,Fiji,New Zealand","LCD","0.35","2030-06-10","Available",,"ATV6805",168799,100.336,4259.813095296,36.26,150,6,6.053647575110812,39.502362204724406,"1. ≤43 inches"
"TCL","32S5K","Australia,Fiji,New Zealand","LCD (LED)","0.416","2030-05-08","Available","https://www.tcl.com/au","ATV6741",168800,79.967,2732.2400000000002,25.4,130,5,5.04521473860549,31.48307086614173,"1. ≤43 inches"
"TCL","40S5K","Australia,Fiji,New Zealand","LCD (LED)","0.337","2030-05-08","Available","https://www.tcl.com/au","ATV6739",168801,100.305,4258.3,30.3,140,6,6.361466345891943,39.49015748031496,"1. ≤43 inches"
"SKYWORTH","SW55G4F","Australia,Fiji,New Zealand","LCD (LED)","-","2030-04-10","Available",,"ATV6701",168804,138.783,8230.118400000001,64.3,260,6,6.223880897558965,54.63897637795275,"2. 44–55 inches"
"LG","32LR655BPSA","Australia,New Zealand","LCD (LED)","0.4","2030-04-22","Available",,"ATV6713",168848,80.043,2737.0770999999995,30,112,5.5,5.71941646795843,31.512992125984255,"1. ≤43 inches"
"HISENSE","65Q7QAU","Australia,New Zealand","LCD (LED)","0.33","2030-04-13","Available","https://global.hisense.com/","ATV6703",168852,163.896,11478.122496000002,104.99,416,5.5,5.50774202403524,64.5259842519685,"3. 56–65 inches"
"HISENSE","65Q7QNZ","Australia,New Zealand","LCD (LED)","0.33","2030-04-13","Available","https://global.hisense.com/","ATV6703",168852,163.896,11478.122496000002,104.99,416,5.5,5.50774202403524,64.5259842519685,"3. 56–65 inches"
"HISENSE","75Q7QAU","Australia,New Zealand","LCD (LED)","0.27","2030-04-14","Available","https://global.hisense.com/","ATV6707",168853,189.34,15318.517823999999,122.25,489,6,6.011546682493634,74.54330708661418,"4. >65 inches"
"HISENSE","75Q7QNZ","Australia,New Zealand","LCD (LED)","0.27","2030-04-14","Available","https://global.hisense.com/","ATV6707",168853,189.34,15318.517823999999,122.25,489,6,6.011546682493634,74.54330708661418,"4. >65 inches"
"HISENSE","85Q7QAU","Australia,New Zealand","LCD (LED)","0.26","2030-04-13","Available","https://global.hisense.com/","ATV6704",168854,214.783,19712.16,175.06,698,5.5,5.503015094115111,84.56023622047243,"4. >65 inches"
"HISENSE","85Q7QNZ","Australia,New Zealand","LCD (LED)","0.26","2030-04-13","Available","https://global.hisense.com/","ATV6704",168854,214.783,19712.16,175.06,698,5.5,5.503015094115111,84.56023622047243,"4. >65 inches"
"HISENSE","100Q7QAU","Australia,New Zealand","LCD (LED)","0.35","2030-04-14","Available","https://global.hisense.com/","ATV6708",168855,252.784,27304.2576,238.44,955,5.5,5.515246011667352,99.52125984251968,"4. >65 inches"
"HISENSE","100Q7QNZ","Australia,New Zealand","LCD (LED)","0.35","2030-04-14","Available","https://global.hisense.com/","ATV6708",168855,252.784,27304.2576,238.44,955,5.5,5.515246011667352,99.52125984251968,"4. >65 inches"
"HISENSE","65Q7Q series","Australia,New Zealand","LCD (LED)","0.33","2030-04-13","Available","https://global.hisense.com/","ATV6703",168852,163.896,11478.122496000002,104.99,416,5.5,5.50774202403524,64.5259842519685,"3. 56–65 inches"
"HISENSE","75Q7Q series","Australia,New Zealand","LCD (LED)","0.27","2030-04-14","Available","https://global.hisense.com/","ATV6707",168853,189.34,15318.517823999999,122.25,489,6,6.011546682493634,74.54330708661418,"4. >65 inches"
"HISENSE","85Q7Q series","Australia,New Zealand","LCD (LED)","0.26","2030-04-13","Available","https://global.hisense.com/","ATV6704",168854,214.783,19712.16,175.06,698,5.5,5.503015094115111,84.56023622047243,"4. >65 inches"
"HISENSE","100Q7Q series","Australia,New Zealand","LCD (LED)","0.35","2030-04-14","Available","https://global.hisense.com/","ATV6708",168855,252.784,27304.2576,238.44,955,5.5,5.515246011667352,99.52125984251968,"4. >65 inches"
"KOGAN","KAQL85WQ98GSVA","Australia,Fiji,New Zealand","LCD (LED)","-","2030-04-16","Available",,"ATV6709",168867,214.783,19712.16,216.3,863,4.5,4.552077515720736,84.56023622047243,"4. >65 inches"
"KOGAN","KAQL85WQ98GSVB","Australia,Fiji,New Zealand","LCD (LED)","-","2030-04-16","Available",,"ATV6709",168867,214.783,19712.16,216.3,863,4.5,4.552077515720736,84.56023622047243,"4. >65 inches"
"KOGAN","KAQL85WQ98GSVC","Australia,Fiji,New Zealand","LCD (LED)","-","2030-04-16","Available",,"ATV6709",168867,214.783,19712.16,216.3,863,4.5,4.552077515720736,84.56023622047243,"4. >65 inches"
"KOGAN","KAQL85 series","Australia,Fiji,New Zealand","LCD (LED)","-","2030-04-16","Available",,"ATV6709",168867,214.783,19712.16,216.3,863,4.5,4.552077515720736,84.56023622047243,"4. >65 inches"
"SVISION","SV500FTS","Australia,Fiji,New Zealand","LCD (LED)","-","2030-04-21","Available","https://www.ayonz.com/","ATV6712",168888,125.731,6754.867344,47.9,224,6,6.082627418214837,49.5003937007874,"2. 44–55 inches"
"ZEN TV","ZEN 3202","Australia,New Zealand","LCD (LED)","0.5","2030-04-23","Available",,"ATV6721",168955,79.831,2721.3599999999997,35.97,134,4.5,4.89517666610133,31.42952755905512,"1. ≤43 inches"
"ZEN TV","ZEN 3201","Australia,New Zealand","LCD (LED)","0.5","2030-04-23","Available",,"ATV6721",168955,79.831,2721.3599999999997,35.97,134,4.5,4.89517666610133,31.42952755905512,"1. ≤43 inches"
"ZEN TV","ZEN2401","Australia,New Zealand","LCD","0.3","2030-04-27","Available",,"ATV6722",168964,60.934,1646.3600000000001,21.55,81,5,5.461003954625391,23.989763779527557,"1. ≤43 inches"
"HISENSE","65U8QAU","Australia,New Zealand","LCD (LED)","0.4","2030-04-23","Available","https://global.hisense.com/","ATV6714",168984,163.896,11478.122496000002,129.15,520,4.5,4.507742024035239,64.5259842519685,"3. 56–65 inches"
"HISENSE","65U8QNZ","Australia,New Zealand","LCD (LED)","0.4","2030-04-23","Available","https://global.hisense.com/","ATV6714",168984,163.896,11478.122496000002,129.15,520,4.5,4.507742024035239,64.5259842519685,"3. 56–65 inches"
"HISENSE","75U8QAU","Australia,New Zealand","LCD (LED)","0.39","2030-04-23","Available","https://global.hisense.com/","ATV6719",168985,189.34,15318.517823999999,169.46,679,4.5,4.5404818179679225,74.54330708661418,"4. >65 inches"
"HISENSE","85U8QAU","Australia,New Zealand","LCD (LED)","0.34","2030-04-23","Available","https://global.hisense.com/","ATV6720",168986,214.783,19712.16,191.41,780,5,5.005242174991583,84.56023622047243,"4. >65 inches"
"HISENSE","65U8Q Series","Australia,New Zealand","LCD (LED)","0.4","2030-04-23","Available","https://global.hisense.com/","ATV6714",168984,163.896,11478.122496000002,129.15,520,4.5,4.507742024035239,64.5259842519685,"3. 56–65 inches"
"HISENSE","75U8QNZ","Australia,New Zealand","LCD (LED)","0.39","2030-04-23","Available","https://global.hisense.com/","ATV6719",168985,189.34,15318.517823999999,169.46,679,4.5,4.5404818179679225,74.54330708661418,"4. >65 inches"
"HISENSE","75U8Q Series","Australia,New Zealand","LCD (LED)","0.39","2030-04-23","Available","https://global.hisense.com/","ATV6719",168985,189.34,15318.517823999999,169.46,679,4.5,4.5404818179679225,74.54330708661418,"4. >65 inches"
"HISENSE","85U8QNZ","Australia,New Zealand","LCD (LED)","0.34","2030-04-23","Available","https://global.hisense.com/","ATV6720",168986,214.783,19712.16,191.41,780,5,5.005242174991583,84.56023622047243,"4. >65 inches"
"HISENSE","85U8Q","Australia,New Zealand","LCD (LED)","0.34","2030-04-23","Available","https://global.hisense.com/","ATV6720",168986,214.783,19712.16,191.41,780,5,5.005242174991583,84.56023622047243,"4. >65 inches"
"LG","75QNED70A6A","Australia,New Zealand","LCD (LED)","0.4","2030-04-27","Available",,"ATV6723",169009,189.275,15307.5663,165,605,5,5.054540009525431,74.51771653543307,"4. >65 inches"
"LG","75QNED70ASA","Australia,New Zealand","LCD (LED)","0.4","2030-04-27","Available",,"ATV6725",169010,189.275,15307.5663,165,605,5,5.054540009525431,74.51771653543307,"4. >65 inches"
"CHIQ","U75M10F","Australia,Fiji,New Zealand","LCD","0.4","2030-04-23","Available",,"ATV6715",169012,189.34,15318.517823999999,136.1,532,5.5,5.63384811414874,74.54330708661418,"4. >65 inches"
"AIWA","AWS650WG","Australia","LCD (LED)","0.35","2030-07-17","Available",,"ATV6852",169038,163.896,11478.122496000002,97.1,357,6,6.193172893898268,64.5259842519685,"3. 56–65 inches"
"ZEN TV","ZEN 2402","Australia,New Zealand","LCD","0.4","2030-04-27","Available",,"ATV6724",169048,59.54,1508,23.82,90,4.5,4.716505623764874,23.440944881889763,"1. ≤43 inches"
"RCA","RT-24G01A","Australia,New Zealand","LCD","0.4","2030-04-27","Available",,"ATV6726",169104,59.54,1508,23.89,90,4.5,4.716505623764874,23.440944881889763,"1. ≤43 inches"
"KOGAN","KAQL75WQ98GSVA","Australia,Fiji,New Zealand","LCD (LED)","-","2030-04-27","Available",,"ATV6727",169114,189.306,15312,130.8,542,5.5,5.5485690204715645,74.52992125984252,"4. >65 inches"
"KOGAN","KAQL75WQ98GSVB","Australia,Fiji,New Zealand","LCD (LED)","-","2030-04-27","Available",,"ATV6727",169114,189.306,15312,130.8,542,5.5,5.5485690204715645,74.52992125984252,"4. >65 inches"
"KOGAN","KAQL75WQ98GSVC","Australia,Fiji,New Zealand","LCD (LED)","-","2030-04-27","Available",,"ATV6727",169114,189.306,15312,130.8,542,5.5,5.5485690204715645,74.52992125984252,"4. >65 inches"
"KOGAN","KAQL75WQ98 series","Australia,Fiji,New Zealand","LCD (LED)","-","2030-04-27","Available",,"ATV6727",169114,189.306,15312,130.8,542,5.5,5.5485690204715645,74.52992125984252,"4. >65 inches"
"AKAI","AK40FHDZEN","Australia,Fiji,New Zealand","LCD (LED)","0.3","2030-06-23","Available",,"ATV6828",169165,100.337,4259.8236358656,36.9,137,6,6.459917408091649,39.50275590551181,"1. ≤43 inches"
"KOGAN","KAQL75MQ8TA","Australia,New Zealand","LCD (LED)","0.3","2030-05-21","Available",,"ATV6781",169168,189.34,15318.517823999999,135.9,531,5.5,5.642279763141617,74.54330708661418,"4. >65 inches"
"KOGAN","KAQL75MQ8TB","Australia,New Zealand","LCD (LED)","0.3","2030-05-21","Available",,"ATV6781",169168,189.34,15318.517823999999,135.9,531,5.5,5.642279763141617,74.54330708661418,"4. >65 inches"
"KOGAN","KAQL75MQ8TC","Australia,New Zealand","LCD (LED)","0.3","2030-05-21","Available",,"ATV6781",169168,189.34,15318.517823999999,135.9,531,5.5,5.642279763141617,74.54330708661418,"4. >65 inches"
"KOGAN","KAQL75MQ8TD","Australia,New Zealand","LCD (LED)","0.3","2030-05-21","Available",,"ATV6781",169168,189.34,15318.517823999999,135.9,531,5.5,5.642279763141617,74.54330708661418,"4. >65 inches"
"KOGAN","LED (backlighting) TV","Australia,New Zealand","LCD (LED)","0.3","2030-05-21","Available",,"ATV6781",169168,189.34,15318.517823999999,135.9,531,5.5,5.642279763141617,74.54330708661418,"4. >65 inches"
"COOCAA","40E5500H","Australia,Fiji,New Zealand","LCD (LED)","-","2030-05-12","Available",,"ATV6750",169171,100.34,4260.24,32.9,135,6,6.5261979961276575,39.503937007874015,"1. ≤43 inches"
"KOGAN","KAQL65MQ8TA","Australia,New Zealand","LCD (LED)","0.3","2030-05-21","Available",,"ATV6782",169170,163.896,11478.122496000002,109.1,436,5,5.297308055358051,64.5259842519685,"3. 56–65 inches"
"KOGAN","KAQL65MQ8TB","Australia,New Zealand","LCD (LED)","0.3","2030-05-21","Available",,"ATV6782",169170,163.896,11478.122496000002,109.1,436,5,5.297308055358051,64.5259842519685,"3. 56–65 inches"
"KOGAN","KAQL65MQ8TC","Australia,New Zealand","LCD (LED)","0.3","2030-05-21","Available",,"ATV6782",169170,163.896,11478.122496000002,109.1,436,5,5.297308055358051,64.5259842519685,"3. 56–65 inches"
"KOGAN","KAQL65MQ8TD","Australia,New Zealand","LCD (LED)","0.3","2030-05-21","Available",,"ATV6782",169170,163.896,11478.122496000002,109.1,436,5,5.297308055358051,64.5259842519685,"3. 56–65 inches"
"KOGAN","KAQL65MQ8TE","Australia,New Zealand","LCD (LED)","0.3","2030-05-21","Available",,"ATV6782",169170,163.896,11478.122496000002,109.1,436,5,5.297308055358051,64.5259842519685,"3. 56–65 inches"
"KOGAN","LED (backlighting) TV","Australia,New Zealand","LCD (LED)","0.3","2030-05-21","Available",,"ATV6782",169170,163.896,11478.122496000002,109.1,436,5,5.297308055358051,64.5259842519685,"3. 56–65 inches"
"VEON","VNG3F55","Australia,Fiji,New Zealand","LCD (LED)","-","2030-05-12","Available",,"ATV6751",169172,138.783,8230.118400000001,57.9,304,5.5,5.52322847238293,54.63897637795275,"2. 44–55 inches"
"VEON","VNG3F5525","Australia,Fiji,New Zealand","LCD (LED)","-","2030-05-12","Available",,"ATV6751",169172,138.783,8230.118400000001,57.9,304,5.5,5.52322847238293,54.63897637795275,"2. 44–55 inches"
"VEON","VNG3F55 Serise","Australia,Fiji,New Zealand","LCD (LED)","-","2030-05-12","Available",,"ATV6751",169172,138.783,8230.118400000001,57.9,304,5.5,5.52322847238293,54.63897637795275,"2. 44–55 inches"
"KOGAN","KAQL75MQ8TE","Australia,New Zealand","LCD (LED)","0.3","2030-05-21","Available",,"ATV6781",169168,189.34,15318.517823999999,135.9,531,5.5,5.642279763141617,74.54330708661418,"4. >65 inches"
"SKYWORTH","40E5500H","Australia,Fiji,New Zealand","LCD (LED)","-","2030-05-12","Available",,"ATV6752",169173,100.342,4262.7828,32.3,140,6,6.3655159060378335,39.50472440944882,"1. ≤43 inches"
"LG","32LR650BPSA","Australia,New Zealand","LCD (LED)","0.4","2030-05-11","Available",,"ATV6747",169174,80.043,2737.0770999999995,30,112,5.5,5.71941646795843,31.512992125984255,"1. ≤43 inches"
"KOGAN","KAQL55MQ8TA","Australia,New Zealand","LCD (LED)","0.3","2030-05-21","Available",,"ATV6783",169197,138.783,8230.118400000001,93.2,378,4.5,4.546877182237033,54.63897637795275,"2. 44–55 inches"
"KOGAN","KAQL55MQ8TB","Australia,New Zealand","LCD (LED)","0.3","2030-05-21","Available",,"ATV6783",169197,138.783,8230.118400000001,93.2,378,4.5,4.546877182237033,54.63897637795275,"2. 44–55 inches"
"KOGAN","KAQL55MQ8TC","Australia,New Zealand","LCD (LED)","0.3","2030-05-21","Available",,"ATV6783",169197,138.783,8230.118400000001,93.2,378,4.5,4.546877182237033,54.63897637795275,"2. 44–55 inches"
"KOGAN","KAQL55MQ8TD","Australia,New Zealand","LCD (LED)","0.3","2030-05-21","Available",,"ATV6783",169197,138.783,8230.118400000001,93.2,378,4.5,4.546877182237033,54.63897637795275,"2. 44–55 inches"
"KOGAN","KAQL55MQ8TE","Australia,New Zealand","LCD (LED)","0.3","2030-05-21","Available",,"ATV6783",169197,138.783,8230.118400000001,93.2,378,4.5,4.546877182237033,54.63897637795275,"2. 44–55 inches"
"KOGAN","LED (backlighting) TV","Australia,New Zealand","LCD (LED)","0.3","2030-05-21","Available",,"ATV6783",169197,138.783,8230.118400000001,93.2,378,4.5,4.546877182237033,54.63897637795275,"2. 44–55 inches"
"LINSAR","LS24HDNFB","Australia","LCD (LED)","0.5","2030-05-12","Available",,"ATV6753",169203,59.827,1529.038,15.38,59,6,6.651375912212433,23.553937007874016,"1. ≤43 inches"
"LINSAR","LS32HDNFB","Australia","LCD (LED)","0.4","2030-04-29","Available",,"ATV6728",169204,80.043,2737.0770999999995,15.87,60,8,8.51651414520261,31.512992125984255,"1. ≤43 inches"
"CHIQ","L40M10","Australia,Fiji,New Zealand","LCD (LED)","0.43","2030-05-05","Available",,"ATV6734",169283,100.332,4261.934154240001,35.2,152,5.5,5.996206090448164,39.5007874015748,"1. ≤43 inches"
"CHIQ","L32M10","Australia,Fiji,New Zealand","LCD (LED)","0.45","2030-05-05","Available",,"ATV6735",169285,80.039,2736.7112736,24.2,112,5.5,5.718939505764904,31.511417322834646,"1. ≤43 inches"
"CHIQ","U65QM10","Australia,Fiji,New Zealand","LCD (LED)","0.3","2030-05-05","Available",,"ATV6736",169286,163.896,11478.122496000002,136.6,520,4.5,4.507742024035239,64.5259842519685,"3. 56–65 inches"
"CHIQ","U65M10F","Australia,Fiji,New Zealand","LCD (LED)","0.3","2030-05-08","Available",,"ATV6740",169287,163.896,11478.122496000002,94.1,371,6,6.0207893291425405,64.5259842519685,"3. 56–65 inches"
"CHIQ","L40G5AU","Australia,Fiji,New Zealand","LCD (LED)","0.35","2030-05-05","Available",,"ATV6737",169288,100.305,4258.3,36.5,148,6,6.112434496987815,39.49015748031496,"1. ≤43 inches"
"DGTEC","DG70UHDW22041","Australia,New Zealand","LCD","-","2030-05-05","Available",,"ATV6731",169310,176.535,13380.189120000001,108.294,397,6,6.367605973033433,69.50196850393701,"4. >65 inches"
"AIWA","AWS400G2","Australia","LCD (LED)","0.43","2030-05-05","Available",,"ATV6732",169322,100.332,4261.934154240001,35.2,152,5.5,5.996206090448164,39.5007874015748,"1. ≤43 inches"
"KOGAN","KALED55U95TB","Australia,New Zealand","LCD (LED)","0.43","2030-05-21","Available",,"ATV6780",169348,138.783,8230.118400000001,108.4,441,3.5,3.856063224498241,54.63897637795275,"2. 44–55 inches"
"KOGAN","KALED55U95TC","Australia,New Zealand","LCD (LED)","0.43","2030-05-21","Available",,"ATV6780",169348,138.783,8230.118400000001,108.4,441,3.5,3.856063224498241,54.63897637795275,"2. 44–55 inches"
"KOGAN","KALED55U95TD","Australia,New Zealand","LCD (LED)","0.43","2030-05-21","Available",,"ATV6780",169348,138.783,8230.118400000001,108.4,441,3.5,3.856063224498241,54.63897637795275,"2. 44–55 inches"
"KOGAN","KALED55U95TE","Australia,New Zealand","LCD (LED)","0.43","2030-05-21","Available",,"ATV6780",169348,138.783,8230.118400000001,108.4,441,3.5,3.856063224498241,54.63897637795275,"2. 44–55 inches"
"KOGAN","KALED55U95TF","Australia,New Zealand","LCD (LED)","0.43","2030-05-21","Available",,"ATV6780",169348,138.783,8230.118400000001,108.4,441,3.5,3.856063224498241,54.63897637795275,"2. 44–55 inches"
"KOGAN","LED (backlighting) TV","Australia,New Zealand","LCD (LED)","0.43","2030-05-21","Available",,"ATV6780",169348,138.783,8230.118400000001,108.4,441,3.5,3.856063224498241,54.63897637795275,"2. 44–55 inches"
"KOGAN","KAQL32FQ9TA","Australia,New Zealand","LCD (LED)","0.4","2030-05-21","Available",,"ATV6784",169349,80.039,2736.7112736,27.1,116,5.5,5.561680559205171,31.511417322834646,"1. ≤43 inches"
"KOGAN","KAQL32FQ9TB","Australia,New Zealand","LCD (LED)","0.4","2030-05-21","Available",,"ATV6784",169349,80.039,2736.7112736,27.1,116,5.5,5.561680559205171,31.511417322834646,"1. ≤43 inches"
"KOGAN","KAQL32FQ9TC","Australia,New Zealand","LCD (LED)","0.4","2030-05-21","Available",,"ATV6784",169349,80.039,2736.7112736,27.1,116,5.5,5.561680559205171,31.511417322834646,"1. ≤43 inches"
"KOGAN","KAQL32FQ9TD","Australia,New Zealand","LCD (LED)","0.4","2030-05-21","Available",,"ATV6784",169349,80.039,2736.7112736,27.1,116,5.5,5.561680559205171,31.511417322834646,"1. ≤43 inches"
"KOGAN","KAQL32FQ9TE","Australia,New Zealand","LCD (LED)","0.4","2030-05-21","Available",,"ATV6784",169349,80.039,2736.7112736,27.1,116,5.5,5.561680559205171,31.511417322834646,"1. ≤43 inches"
"KOGAN","LED (backlighting) TV","Australia,New Zealand","LCD (LED)","0.4","2030-05-21","Available",,"ATV6784",169349,80.039,2736.7112736,27.1,116,5.5,5.561680559205171,31.511417322834646,"1. ≤43 inches"
"TCL","98X11K","Australia,Fiji,New Zealand","LCD (LED)","0.407","2030-05-11","Available","https://www.tcl.com/au","ATV6745",169352,247.604,26198.120000000003,313.1,1350,3.5,3.78340918698233,97.48188976377953,"4. >65 inches"
"KOGAN","KAOD55X98JSVA","Australia,Fiji,New Zealand","LCD (LED)","-","2030-05-11","Available",,"ATV6744",169398,138.711,8221.2,96.66,422,4,4.048945386341494,54.61062992125985,"2. 44–55 inches"
"KOGAN","KAOD55X98JSVB","Australia,Fiji,New Zealand","LCD (LED)","-","2030-05-11","Available",,"ATV6744",169398,138.711,8221.2,96.66,422,4,4.048945386341494,54.61062992125985,"2. 44–55 inches"
"KOGAN","KAOD55X98JSVC","Australia,Fiji,New Zealand","LCD (LED)","-","2030-05-11","Available",,"ATV6744",169398,138.711,8221.2,96.66,422,4,4.048945386341494,54.61062992125985,"2. 44–55 inches"
"KOGAN","KAOD55X98JSV series","Australia,Fiji,New Zealand","LCD (LED)","-","2030-05-11","Available",,"ATV6744",169398,138.711,8221.2,96.66,422,4,4.048945386341494,54.61062992125985,"2. 44–55 inches"
"KOGAN","KAOD65X98JSVA","Australia,Fiji,New Zealand","LCD (LED)","-","2030-05-09","Available",,"ATV6742",169399,163.829,11466.84,105.84,448,5,5.1714794128570825,64.4996062992126,"3. 56–65 inches"
"KOGAN","KAOD65X98JSVB","Australia,Fiji,New Zealand","LCD (LED)","-","2030-05-09","Available",,"ATV6742",169399,163.829,11466.84,105.84,448,5,5.1714794128570825,64.4996062992126,"3. 56–65 inches"
"KOGAN","KAOD65X98JSVC","Australia,Fiji,New Zealand","LCD (LED)","-","2030-05-09","Available",,"ATV6742",169399,163.829,11466.84,105.84,448,5,5.1714794128570825,64.4996062992126,"3. 56–65 inches"
"KOGAN","KAOD65X98JSV series","Australia,Fiji,New Zealand","LCD (LED)","-","2030-05-09","Available",,"ATV6742",169399,163.829,11466.84,105.84,448,5,5.1714794128570825,64.4996062992126,"3. 56–65 inches"
"FFALCON","FF32S55","Australia,Fiji,New Zealand","LCD (LED)","0.416","2030-05-09","Available","https://www.tcl.com/au","ATV6743",169403,79.967,2732.2400000000002,25.4,130,5,5.04521473860549,31.48307086614173,"1. ≤43 inches"
"FFALCON","FF40S55","Australia,Fiji,New Zealand","LCD (LED)","0.337","2030-05-11","Available","https://www.tcl.com/au","ATV6746",169404,100.305,4258.3,30.3,140,6,6.361466345891943,39.49015748031496,"1. ≤43 inches"
"SAMSUNG","BE43FX-H","Australia,Fiji,New Zealand","LCD (LED)","0.5","2030-05-14","Available",,"ATV6762",169463,107.987,4982.7128,68,251,4,4.356241516253395,42.514566929133856,"1. ≤43 inches"
"SAMSUNG","BE50FX-H","Australia,Fiji,New Zealand","LCD (LED)","0.5","2030-05-14","Available",,"ATV6761",169453,125.727,6754.5112,71,262,5,5.380181735077315,49.4988188976378,"2. 44–55 inches"
"SAMSUNG","BE55FX-H","Australia,Fiji,New Zealand","LCD (LED)","0.5","2030-05-14","Available",,"ATV6763",169466,138.783,8230.118400000001,79,291,5.5,5.719086403196216,54.63897637795275,"2. 44–55 inches"
"SKYWORTH","SW43G3F","Australia,New Zealand","LCD (LED)","-","2030-05-13","Available",,"ATV6757",169473,107.987,4982.7128,54.9,212,5,5.113003983576456,42.514566929133856,"1. ≤43 inches"
"SKYWORTH","SW55G3F","Australia,New Zealand","LCD (LED)","-","2030-05-12","Available",,"ATV6756",169474,138.783,8230.118400000001,64.6,260,6,6.223880897558965,54.63897637795275,"2. 44–55 inches"
"SKYWORTH","85Q6600H","Australia,Fiji,New Zealand","LCD (LED)","-","2030-05-12","Available",,"ATV6749",169169,217.425,20200.7,181.9,730,5,5.408125730182616,85.60039370078741,"4. >65 inches"
"BAUHN","ATV50UHDT-0825","Australia","LCD (LED)","0.432","2030-07-01","Available",,"ATV6832",169483,125.725,6751.36,56.59,220,6,6.1612671006942135,49.49803149606299,"2. 44–55 inches"
"SYLVOX","OT55A6KOEC","Australia,Fiji,New Zealand","LCD","0.43","2030-06-22","Available",,"ATV6822",169491,138.783,8230.118400000001,79.95,300,5.5,5.582585898004296,54.63897637795275,"2. 44–55 inches"
"HISENSE","55U6QAU PRO","Australia,New Zealand","LCD (LED)","0.36","2030-05-14","Available","https://global.hisense.com/","ATV6765",169500,138.783,8230.118400000001,100.24,399,4,4.304579249126954,54.63897637795275,"2. 44–55 inches"
"HISENSE","55U6QNZ PRO","Australia,New Zealand","LCD (LED)","0.36","2030-05-14","Available","https://global.hisense.com/","ATV6765",169500,138.783,8230.118400000001,100.24,399,4,4.304579249126954,54.63897637795275,"2. 44–55 inches"
"HISENSE","65U6QAU PRO","Australia,New Zealand","LCD (LED)","0.32","2030-05-14","Available","https://global.hisense.com/","ATV6766",169501,163.896,11478.122496000002,110.31,439,5,5.266578196996688,64.5259842519685,"3. 56–65 inches"
"HISENSE","65U6QNZ PRO","Australia,New Zealand","LCD (LED)","0.32","2030-05-14","Available","https://global.hisense.com/","ATV6766",169501,163.896,11478.122496000002,110.31,439,5,5.266578196996688,64.5259842519685,"3. 56–65 inches"
"HISENSE","75U6QAU PRO","Australia","LCD (LED)","0.33","2030-05-14","Available","https://global.hisense.com/","ATV6767",169502,189.34,15318.517823999999,133.21,539,5.5,5.575266624832269,74.54330708661418,"4. >65 inches"
"HISENSE","75U6QNZ PRO","Australia","LCD (LED)","0.33","2030-05-14","Available","https://global.hisense.com/","ATV6767",169502,189.34,15318.517823999999,133.21,539,5.5,5.575266624832269,74.54330708661418,"4. >65 inches"
"HISENSE","85U6QAU PRO","Australia,New Zealand","LCD (LED)","0.3","2030-05-27","Available","https://global.hisense.com/","ATV6794",169503,214.783,19712.16,154.51,618,6,6.048541256927103,84.56023622047243,"4. >65 inches"
"HISENSE","85U6QNZ PRO","Australia,New Zealand","LCD (LED)","0.3","2030-05-27","Available","https://global.hisense.com/","ATV6794",169503,214.783,19712.16,154.51,618,6,6.048541256927103,84.56023622047243,"4. >65 inches"
"HISENSE","100U6QAU PRO","Australia,New Zealand","LCD (LED)","0.35","2030-05-14","Available","https://global.hisense.com/","ATV6768",169504,252.784,27304.2576,248.33,988,5,5.363006087783993,99.52125984251968,"4. >65 inches"
"HISENSE","100U6QNZ PRO","Australia,New Zealand","LCD (LED)","0.35","2030-05-14","Available","https://global.hisense.com/","ATV6768",169504,252.784,27304.2576,248.33,988,5,5.363006087783993,99.52125984251968,"4. >65 inches"
"SAMSUNG","BE65FX-H","Australia,Fiji,New Zealand","LCD (LED)","0.5","2030-05-14","Available",,"ATV6770",169508,163.897,11477.9975,113,416,5.5,5.507696027807992,64.52637795275591,"3. 56–65 inches"
"SAMSUNG","BE75FX-H","Australia,Fiji,New Zealand","LCD (LED)","0.5","2030-05-14","Available",,"ATV6771",169509,189.338,15318.8066,136,499,5.5,5.920907365130298,74.54251968503937,"4. >65 inches"
"SAMSUNG","BE85FX-H","Australia,Fiji,New Zealand","LCD (LED)","0.5","2030-05-14","Available",,"ATV6772",169512,214.783,19712.16,142,521,6,6.813691827932876,84.56023622047243,"4. >65 inches"
"HISENSE","55U6Q PRO series","Australia,New Zealand","LCD (LED)","0.36","2030-05-14","Available","https://global.hisense.com/","ATV6765",169500,138.783,8230.118400000001,100.24,399,4,4.304579249126954,54.63897637795275,"2. 44–55 inches"
"HISENSE","65U6Q PRO series","Australia,New Zealand","LCD (LED)","0.32","2030-05-14","Available","https://global.hisense.com/","ATV6766",169501,163.896,11478.122496000002,110.31,439,5,5.266578196996688,64.5259842519685,"3. 56–65 inches"
"HISENSE","75U6Q PRO series","Australia","LCD (LED)","0.33","2030-05-14","Available","https://global.hisense.com/","ATV6767",169502,189.34,15318.517823999999,133.21,539,5.5,5.575266624832269,74.54330708661418,"4. >65 inches"
"HISENSE","85U6Q PRO series","Australia,New Zealand","LCD (LED)","0.3","2030-05-27","Available","https://global.hisense.com/","ATV6794",169503,214.783,19712.16,154.51,618,6,6.048541256927103,84.56023622047243,"4. >65 inches"
"HISENSE","100U6Q PRO series","Australia,New Zealand","LCD (LED)","0.35","2030-05-14","Available","https://global.hisense.com/","ATV6768",169504,252.784,27304.2576,248.33,988,5,5.363006087783993,99.52125984251968,"4. >65 inches"
"SKYWORTH","75Q6600H","Australia,Fiji,New Zealand","LCD (LED)","-","2030-05-27","Available",,"ATV6795",169546,189.338,15318.8066,147.3,590,5,5.170195815718926,74.54251968503937,"4. >65 inches"
"SKYWORTH","SW65G4F","Australia,New Zealand","LCD (LED)","-","2030-05-14","Available",,"ATV6773",169547,163.897,11477.9975,121.6,490,4.5,4.773997339769842,64.52637795275591,"3. 56–65 inches"
"SAMSUNG","HG43U800FAW","Australia,Fiji,New Zealand","LCD (LED)","0.5","2030-05-19","Available",,"ATV6774",169599,107.986,4982.65986,66,244,4,4.482955455249254,42.51417322834646,"1. ≤43 inches"
"SAMSUNG","HG50U800FAW","Australia,Fiji,New Zealand","LCD (LED)","0.5","2030-05-19","Available",,"ATV6775",169600,125.727,6754.5112,73,270,5,5.245392022087018,49.4988188976378,"2. 44–55 inches"
"SAMSUNG","HG55U800FAW","Australia,Fiji,New Zealand","LCD (LED)","0.5","2030-05-19","Available",,"ATV6776",169602,138.783,8230.118400000001,81,299,5.5,5.597548917306669,54.63897637795275,"2. 44–55 inches"
"SAMSUNG","HG65U800FAW","Australia,Fiji,New Zealand","LCD (LED)","0.5","2030-05-19","Available",,"ATV6778",169605,163.897,11477.9975,103,379,5.5,5.925136077633466,64.52637795275591,"3. 56–65 inches"
"SAMSUNG","HG75U800FAW","Australia,Fiji,New Zealand","LCD (LED)","0.5","2030-05-19","Available",,"ATV6777",169604,189.338,15318.8066,140,514,5.5,5.788180384990315,74.54251968503937,"4. >65 inches"
"SAMSUNG","HG85U800FAW","Australia,Fiji,New Zealand","LCD (LED)","0.5","2030-05-19","Available",,"ATV6779",169625,214.783,19712.16,164,602,6,6.166093442479324,84.56023622047243,"4. >65 inches"
"CHIQ","U43QM10","Australia,Fiji,New Zealand","LCD (LED)","0.36","2030-05-25","Available",,"ATV6786",169686,107.987,4982.77868544,53.7,214,5,5.070976566673033,42.514566929133856,"1. ≤43 inches"
"SYLVOX","OT55KOC","Australia,Fiji,New Zealand","LCD","0.43","2030-06-22","Available",,"ATV6822",169491,138.783,8230.118400000001,79.95,300,5.5,5.582585898004296,54.63897637795275,"2. 44–55 inches"
"SYLVOX","OT55A6KOEC, OT55KOC","Australia,Fiji,New Zealand","LCD","0.43","2030-06-22","Available",,"ATV6822",169491,138.783,8230.118400000001,79.95,300,5.5,5.582585898004296,54.63897637795275,"2. 44–55 inches"
"SYLVOX","OT65A6KOEC","Australia,Fiji,New Zealand","LCD","0.41728","2030-06-22","Available",,"ATV6823",169695,163.896,11478.122496000002,104.68002,390,5.5,5.796966251029342,64.5259842519685,"3. 56–65 inches"
"SYLVOX","OT65KOC","Australia,Fiji,New Zealand","LCD","0.41728","2030-06-22","Available",,"ATV6823",169695,163.896,11478.122496000002,104.68002,390,5.5,5.796966251029342,64.5259842519685,"3. 56–65 inches"
"SYLVOX","OT75A6KOEC","Australia,Fiji,New Zealand","LCD","0.367584","2030-06-22","Available",,"ATV6824",169696,189.34,15318.517823999999,134.5602,495,5.5,5.956894540309852,74.54330708661418,"4. >65 inches"
"SYLVOX","OT75KOC","Australia,Fiji,New Zealand","LCD","0.367584","2030-06-22","Available",,"ATV6824",169696,189.34,15318.517823999999,134.5602,495,5.5,5.956894540309852,74.54330708661418,"4. >65 inches"
"SYLVOX","OT65A6KOEC, OT65KOC","Australia,Fiji,New Zealand","LCD","0.41728","2030-06-22","Available",,"ATV6823",169695,163.896,11478.122496000002,104.68002,390,5.5,5.796966251029342,64.5259842519685,"3. 56–65 inches"
"SYLVOX","OT75A6KOEC, OT75KOC","Australia,Fiji,New Zealand","LCD","0.367584","2030-06-22","Available",,"ATV6824",169696,189.34,15318.517823999999,134.5602,495,5.5,5.956894540309852,74.54330708661418,"4. >65 inches"
"CHIQ","U50QM10","Australia,Fiji,New Zealand","LCD (LED)","0.4","2030-05-25","Available",,"ATV6791",169704,125.731,6754.867344,66.2,265,5,5.3293734113602875,49.5003937007874,"2. 44–55 inches"
"CHIQ","U55M10F","Australia,Fiji,New Zealand","LCD (LED)","0.4","2030-05-25","Available",,"ATV6787",169705,138.783,8230.118400000001,74.4,295,5.5,5.657905656148303,54.63897637795275,"2. 44–55 inches"
"CHIQ","U75QM10","Australia,Fiji,New Zealand","LCD (LED)","0.4","2030-05-25","Available",,"ATV6792",169706,189.34,15318.517823999999,136.6,543,5.5,5.542132129206505,74.54330708661418,"4. >65 inches"
"LG","43UK660H0LA","Australia,New Zealand","LCD (LED)","0.4","2030-06-11","Available",,"ATV6806",169746,107.987,4982.7128,46,170,6,6.1024470408434714,42.514566929133856,"1. ≤43 inches"
"LG","50UK660H0LA","Australia,New Zealand","LCD (LED)","0.4","2030-06-11","Available",,"ATV6808",169747,125.727,6754.5112,53,196,6,6.680823599120723,49.4988188976378,"2. 44–55 inches"
"LG","55UK660H0LA","Australia,New Zealand","LCD (LED)","0.4","2030-06-11","Available",,"ATV6807",169748,138.783,8230.118400000001,54,200,7,7.399645390515584,54.63897637795275,"2. 44–55 inches"
"LG","65UK660H0LA","Australia,New Zealand","LCD (LED)","0.4","2030-06-11","Available",,"ATV6809",169749,163.897,11477.9975,67,247,7,7.843846548686119,64.52637795275591,"3. 56–65 inches"
"LINSAR","LS85UHDZEN25S","Australia","LCD (LED)","0.41","2030-08-06","Available",,"ATV6870",169820,214.783,19712.16,163.7,615,6,6.070348697126533,84.56023622047243,"4. >65 inches"
"SKYWORTH","65X8700G","Australia,Fiji,New Zealand","LCD (LED)","-","2030-05-27","Available",,"ATV6796",169847,163.897,11477.9975,111.6,450,5,5.1556252552474255,64.52637795275591,"3. 56–65 inches"
"AKAI","AK40FHDZEN","Australia,Fiji,New Zealand","LCD (LED)","-","2030-06-04","Available",,"ATV6798",169849,100.337,4259.8236358656,36.9,137,6,6.459917408091649,39.50275590551181,"1. ≤43 inches"
"AKAI","AK50UHDZEN","Australia,Fiji,New Zealand","LCD (LED)","-","2030-06-04","Available",,"ATV6801",169850,125.731,6754.867344,59.84,221,6,6.143051975670684,49.5003937007874,"2. 44–55 inches"
"KOGAN","KALED43U95VA","Australia,Fiji,New Zealand","LCD (LED)","-","2030-06-09","Available",,"ATV6804",170005,107.95,4977.889999999999,63.12,269,4,4.04206066023001,42.5,"1. ≤43 inches"
"KOGAN","KALED43U95VB","Australia,Fiji,New Zealand","LCD (LED)","-","2030-06-09","Available",,"ATV6804",170005,107.95,4977.889999999999,63.12,269,4,4.04206066023001,42.5,"1. ≤43 inches"
"KOGAN","KALED43U95VC","Australia,Fiji,New Zealand","LCD (LED)","-","2030-06-09","Available",,"ATV6804",170005,107.95,4977.889999999999,63.12,269,4,4.04206066023001,42.5,"1. ≤43 inches"
"KOGAN","KAQL65XQ98GSVA","Australia,Fiji,New Zealand","LCD (LED)","-","2030-06-09","Available",,"ATV6803",170006,163.829,11466.84,157.32,634,3.5,3.615280634191649,64.4996062992126,"3. 56–65 inches"
"KOGAN","KAQL65XQ98GSVB","Australia,Fiji,New Zealand","LCD (LED)","-","2030-06-09","Available",,"ATV6803",170006,163.829,11466.84,157.32,634,3.5,3.615280634191649,64.4996062992126,"3. 56–65 inches"
"KOGAN","KAQL65XQ98GSVC","Australia,Fiji,New Zealand","LCD (LED)","-","2030-06-09","Available",,"ATV6803",170006,163.829,11466.84,157.32,634,3.5,3.615280634191649,64.4996062992126,"3. 56–65 inches"
"KOGAN","KAQL65XQ98****","Australia,Fiji,New Zealand","LCD (LED)","-","2030-06-09","Available",,"ATV6803",170006,163.829,11466.84,157.32,634,3.5,3.615280634191649,64.4996062992126,"3. 56–65 inches"
"SKYWORTH","55Q7700G","Australia,Fiji,New Zealand","LCD (LED)","-","2030-06-04","Available",,"ATV6799",170051,138.783,8230.118400000001,71.1,304,5.5,5.52322847238293,54.63897637795275,"2. 44–55 inches"
"SKYWORTH","43E5500H","Australia,Fiji,New Zealand","LCD (LED)","-","2030-06-04","Available",,"ATV6800",170053,107.956,4980.1837000000005,36.6,173,6,6.022058059100385,42.50236220472441,"1. ≤43 inches"
"SKYWORTH","65Q7700G","Australia,Fiji,New Zealand","LCD (LED)","-","2030-06-04","Available",,"ATV6802",170054,163.897,11477.9975,118.6,465,5,5.0086802835918505,64.52637795275591,"3. 56–65 inches"
"EKO","K75USTW","Australia,Fiji,New Zealand","LCD (LED)","-","2030-06-17","Available","https://www.ayonz.com/","ATV6813",170075,189.34,15318.517823999999,142.18,682,4.5,4.5207253416601745,74.54330708661418,"4. >65 inches"
"KOGAN","KALED43U95****","Australia,Fiji,New Zealand","LCD (LED)","-","2030-06-09","Available",,"ATV6804",170005,107.95,4977.889999999999,63.12,269,4,4.04206066023001,42.5,"1. ≤43 inches"
"KOGAN","KALD24DH67NA","Australia,Fiji,New Zealand","LCD","0.14","2030-06-22","Available",,"ATV6826",170107,59.824,1528.86807072,22.3,83,5,5.121511445327967,23.55275590551181,"1. ≤43 inches"
"KOGAN","*24*","Australia,Fiji,New Zealand","LCD","0.14","2030-06-22","Available",,"ATV6826",170107,59.824,1528.86807072,22.3,83,5,5.121511445327967,23.55275590551181,"1. ≤43 inches"
"SAMSUNG","QA115QN90FW","Australia,Fiji,New Zealand","LCD (LED)","0.5","2030-06-11","Available",,"ATV6810",170147,290.784,36130.4064,428,1565,4.5,4.529489082228129,114.48188976377952,"4. >65 inches"
"SAMSUNG","QA115QN90FS","Australia,Fiji,New Zealand","LCD (LED)","0.5","2030-06-11","Available",,"ATV6810",170147,290.784,36130.4064,428,1565,4.5,4.529489082228129,114.48188976377952,"4. >65 inches"
"SAMSUNG","QA115QN90F*","Australia,Fiji,New Zealand","LCD (LED)","0.5","2030-06-11","Available",,"ATV6810",170147,290.784,36130.4064,428,1565,4.5,4.529489082228129,114.48188976377952,"4. >65 inches"
"KOGAN","KALD24D97SNA","Australia,Fiji,New Zealand","LCD","0.27","2030-06-22","Available",,"ATV6825",170148,59.824,1528.86807072,22,83,5,5.121511445327967,23.55275590551181,"1. ≤43 inches"
"JVC","LT-42NQ5155AJ","Australia","LCD (LED)","0.33","2030-07-01","Available",,"ATV6831",170151,105.415,4682.676096,49.21,200,5,5.131059626662445,41.50196850393701,"1. ≤43 inches"
"KOGAN","KALD32D97SNA","Australia,Fiji,New Zealand","LCD","0.27","2030-06-19","Available",,"ATV6821",170150,80.039,2736.70931232,35.2,131,5,5.016705353735284,31.511417322834646,"1. ≤43 inches"
"AOA","LTG43UHD","Australia,Fiji,New Zealand","LCD (LED)","0.3","2030-06-17","Available","https://www.macc-tv.com/","ATV6812",170251,107.987,4982.77868544,50.04,185,5.5,5.723561815432824,42.514566929133856,"1. ≤43 inches"
"SAMSUNG","UA32F6000FW","Australia,Fiji,New Zealand","LCD (LED)","0.5","2029-12-04","Available",,"ATV6367",165781,80.008,2735.5079,36,134,4.5,4.91366815087741,31.499212598425196,"1. ≤43 inches"
"SAMSUNG","UA32F6000FS","Australia,Fiji,New Zealand","LCD (LED)","0.5","2029-12-04","Available",,"ATV6367",165781,80.008,2735.5079,36,134,4.5,4.91366815087741,31.499212598425196,"1. ≤43 inches"
"SAMSUNG","S32F6000FW","Australia,Fiji,New Zealand","LCD (LED)","0.5","2029-12-04","Available",,"ATV6367",165781,80.008,2735.5079,36,134,4.5,4.91366815087741,31.499212598425196,"1. ≤43 inches"
"SAMSUNG","S32F6000FS","Australia,Fiji,New Zealand","LCD (LED)","0.5","2029-12-04","Available",,"ATV6367",165781,80.008,2735.5079,36,134,4.5,4.91366815087741,31.499212598425196,"1. ≤43 inches"
"SAMSUNG","**32F6000F*","Australia,Fiji,New Zealand","LCD (LED)","0.5","2029-12-04","Available",,"ATV6367",165781,80.008,2735.5079,36,134,4.5,4.91366815087741,31.499212598425196,"1. ≤43 inches"
"LG","OLED48G5PSA","Australia,New Zealand","OLED","0.4","2030-07-13","Available",,"ATV6846",170277,120.721,6226.9196,62,229,5.5,5.654541511056856,47.52795275590551,"2. 44–55 inches"
"LG","OLED48G56LS","Australia,New Zealand","OLED","0.4","2030-07-13","Available",,"ATV6842",170278,120.721,6226.9196,62,229,5.5,5.654541511056856,47.52795275590551,"2. 44–55 inches"
"SKYWORTH","32LP70G","Australia,Fiji,New Zealand","LCD (LED)","0.415","2030-06-23","Available",,"ATV6829",170311,80.054,2736.1600000000003,32.4,127,5,5.154958966766685,31.517322834645668,"1. ≤43 inches"
"ENGLAON","LED55M10","Australia,New Zealand","LCD (LED)","-","2030-06-18","Available",,"ATV6814",170319,138.783,8230.118400000001,143.5,530,3,3.032234213905565,54.63897637795275,"2. 44–55 inches"
"KOGAN","KALD24DH67NB","Australia,Fiji,New Zealand","LCD","0.14","2030-06-22","Available",,"ATV6826",170107,59.824,1528.86807072,22.3,83,5,5.121511445327967,23.55275590551181,"1. ≤43 inches"
"KOGAN","KALD24DH67NC","Australia,Fiji,New Zealand","LCD","0.14","2030-06-22","Available",,"ATV6826",170107,59.824,1528.86807072,22.3,83,5,5.121511445327967,23.55275590551181,"1. ≤43 inches"
"KOGAN","KALD24DH67ND","Australia,Fiji,New Zealand","LCD","0.14","2030-06-22","Available",,"ATV6826",170107,59.824,1528.86807072,22.3,83,5,5.121511445327967,23.55275590551181,"1. ≤43 inches"
"KOGAN","KALD24D97SNB","Australia,Fiji,New Zealand","LCD","0.27","2030-06-22","Available",,"ATV6825",170148,59.824,1528.86807072,22,83,5,5.121511445327967,23.55275590551181,"1. ≤43 inches"
"KOGAN","KALD24D97SNC","Australia,Fiji,New Zealand","LCD","0.27","2030-06-22","Available",,"ATV6825",170148,59.824,1528.86807072,22,83,5,5.121511445327967,23.55275590551181,"1. ≤43 inches"
"KOGAN","KALD24D97SND","Australia,Fiji,New Zealand","LCD","0.27","2030-06-22","Available",,"ATV6825",170148,59.824,1528.86807072,22,83,5,5.121511445327967,23.55275590551181,"1. ≤43 inches"
"KOGAN","*24*","Australia,Fiji,New Zealand","LCD","0.27","2030-06-22","Available",,"ATV6825",170148,59.824,1528.86807072,22,83,5,5.121511445327967,23.55275590551181,"1. ≤43 inches"
"KOGAN","KALD32D97SNB","Australia,Fiji,New Zealand","LCD","0.27","2030-06-19","Available",,"ATV6821",170150,80.039,2736.70931232,35.2,131,5,5.016705353735284,31.511417322834646,"1. ≤43 inches"
"KOGAN","KALD32D97SNC","Australia,Fiji,New Zealand","LCD","0.27","2030-06-19","Available",,"ATV6821",170150,80.039,2736.70931232,35.2,131,5,5.016705353735284,31.511417322834646,"1. ≤43 inches"
"KOGAN","KALD32D97SND","Australia,Fiji,New Zealand","LCD","0.27","2030-06-19","Available",,"ATV6821",170150,80.039,2736.70931232,35.2,131,5,5.016705353735284,31.511417322834646,"1. ≤43 inches"
"KOGAN","*32*","Australia,Fiji,New Zealand","LCD","0.27","2030-06-19","Available",,"ATV6821",170150,80.039,2736.70931232,35.2,131,5,5.016705353735284,31.511417322834646,"1. ≤43 inches"
"BLAUPUNKT","BP24WOSDVD","Australia,Fiji,New Zealand","LCD (LED)","0.28","2030-07-02","Available","https://www.ayonz.com/","ATV6834",170419,60.47,1562.462784,23.55,88,4.5,4.92639819400225,23.807086614173226,"1. ≤43 inches"
"SKYWORTH","SW32LP70G","Australia,Fiji,New Zealand","LCD (LED)","0.415","2030-06-23","Available",,"ATV6829",170311,80.054,2736.1600000000003,32.4,127,5,5.154958966766685,31.517322834645668,"1. ≤43 inches"
"KOGAN","KAQL55T97QA","Australia,Fiji,New Zealand","LCD","-","2030-06-23","Available",,"ATV6827",170530,138.783,8230.118400000001,110.95,427,4,4.000637701458118,54.63897637795275,"2. 44–55 inches"
"KOGAN","KAQL55T97QB","Australia,Fiji,New Zealand","LCD","-","2030-06-23","Available",,"ATV6827",170530,138.783,8230.118400000001,110.95,427,4,4.000637701458118,54.63897637795275,"2. 44–55 inches"
"KOGAN","KAQL55T97QC","Australia,Fiji,New Zealand","LCD","-","2030-06-23","Available",,"ATV6827",170530,138.783,8230.118400000001,110.95,427,4,4.000637701458118,54.63897637795275,"2. 44–55 inches"
"KOGAN","KAQL55T97QD","Australia,Fiji,New Zealand","LCD","-","2030-06-23","Available",,"ATV6827",170530,138.783,8230.118400000001,110.95,427,4,4.000637701458118,54.63897637795275,"2. 44–55 inches"
"KOGAN","KAQL55T97Q*","Australia,Fiji,New Zealand","LCD","-","2030-06-23","Available",,"ATV6827",170530,138.783,8230.118400000001,110.95,427,4,4.000637701458118,54.63897637795275,"2. 44–55 inches"
"KOGAN","KAQL65T97QA","Australia,Fiji,New Zealand","LCD","-","2030-06-23","Available",,"ATV6830",170531,163.896,11478.122496000002,162.79,651,3.5,3.5008528295690193,64.5259842519685,"3. 56–65 inches"
"KOGAN","KAQL65T97QB","Australia,Fiji,New Zealand","LCD","-","2030-06-23","Available",,"ATV6830",170531,163.896,11478.122496000002,162.79,651,3.5,3.5008528295690193,64.5259842519685,"3. 56–65 inches"
"KOGAN","KAQL65T97QC","Australia,Fiji,New Zealand","LCD","-","2030-06-23","Available",,"ATV6830",170531,163.896,11478.122496000002,162.79,651,3.5,3.5008528295690193,64.5259842519685,"3. 56–65 inches"
"KOGAN","KAQL65T97QD","Australia,Fiji,New Zealand","LCD","-","2030-06-23","Available",,"ATV6830",170531,163.896,11478.122496000002,162.79,651,3.5,3.5008528295690193,64.5259842519685,"3. 56–65 inches"
"KOGAN","KAQL65T97Q*","Australia,Fiji,New Zealand","LCD","-","2030-06-23","Available",,"ATV6830",170531,163.896,11478.122496000002,162.79,651,3.5,3.5008528295690193,64.5259842519685,"3. 56–65 inches"
"COOCAA","50G6500H","Australia,Fiji,New Zealand","LCD (LED)","-","2030-07-06","Available",,"ATV6835",170722,125.727,6754.5112,55.3,230,5.5,5.9639547998631945,49.4988188976378,"2. 44–55 inches"
"EKO","K43FST","Australia,Fiji,New Zealand","LCD (LED)","0.27","2030-07-02","Available","https://www.ayonz.com/","ATV6833",170724,108.593,5055.75,50,184,5.5,5.805026808133116,42.75314960629921,"1. ≤43 inches"
"HISENSE","100U8QAU","Australia,New Zealand","LCD (LED)","0.38","2030-08-19","Available","https://global.hisense.com/","ATV6894",170786,252.784,27304.2576,259.29,1028,5,5.185148614271984,99.52125984251968,"4. >65 inches"
"HISENSE","100U8QNZ","Australia,New Zealand","LCD (LED)","0.38","2030-08-19","Available","https://global.hisense.com/","ATV6894",170786,252.784,27304.2576,259.29,1028,5,5.185148614271984,99.52125984251968,"4. >65 inches"
"HISENSE","100UXAU","Australia,New Zealand","LCD (LED)","0.39","2030-08-19","Available","https://global.hisense.com/","ATV6892",170787,252.784,27304.2576,268.08,1058,5,5.056239818863284,99.52125984251968,"4. >65 inches"
"HISENSE","100UXNZ","Australia,New Zealand","LCD (LED)","0.39","2030-08-19","Available","https://global.hisense.com/","ATV6892",170787,252.784,27304.2576,268.08,1058,5,5.056239818863284,99.52125984251968,"4. >65 inches"
"HISENSE","100U8Q series","Australia,New Zealand","LCD (LED)","0.38","2030-08-19","Available","https://global.hisense.com/","ATV6894",170786,252.784,27304.2576,259.29,1028,5,5.185148614271984,99.52125984251968,"4. >65 inches"
"HISENSE","100UX series","Australia,New Zealand","LCD (LED)","0.39","2030-08-19","Available","https://global.hisense.com/","ATV6892",170787,252.784,27304.2576,268.08,1058,5,5.056239818863284,99.52125984251968,"4. >65 inches"
"HISENSE","116UXAU","Australia,New Zealand","LCD (LED)","0.43","2030-08-20","Available","https://global.hisense.com/","ATV6896",170788,293.372,36815.002550000005,303.84,1148,6,6.000656503862102,115.50078740157481,"4. >65 inches"
"HISENSE","116UXNZ","Australia,New Zealand","LCD (LED)","0.43","2030-08-20","Available","https://global.hisense.com/","ATV6896",170788,293.372,36815.002550000005,303.84,1148,6,6.000656503862102,115.50078740157481,"4. >65 inches"
"HISENSE","116UX series","Australia,New Zealand","LCD (LED)","0.43","2030-08-20","Available","https://global.hisense.com/","ATV6896",170788,293.372,36815.002550000005,303.84,1148,6,6.000656503862102,115.50078740157481,"4. >65 inches"
"LG","65UK760H0SD","Australia,New Zealand","LCD (LED)","0.4","2030-07-13","Available",,"ATV6843",170814,163.897,11477.9975,126,462,5,5.037686340309588,64.52637795275591,"3. 56–65 inches"
"HYUNDAI","H75UHDQLDZEN","Australia,Fiji,New Zealand","LCD (LED)","0.4","2030-07-06","Available",,"ATV6836",170862,189.34,15318.517823999999,122.94,451,6,6.374071835005367,74.54330708661418,"4. >65 inches"
"COOCAA","60G6500H","Australia,Fiji,New Zealand","LCD (LED)","-","2030-07-07","Available",,"ATV6837",170908,152.663,9958.2104,68.2,300,6,6.375326887514997,60.10354330708662,"3. 56–65 inches"
"LG","55UK767H0SA","Australia,New Zealand","LCD (LED)","0.4","2030-07-13","Available",,"ATV6844",171050,138.783,8230.118400000001,80,295,5.5,5.657905656148303,54.63897637795275,"2. 44–55 inches"
"SAMSUNG","HG43U700FAW","Australia,Fiji,New Zealand","LCD (LED)","0.5","2030-07-16","Available",,"ATV6847",171058,107.987,4982.7128,58,215,5,5.050032172951,42.514566929133856,"1. ≤43 inches"
"SAMSUNG","HG50U700FAW","Australia,Fiji,New Zealand","LCD (LED)","0.5","2030-07-16","Available",,"ATV6851",171065,125.727,6754.5112,66,244,5.5,5.699152541308105,49.4988188976378,"2. 44–55 inches"
"KOGAN","KAL40F98TA","Australia,Fiji,New Zealand","LCD (LED)","0.41","2030-07-29","Available",,"ATV6858",171080,100.332,4261.934154240001,40.4,167,5.5,5.574444892258945,39.5007874015748,"1. ≤43 inches"
"KOGAN","KAL40F98TB","Australia,Fiji,New Zealand","LCD (LED)","0.41","2030-07-29","Available",,"ATV6858",171080,100.332,4261.934154240001,40.4,167,5.5,5.574444892258945,39.5007874015748,"1. ≤43 inches"
"KOGAN","KAL40F98TC","Australia,Fiji,New Zealand","LCD (LED)","0.41","2030-07-29","Available",,"ATV6858",171080,100.332,4261.934154240001,40.4,167,5.5,5.574444892258945,39.5007874015748,"1. ≤43 inches"
"KOGAN","KAL40F98TD","Australia,Fiji,New Zealand","LCD (LED)","0.41","2030-07-29","Available",,"ATV6858",171080,100.332,4261.934154240001,40.4,167,5.5,5.574444892258945,39.5007874015748,"1. ≤43 inches"
"KOGAN","KAL40F98TE","Australia,Fiji,New Zealand","LCD (LED)","0.41","2030-07-29","Available",,"ATV6858",171080,100.332,4261.934154240001,40.4,167,5.5,5.574444892258945,39.5007874015748,"1. ≤43 inches"
"KOGAN","KAL40F98T*","Australia,Fiji,New Zealand","LCD (LED)","0.41","2030-07-29","Available",,"ATV6858",171080,100.332,4261.934154240001,40.4,167,5.5,5.574444892258945,39.5007874015748,"1. ≤43 inches"
"SAMSUNG","HG55U700FAW","Australia,Fiji,New Zealand","LCD (LED)","0.5","2030-07-16","Available",,"ATV6850",171085,138.783,8230.118400000001,68,251,6,6.381755466087895,54.63897637795275,"2. 44–55 inches"
"SAMSUNG","HG65U700FAW","Australia,Fiji,New Zealand","LCD (LED)","0.5","2030-07-16","Available",,"ATV6849",171086,163.897,11477.9975,95,350,6,6.281870790019923,64.52637795275591,"3. 56–65 inches"
"SAMSUNG","HG75U700FAW","Australia,Fiji,New Zealand","LCD (LED)","0.5","2030-07-16","Available",,"ATV6848",171087,189.338,15318.8066,118,434,6,6.546341355174655,74.54251968503937,"4. >65 inches"
"DGTEC","DG55UHDW-23352","Australia,Fiji,New Zealand","LCD","0.34","2030-10-26","Available",,"ATV6961",171115,138.401,8188.740000000001,70,270,6,6.033938115953562,54.48858267716536,"2. 44–55 inches"
"AIWA","AWCD24DW","Australia","LCD (LED)","0.28","2030-07-28","Available",,"ATV6854",171323,60.47,1562.462784,23.55,88,4.5,4.92639819400225,23.807086614173226,"1. ≤43 inches"
"KOGAN","KAQL50Q97TA","Australia,Fiji,New Zealand","LCD (LED)","0.3","2030-07-29","Available",,"ATV6859",171366,125.731,6754.867344,102.2,422,3,3.244278478929851,49.5003937007874,"2. 44–55 inches"
"KOGAN","KAQL50Q97TB","Australia,Fiji,New Zealand","LCD (LED)","0.3","2030-07-29","Available",,"ATV6859",171366,125.731,6754.867344,102.2,422,3,3.244278478929851,49.5003937007874,"2. 44–55 inches"
"KOGAN","KAQL50Q97TC","Australia,Fiji,New Zealand","LCD (LED)","0.3","2030-07-29","Available",,"ATV6859",171366,125.731,6754.867344,102.2,422,3,3.244278478929851,49.5003937007874,"2. 44–55 inches"
"KOGAN","KAQL50Q97TD","Australia,Fiji,New Zealand","LCD (LED)","0.3","2030-07-29","Available",,"ATV6859",171366,125.731,6754.867344,102.2,422,3,3.244278478929851,49.5003937007874,"2. 44–55 inches"
"KOGAN","KAQL50Q97TE","Australia,Fiji,New Zealand","LCD (LED)","0.3","2030-07-29","Available",,"ATV6859",171366,125.731,6754.867344,102.2,422,3,3.244278478929851,49.5003937007874,"2. 44–55 inches"
"KOGAN","KAQL50Q97T*","Australia,Fiji,New Zealand","LCD (LED)","0.3","2030-07-29","Available",,"ATV6859",171366,125.731,6754.867344,102.2,422,3,3.244278478929851,49.5003937007874,"2. 44–55 inches"
"EKO","K430FGT","Australia,Fiji,New Zealand","LCD","0.301","2030-07-30","Available","https://www.ayonz.com/","ATV6865",171415,108.135,5002.02,45.012,196,5,5.479867364841652,42.572834645669296,"1. ≤43 inches"
"BAUHN","ATV70UHDW-0625","Australia","LCD (LED)","-","2030-01-13","Available",,"ATV6468",166500,176.537,13380.8032,108.29,397,6,6.367801412715387,69.50275590551182,"4. >65 inches"
"BAUHN","ATV70UHDW-0325","Australia","LCD (LED)","-","2030-01-13","Available",,"ATV6468",166500,176.537,13380.8032,108.29,397,6,6.367801412715387,69.50275590551182,"4. >65 inches"
"BAUHN","ATV70UHDW-1025","Australia","LCD (LED)","-","2030-01-13","Available",,"ATV6468",166500,176.537,13380.8032,108.29,397,6,6.367801412715387,69.50275590551182,"4. >65 inches"
"BAUHN","ATV70UHDW-****","Australia","LCD (LED)","-","2030-01-13","Available",,"ATV6468",166500,176.537,13380.8032,108.29,397,6,6.367801412715387,69.50275590551182,"4. >65 inches"
"KOGAN","KAQL55Q97TA","Australia,Fiji,New Zealand","LCD (LED)","0.3","2030-07-29","Available",,"ATV6856",171487,138.783,8230.118400000001,129.3,513,3,3.1783337143544577,54.63897637795275,"2. 44–55 inches"
"KOGAN","KAQL55Q97TB","Australia,Fiji,New Zealand","LCD (LED)","0.3","2030-07-29","Available",,"ATV6856",171487,138.783,8230.118400000001,129.3,513,3,3.1783337143544577,54.63897637795275,"2. 44–55 inches"
"KOGAN","KAQL55Q97TC","Australia,Fiji,New Zealand","LCD (LED)","0.3","2030-07-29","Available",,"ATV6856",171487,138.783,8230.118400000001,129.3,513,3,3.1783337143544577,54.63897637795275,"2. 44–55 inches"
"KOGAN","KAQL55Q97TD","Australia,Fiji,New Zealand","LCD (LED)","0.3","2030-07-29","Available",,"ATV6856",171487,138.783,8230.118400000001,129.3,513,3,3.1783337143544577,54.63897637795275,"2. 44–55 inches"
"KOGAN","KAQL55Q97TE","Australia,Fiji,New Zealand","LCD (LED)","0.3","2030-07-29","Available",,"ATV6856",171487,138.783,8230.118400000001,129.3,513,3,3.1783337143544577,54.63897637795275,"2. 44–55 inches"
"KOGAN","KAQL55Q97T*","Australia,Fiji,New Zealand","LCD (LED)","0.3","2030-07-29","Available",,"ATV6856",171487,138.783,8230.118400000001,129.3,513,3,3.1783337143544577,54.63897637795275,"2. 44–55 inches"
"KOGAN","KAQL65Q97TA","Australia,Fiji,New Zealand","LCD (LED)","0.3","2030-07-29","Available",,"ATV6857",171489,163.896,11478.122496000002,180.8,696,3,3.20131462767076,64.5259842519685,"3. 56–65 inches"
"KOGAN","KAQL65Q97TB","Australia,Fiji,New Zealand","LCD (LED)","0.3","2030-07-29","Available",,"ATV6857",171489,163.896,11478.122496000002,180.8,696,3,3.20131462767076,64.5259842519685,"3. 56–65 inches"
"KOGAN","KAQL65Q97TC","Australia,Fiji,New Zealand","LCD (LED)","0.3","2030-07-29","Available",,"ATV6857",171489,163.896,11478.122496000002,180.8,696,3,3.20131462767076,64.5259842519685,"3. 56–65 inches"
"KOGAN","KAQL65Q97TD","Australia,Fiji,New Zealand","LCD (LED)","0.3","2030-07-29","Available",,"ATV6857",171489,163.896,11478.122496000002,180.8,696,3,3.20131462767076,64.5259842519685,"3. 56–65 inches"
"KOGAN","KAQL65Q97TE","Australia,Fiji,New Zealand","LCD (LED)","0.3","2030-07-29","Available",,"ATV6857",171489,163.896,11478.122496000002,180.8,696,3,3.20131462767076,64.5259842519685,"3. 56–65 inches"
"KOGAN","KAQL65Q97T*","Australia,Fiji,New Zealand","LCD (LED)","0.3","2030-07-29","Available",,"ATV6857",171489,163.896,11478.122496000002,180.8,696,3,3.20131462767076,64.5259842519685,"3. 56–65 inches"
"KOGAN","KALED75U95TB","Australia,Fiji,New Zealand","LCD (LED)","0.35","2030-07-29","Available",,"ATV6860",171492,189.34,15318.517823999999,171,685,4.5,4.501055580231206,74.54330708661418,"4. >65 inches"
"KOGAN","KALED75U95TC","Australia,Fiji,New Zealand","LCD (LED)","0.35","2030-07-29","Available",,"ATV6860",171492,189.34,15318.517823999999,171,685,4.5,4.501055580231206,74.54330708661418,"4. >65 inches"
"KOGAN","KALED75U95TD","Australia,Fiji,New Zealand","LCD (LED)","0.35","2030-07-29","Available",,"ATV6860",171492,189.34,15318.517823999999,171,685,4.5,4.501055580231206,74.54330708661418,"4. >65 inches"
"KOGAN","KALED75U95TE","Australia,Fiji,New Zealand","LCD (LED)","0.35","2030-07-29","Available",,"ATV6860",171492,189.34,15318.517823999999,171,685,4.5,4.501055580231206,74.54330708661418,"4. >65 inches"
"KOGAN","KALED75U95TF","Australia,Fiji,New Zealand","LCD (LED)","0.35","2030-07-29","Available",,"ATV6860",171492,189.34,15318.517823999999,171,685,4.5,4.501055580231206,74.54330708661418,"4. >65 inches"
"KOGAN","KALED75U95T*","Australia,Fiji,New Zealand","LCD (LED)","0.35","2030-07-29","Available",,"ATV6860",171492,189.34,15318.517823999999,171,685,4.5,4.501055580231206,74.54330708661418,"4. >65 inches"
"KOGAN","KAL32R98TA","Australia,Fiji,New Zealand","LCD (LED)","0.4","2030-07-31","Available",,"ATV6866",171497,80.039,2736.7112736,27.7,116,5.5,5.561680559205171,31.511417322834646,"1. ≤43 inches"
"KOGAN","KAL32R98TB","Australia,Fiji,New Zealand","LCD (LED)","0.4","2030-07-31","Available",,"ATV6866",171497,80.039,2736.7112736,27.7,116,5.5,5.561680559205171,31.511417322834646,"1. ≤43 inches"
"KOGAN","KAL32R98TC","Australia,Fiji,New Zealand","LCD (LED)","0.4","2030-07-31","Available",,"ATV6866",171497,80.039,2736.7112736,27.7,116,5.5,5.561680559205171,31.511417322834646,"1. ≤43 inches"
"KOGAN","KAL32R98TD","Australia,Fiji,New Zealand","LCD (LED)","0.4","2030-07-31","Available",,"ATV6866",171497,80.039,2736.7112736,27.7,116,5.5,5.561680559205171,31.511417322834646,"1. ≤43 inches"
"KOGAN","KAL32R98TE","Australia,Fiji,New Zealand","LCD (LED)","0.4","2030-07-31","Available",,"ATV6866",171497,80.039,2736.7112736,27.7,116,5.5,5.561680559205171,31.511417322834646,"1. ≤43 inches"
"KOGAN","KAL32R98T*","Australia,Fiji,New Zealand","LCD (LED)","0.4","2030-07-31","Available",,"ATV6866",171497,80.039,2736.7112736,27.7,116,5.5,5.561680559205171,31.511417322834646,"1. ≤43 inches"
"LG","65UK762H0LB","Australia,New Zealand","LCD (LED)","0.4","2030-08-14","Available",,"ATV6885",171501,163.897,11477.9975,106,389,5.5,5.808425832669458,64.52637795275591,"3. 56–65 inches"
"LG","43UK762H0LB","Australia,New Zealand","LCD (LED)","0.4","2030-08-10","Available",,"ATV6874",171503,107.987,4982.7128,65,240,4.5,4.557071948169797,42.514566929133856,"1. ≤43 inches"
"LG","50UK762H0LB","Australia,New Zealand","LCD (LED)","0.4","2030-08-10","Available",,"ATV6875",171505,125.727,6754.5112,68,251,5.5,5.572396855687801,49.4988188976378,"2. 44–55 inches"
"LG","55UK762H0LB","Australia,New Zealand","LCD (LED)","0.4","2030-08-10","Available",,"ATV6876",171506,138.783,8230.118400000001,95,349,4.5,4.904594324171205,54.63897637795275,"2. 44–55 inches"
"TENET","T-185J201","Australia","LCD (LED)","-","2030-08-05","Available",,"ATV6867",171507,47.013,944.1791999999999,15.3,58,5,5.364387670240893,18.509055118110236,"1. ≤43 inches"
"SKYWORTH","60Q6600H","Australia,Fiji,New Zealand","LCD (LED)","-","2030-07-28","Available",,"ATV6855",171627,152.663,9958.2104,69.3,280,6,6.684512929776206,60.10354330708662,"3. 56–65 inches"
"JVC","LT-43NQ5165A","Australia,Fiji,New Zealand","LCD (LED)","0.39","2030-07-29","Available",,"ATV6861",171630,107.95,4977.889999999999,38.4,163,6,6.287078165081274,42.5,"1. ≤43 inches"
"DGTEC","DG70UHDW-22795","Australia,Fiji,New Zealand","LCD (LED)","-","2030-07-09","Available",,"ATV6841",170941,176.537,13380.8032,108.29,397,6,6.367801412715387,69.50275590551182,"4. >65 inches"
"DGTEC","DG70UHDW-*****","Australia,Fiji,New Zealand","LCD (LED)","-","2030-07-09","Available",,"ATV6841",170941,176.537,13380.8032,108.29,397,6,6.367801412715387,69.50275590551182,"4. >65 inches"
"DGTEC","DG70UHDW-22658","Australia,Fiji,New Zealand","LCD (LED)","-","2030-07-09","Available",,"ATV6841",170941,176.537,13380.8032,108.29,397,6,6.367801412715387,69.50275590551182,"4. >65 inches"
"LG","43UA841C0SA","Australia,New Zealand","LCD (LED)","0.4","2030-08-14","Available",,"ATV6886",171697,107.987,4982.7128,70,258,4,4.232972680439712,42.514566929133856,"1. ≤43 inches"
"LG","50UA841C0SA","Australia,New Zealand","LCD (LED)","0.4","2030-08-19","Available",,"ATV6890",171698,125.727,6754.5112,83,305,4.5,4.699152541308104,49.4988188976378,"2. 44–55 inches"
"LG","55UA841C0SA","Australia,New Zealand","LCD (LED)","0.4","2030-08-14","Available",,"ATV6887",171699,138.783,8230.118400000001,92,338,5,5.048116404602346,54.63897637795275,"2. 44–55 inches"
"LG","65UA841C0SA","Australia,New Zealand","LCD (LED)","0.4","2030-08-19","Available",,"ATV6891",171700,163.897,11477.9975,118,433,5,5.328204093107946,64.52637795275591,"3. 56–65 inches"
"LG","43UK767H0LB","Australia,New Zealand","LCD (LED)","0.4","2030-08-25","Available",,"ATV6900",171701,107.987,4982.7128,62,229,4.5,4.767326376368296,42.514566929133856,"1. ≤43 inches"
"BAUHN","ATV75UHDW-0925","Australia","LCD","0.31","2030-07-29","Available",,"ATV6862",171702,189.34,15318.517823999999,128.89,485,6,6.0483552682180015,74.54330708661418,"4. >65 inches"
"LG","50UK767H0LB","Australia,New Zealand","LCD (LED)","0.4","2030-08-25","Available",,"ATV6897",171703,125.727,6754.5112,54,200,6,6.590286780115491,49.4988188976378,"2. 44–55 inches"
"LG","55UK767H0LB","Australia,New Zealand","LCD (LED)","0.4","2030-08-25","Available",,"ATV6901",171704,138.783,8230.118400000001,55,203,7,7.332923262961085,54.63897637795275,"2. 44–55 inches"
"LG","65UK767H0LB","Australia,New Zealand","LCD (LED)","0.4","2030-08-25","Available",,"ATV6898",171705,163.897,11477.9975,69,254,7,7.718609094025336,64.52637795275591,"3. 56–65 inches"
"BLAUPUNKT","BP550USG60100","Australia,Fiji,New Zealand","LCD","0.365","2030-07-30","Available","https://www.ayonz.com/","ATV6863",171004,138.798,8228,133.926,530,3,3.0311710449064218,54.64488188976378,"2. 44–55 inches"
"BLAUPUNKT","BP650USG60100","Australia,Fiji,New Zealand","LCD","0.307","2030-07-30","Available","https://www.ayonz.com/","ATV6864",171005,163.965,11489.160000000002,157.044,640,3.5,3.5812825355291937,64.55314960629921,"3. 56–65 inches"
"KOGAN","KALED43U95TA","Australia,Fiji,New Zealand","LCD (LED)","0.37","2030-08-19","Available",,"ATV6893",171839,107.987,4982.77868544,66.3,258,4,4.233024634840268,42.514566929133856,"1. ≤43 inches"
"KOGAN","KALED43U95TB","Australia,Fiji,New Zealand","LCD (LED)","0.37","2030-08-19","Available",,"ATV6893",171839,107.987,4982.77868544,66.3,258,4,4.233024634840268,42.514566929133856,"1. ≤43 inches"
"KOGAN","KALED43U95TC","Australia,Fiji,New Zealand","LCD (LED)","0.37","2030-08-19","Available",,"ATV6893",171839,107.987,4982.77868544,66.3,258,4,4.233024634840268,42.514566929133856,"1. ≤43 inches"
"KOGAN","KALED43U95TD","Australia,Fiji,New Zealand","LCD (LED)","0.37","2030-08-19","Available",,"ATV6893",171839,107.987,4982.77868544,66.3,258,4,4.233024634840268,42.514566929133856,"1. ≤43 inches"
"KOGAN","KALED43U95TE","Australia,Fiji,New Zealand","LCD (LED)","0.37","2030-08-19","Available",,"ATV6893",171839,107.987,4982.77868544,66.3,258,4,4.233024634840268,42.514566929133856,"1. ≤43 inches"
"KOGAN","KALED43U95T*","Australia,Fiji,New Zealand","LCD (LED)","0.37","2030-08-19","Available",,"ATV6893",171839,107.987,4982.77868544,66.3,258,4,4.233024634840268,42.514566929133856,"1. ≤43 inches"
"JVC","LT-32NQ3165A","Australia,Fiji,New Zealand","LCD (LED)","0.4","2030-08-12","Available",,"ATV6879",171841,80.054,2736.1600000000003,25.26,110,5.5,5.798969155812304,31.517322834645668,"1. ≤43 inches"
"KOGAN","KAL24DH5400VA","Australia,Fiji,New Zealand","LCD (LED)","0.38","2030-08-06","Available",,"ATV6871",171844,59.827,1529.038,23,94,4.5,4.564121606088888,23.553937007874016,"1. ≤43 inches"
"KOGAN","KAL24DH5400VB","Australia,Fiji,New Zealand","LCD (LED)","0.38","2030-08-06","Available",,"ATV6871",171844,59.827,1529.038,23,94,4.5,4.564121606088888,23.553937007874016,"1. ≤43 inches"
"KOGAN","KAL24DH5400VC","Australia,Fiji,New Zealand","LCD (LED)","0.38","2030-08-06","Available",,"ATV6871",171844,59.827,1529.038,23,94,4.5,4.564121606088888,23.553937007874016,"1. ≤43 inches"
"KOGAN","KAL24DH5400VA,KAL24DH5400VB,KAL24DH5400VC","Australia,Fiji,New Zealand","LCD (LED)","0.38","2030-08-06","Available",,"ATV6871",171844,59.827,1529.038,23,94,4.5,4.564121606088888,23.553937007874016,"1. ≤43 inches"
"DGTEC","DG55UHDW-22858","Australia","LCD","0.34","2030-08-07","Available",,"ATV6872",171877,138.401,8188.740000000001,70,270,6,6.033938115953562,54.48858267716536,"2. 44–55 inches"
"LINSAR","LS70UHDNF23","Australia","LCD (LED)","-","2030-08-07","Available",,"ATV6873",171894,176.537,13380.450588,108.294,397,6,6.367689189980086,69.50275590551182,"4. >65 inches"
"AIWA","AWCD32DW","Australia","LCD (LED)","0.36","2030-11-04","Available",,"ATV6974",171942,80.039,2736.6498,33.5,125,5,5.226732802134094,31.511417322834646,"1. ≤43 inches"
"KOGAN","KALED50U95TA","Australia,Fiji,New Zealand","LCD (LED)","0.3","2030-08-20","Available",,"ATV6895",171972,125.731,6754.867344,80.1,349,4,4.095449802120537,49.5003937007874,"2. 44–55 inches"
"KOGAN","KALED50U95TB","Australia,Fiji,New Zealand","LCD (LED)","0.3","2030-08-20","Available",,"ATV6895",171972,125.731,6754.867344,80.1,349,4,4.095449802120537,49.5003937007874,"2. 44–55 inches"
"KOGAN","KALED50U95TC","Australia,Fiji,New Zealand","LCD (LED)","0.3","2030-08-20","Available",,"ATV6895",171972,125.731,6754.867344,80.1,349,4,4.095449802120537,49.5003937007874,"2. 44–55 inches"
"KOGAN","KALED50U95TD","Australia,Fiji,New Zealand","LCD (LED)","0.3","2030-08-20","Available",,"ATV6895",171972,125.731,6754.867344,80.1,349,4,4.095449802120537,49.5003937007874,"2. 44–55 inches"
"KOGAN","KALED50U95TE","Australia,Fiji,New Zealand","LCD (LED)","0.3","2030-08-20","Available",,"ATV6895",171972,125.731,6754.867344,80.1,349,4,4.095449802120537,49.5003937007874,"2. 44–55 inches"
"KOGAN","KALED50U95T*","Australia,Fiji,New Zealand","LCD (LED)","0.3","2030-08-20","Available",,"ATV6895",171972,125.731,6754.867344,80.1,349,4,4.095449802120537,49.5003937007874,"2. 44–55 inches"
"KOGAN","KAQL70T97QA","Australia,Fiji,New Zealand","LCD","-","2030-08-12","Available",,"ATV6880",172072,176.538,13380.468019200001,139.61,538,5,5.005691320259438,69.50314960629922,"4. >65 inches"
"KOGAN","KAQL70T97QB","Australia,Fiji,New Zealand","LCD","-","2030-08-12","Available",,"ATV6880",172072,176.538,13380.468019200001,139.61,538,5,5.005691320259438,69.50314960629922,"4. >65 inches"
"KOGAN","KAQL70T97QC","Australia,Fiji,New Zealand","LCD","-","2030-08-12","Available",,"ATV6880",172072,176.538,13380.468019200001,139.61,538,5,5.005691320259438,69.50314960629922,"4. >65 inches"
"KOGAN","KAQL70T97QD","Australia,Fiji,New Zealand","LCD","-","2030-08-12","Available",,"ATV6880",172072,176.538,13380.468019200001,139.61,538,5,5.005691320259438,69.50314960629922,"4. >65 inches"
"KOGAN","KAQL70T97Q*","Australia,Fiji,New Zealand","LCD","-","2030-08-12","Available",,"ATV6880",172072,176.538,13380.468019200001,139.61,538,5,5.005691320259438,69.50314960629922,"4. >65 inches"
"DIGITECH","GH5200","Australia,New Zealand","LCD","-","2030-08-11","Available","https://auroraledtv.com/","ATV6877",172062,60.444,1559.92,21.64,81,5,5.292813831252921,23.796850393700787,"1. ≤43 inches"
"DIGITECH","GH5226","Australia,New Zealand","LCD","-","2030-08-11","Available","https://auroraledtv.com/","ATV6877",172062,60.444,1559.92,21.64,81,5,5.292813831252921,23.796850393700787,"1. ≤43 inches"
"AKAI","AK65UHDZEN","Australia,Fiji,New Zealand","LCD (LED)","-","2030-09-22","Available",,"ATV6934",172114,163.896,11478.122496000002,94.374,347,6,6.320494529076397,64.5259842519685,"3. 56–65 inches"
"DIGITECH","GH5202","Australia,New Zealand","LCD","-","2030-08-14","Available","https://auroraledtv.com/","ATV6888",172061,79.578,2676.48,35.04,130,4.5,4.97181885901643,31.32992125984252,"1. ≤43 inches"
"DIGITECH","GH5228","Australia,New Zealand","LCD","-","2030-08-14","Available","https://auroraledtv.com/","ATV6888",172061,79.578,2676.48,35.04,130,4.5,4.97181885901643,31.32992125984252,"1. ≤43 inches"
"DIGITECH","GH5204","Australia,New Zealand","LCD","-","2030-08-13","Available","https://auroraledtv.com/","ATV6883",172201,47.257,963.5,14.89,56,5.5,5.573990745760903,18.60511811023622,"1. ≤43 inches"
"DIGITECH","GH5220","Australia,New Zealand","LCD","-","2030-08-13","Available","https://auroraledtv.com/","ATV6881",172202,47.257,963.5,21.71,81,3.5,3.9199099454712223,18.60511811023622,"1. ≤43 inches"
"DIGITECH","GH5222","Australia,New Zealand","LCD","-","2030-08-13","Available","https://auroraledtv.com/","ATV6884",172203,60.406,1562.22,25.17,94,4.5,4.630331973234725,23.781889763779528,"1. ≤43 inches"
"DIGITECH","GH5230","Australia,New Zealand","LCD","-","2030-08-13","Available","https://auroraledtv.com/","ATV6884",172203,60.406,1562.22,25.17,94,4.5,4.630331973234725,23.781889763779528,"1. ≤43 inches"
"DIGITECH","GH5224","Australia,New Zealand","LCD","-","2030-08-13","Available","https://auroraledtv.com/","ATV6882",172204,79.578,2676.48,24.52,92,6,6.521251371720755,31.32992125984252,"1. ≤43 inches"
"SAMSUNG","UA32T5300A","Australia,Fiji,New Zealand","LCD (LED)","0.5","2030-10-25","Available",,"ATV6902",172207,79.967,2732.2400000000002,31,116,5.5,5.555846834752298,31.48307086614173,"1. ≤43 inches"
"SAMSUNG","UA32T5300AW","Australia,Fiji,New Zealand","LCD (LED)","0.5","2030-10-25","Available",,"ATV6902",172207,79.967,2732.2400000000002,31,116,5.5,5.555846834752298,31.48307086614173,"1. ≤43 inches"
"SAMSUNG","UA32T5300AS","Australia,Fiji,New Zealand","LCD (LED)","0.5","2030-10-25","Available",,"ATV6902",172207,79.967,2732.2400000000002,31,116,5.5,5.555846834752298,31.48307086614173,"1. ≤43 inches"
"LG","75UK767H0LB","Australia,New Zealand","LCD (LED)","0.4","2030-08-25","Available",,"ATV6899",172238,189.275,15307.5663,147,539,5.5,5.5722017857297095,74.51771653543307,"4. >65 inches"
"QBELL","QTU70T","Australia,Fiji,New Zealand","LCD (LED)","-","2030-08-31","Available","https://www.ayonz.com/","ATV6912",172317,176.538,13380.468019200001,108.02,430,6,6.009858145401776,69.50314960629922,"4. >65 inches"
"TELEFUNKEN","TL400TQ","Australia,Fiji,New Zealand","LCD (LED)","-","2030-08-31","Available","https://www.ayonz.com/","ATV6913",172318,100.337,4259.8236358656,43.5,167,5.5,5.572538474564652,39.50275590551181,"1. ≤43 inches"
"LG","43PK640S0SB","Australia,Fiji,New Zealand","LCD (LED)","-","2030-09-01","Available",,"ATV6918",172378,107.987,4982.7128,65.9,242,4.5,4.519881526282994,42.514566929133856,"1. ≤43 inches"
"LG","50PK640S0SB","Australia,Fiji,New Zealand","LCD (LED)","-","2030-08-31","Available",,"ATV6906",172392,125.727,6754.5112,81,297,4.5,4.818267064887973,49.4988188976378,"2. 44–55 inches"
"LG","55PK640S0SB","Australia,Fiji,New Zealand","LCD (LED)","-","2030-08-28","Available",,"ATV6903",172393,138.783,8230.118400000001,91,334,5,5.101467274193711,54.63897637795275,"2. 44–55 inches"
"LG","65PK640S0SB","Australia,Fiji,New Zealand","LCD (LED)","-","2030-08-28","Available",,"ATV6904",172395,163.897,11477.9975,115,422,5,5.443521850734936,64.52637795275591,"3. 56–65 inches"
"LG","75PK640S0SA","Australia,Fiji,New Zealand","LCD (LED)","-","2030-09-01","Available",,"ATV6917",172396,189.275,15307.5663,136.9,501,5.5,5.899836034595753,74.51771653543307,"4. >65 inches"
"LG","86PK640S0SA","Australia,Fiji,New Zealand","LCD (LED)","-","2030-08-28","Available",,"ATV6905",172397,217.425,20200.7,155,567,6,6.5405144052148465,85.60039370078741,"4. >65 inches"
"LG","75UA841C0SA","Australia,Fiji,New Zealand","LCD (LED)","-","2030-09-18","Available",,"ATV6930",172399,189.275,15307.5663,137,502,5.5,5.890899999495833,74.51771653543307,"4. >65 inches"
"LG","86UA841C0SA","Australia,Fiji,New Zealand","LCD (LED)","-","2030-09-18","Available",,"ATV6931",172400,217.425,20200.7,155,568,6,6.532617627633684,85.60039370078741,"4. >65 inches"
"KOGAN","KAQL75MQ8ZTA","Australia,Fiji,New Zealand","LCD (LED)","0.4","2030-09-03","Available",,"ATV6923",172426,189.34,15318.517823999999,193.1,751,4,4.088824023638374,74.54330708661418,"4. >65 inches"
"KOGAN","KAQL75MQ8ZTB","Australia,Fiji,New Zealand","LCD (LED)","0.4","2030-09-03","Available",,"ATV6923",172426,189.34,15318.517823999999,193.1,751,4,4.088824023638374,74.54330708661418,"4. >65 inches"
"KOGAN","KAQL75MQ8ZTC","Australia,Fiji,New Zealand","LCD (LED)","0.4","2030-09-03","Available",,"ATV6923",172426,189.34,15318.517823999999,193.1,751,4,4.088824023638374,74.54330708661418,"4. >65 inches"
"KOGAN","KAQL75MQ8ZTD","Australia,Fiji,New Zealand","LCD (LED)","0.4","2030-09-03","Available",,"ATV6923",172426,189.34,15318.517823999999,193.1,751,4,4.088824023638374,74.54330708661418,"4. >65 inches"
"KOGAN","KAQL75MQ8ZTE","Australia,Fiji,New Zealand","LCD (LED)","0.4","2030-09-03","Available",,"ATV6923",172426,189.34,15318.517823999999,193.1,751,4,4.088824023638374,74.54330708661418,"4. >65 inches"
"KOGAN","KAQL75MQ8ZT*","Australia,Fiji,New Zealand","LCD (LED)","0.4","2030-09-03","Available",,"ATV6923",172426,189.34,15318.517823999999,193.1,751,4,4.088824023638374,74.54330708661418,"4. >65 inches"
"KOGAN","KAL24R98TA","Australia,Fiji,New Zealand","LCD (LED)","0.4","2030-09-04","Available",,"ATV6924",172429,59.824,1528.86807072,19.2,83,5,5.121511445327967,23.55275590551181,"1. ≤43 inches"
"KOGAN","KAL24R98TB","Australia,Fiji,New Zealand","LCD (LED)","0.4","2030-09-04","Available",,"ATV6924",172429,59.824,1528.86807072,19.2,83,5,5.121511445327967,23.55275590551181,"1. ≤43 inches"
"KOGAN","KAL24R98TC","Australia,Fiji,New Zealand","LCD (LED)","0.4","2030-09-04","Available",,"ATV6924",172429,59.824,1528.86807072,19.2,83,5,5.121511445327967,23.55275590551181,"1. ≤43 inches"
"KOGAN","KAL24R98TD","Australia,Fiji,New Zealand","LCD (LED)","0.4","2030-09-04","Available",,"ATV6924",172429,59.824,1528.86807072,19.2,83,5,5.121511445327967,23.55275590551181,"1. ≤43 inches"
"KOGAN","KAL24R98TE","Australia,Fiji,New Zealand","LCD (LED)","0.4","2030-09-04","Available",,"ATV6924",172429,59.824,1528.86807072,19.2,83,5,5.121511445327967,23.55275590551181,"1. ≤43 inches"
"LOEWE","Stellar 55 DR+ OLED","Australia","OLED","0.4","2030-09-01","Available",,"ATV6919",172435,138.711,8221.2,70,258,6,6.254009015635187,54.61062992125985,"2. 44–55 inches"
"LOEWE","Stella 65 DR+","Australia","OLED","0.4","2030-08-31","Available",,"ATV6907",172436,163.965,11489.160000000002,85,313,6,6.786685432458066,64.55314960629921,"3. 56–65 inches"
"LOEWE","Inspire 48 OLED","Australia","OLED","0.37","2030-09-02","Available",,"ATV6921",172437,120.664,6217.320000000001,61,225,5.5,5.7272967610449665,47.505511811023624,"2. 44–55 inches"
"LOEWE","We SEE 48 OLED","Australia","OLED","0.37","2030-09-02","Available",,"ATV6921",172437,120.664,6217.320000000001,61,225,5.5,5.7272967610449665,47.505511811023624,"2. 44–55 inches"
"LOEWE","Inspire 55 OLED","Australia","OLED","0.3","2030-08-31","Available",,"ATV6908",172438,138.711,8221.2,76.5,281,5.5,5.871317766395888,54.61062992125985,"2. 44–55 inches"
"LOEWE","We SEE 55 OLED","Australia","OLED","0.3","2030-08-31","Available",,"ATV6908",172438,138.711,8221.2,76.5,281,5.5,5.871317766395888,54.61062992125985,"2. 44–55 inches"
"LOEWE","LOEWE 55 OLED","Australia","OLED","0.3","2030-08-31","Available",,"ATV6908",172438,138.711,8221.2,76.5,281,5.5,5.871317766395888,54.61062992125985,"2. 44–55 inches"
"LOEWE","Inspire 65 OLED","Australia","OLED","0.3","2030-08-31","Available",,"ATV6910",172439,163.965,11489.160000000002,98,360,6,6.159730989517401,64.55314960629921,"3. 56–65 inches"
"LOEWE","We SEE 65 OLED","Australia","OLED","0.3","2030-08-31","Available",,"ATV6910",172439,163.965,11489.160000000002,98,360,6,6.159730989517401,64.55314960629921,"3. 56–65 inches"
"LOEWE","LOEWE 65 OLED","Australia","OLED","0.3","2030-08-31","Available",,"ATV6910",172439,163.965,11489.160000000002,98,360,6,6.159730989517401,64.55314960629921,"3. 56–65 inches"
"LOEWE","Stellar 42 DR+ OLED","Australia","OLED","0.4","2030-08-31","Available",,"ATV6909",172440,105.531,4756.400000000001,52,192,5,5.374959813342991,41.54763779527559,"1. ≤43 inches"
"LOEWE","Stellar 48 DR+ OLED","Australia","OLED","0.4","2030-08-31","Available",,"ATV6911",172441,120.713,6227.84,58,214,5.5,5.958735139152896,47.5248031496063,"2. 44–55 inches"
"SAMSUNG","QA98Q7FAAW","Australia,Fiji,New Zealand","LCD (LED)","0.5","2030-09-01","Available",,"ATV6920",172486,247.688,26214.3084,293,1073,4.5,4.815246228867595,97.51496062992125,"4. >65 inches"
"SAMSUNG","QA98Q7FAAS","Australia,Fiji,New Zealand","LCD (LED)","0.5","2030-09-01","Available",,"ATV6920",172486,247.688,26214.3084,293,1073,4.5,4.815246228867595,97.51496062992125,"4. >65 inches"
"SAMSUNG","QA98Q7FAA*","Australia,Fiji,New Zealand","LCD (LED)","0.5","2030-09-01","Available",,"ATV6920",172486,247.688,26214.3084,293,1073,4.5,4.815246228867595,97.51496062992125,"4. >65 inches"
"BAUHN","ATV40FHDW-1125","Australia,Fiji,New Zealand","LCD","0.395","2030-11-04","Available",,"ATV6973",172498,100.607,4323.61,34.7,150,6,6.110919760198513,39.609055118110234,"1. ≤43 inches"
"TELEFUNKEN","TL320TQ","Australia,Fiji,New Zealand","LCD (LED)","-","2030-08-31","Available","https://www.ayonz.com/","ATV6915",172500,80.131,2743.6644,38.12,145,4.5,4.570737326913083,31.54763779527559,"1. ≤43 inches"
"LOEWE","LOEWE","Australia","OLED","0.37","2030-09-02","Available",,"ATV6921",172437,120.664,6217.320000000001,61,225,5.5,5.7272967610449665,47.505511811023624,"2. 44–55 inches"
"JVC","LT-55NQ7165A","Australia,Fiji,New Zealand","LCD (LED)","0.45","2030-09-02","Available",,"ATV6922",172681,140.494,8485.949999999999,58.7,247,6,6.580323114134935,55.312598425196846,"3. 56–65 inches"
"KOGAN","KAQL55MQ8ZTA","Australia,Fiji,New Zealand","LCD (LED)","0.3","2030-09-15","Available",,"ATV6928",172723,138.651,8214.44944896,131.3,513,3,3.1704639084528186,54.587007874015754,"2. 44–55 inches"
"KOGAN","KAQL55MQ8ZTB","Australia,Fiji,New Zealand","LCD (LED)","0.3","2030-09-15","Available",,"ATV6928",172723,138.651,8214.44944896,131.3,513,3,3.1704639084528186,54.587007874015754,"2. 44–55 inches"
"KOGAN","KAQL55MQ8ZTC","Australia,Fiji,New Zealand","LCD (LED)","0.3","2030-09-15","Available",,"ATV6928",172723,138.651,8214.44944896,131.3,513,3,3.1704639084528186,54.587007874015754,"2. 44–55 inches"
"KOGAN","KAQL55MQ8ZTD","Australia,Fiji,New Zealand","LCD (LED)","0.3","2030-09-15","Available",,"ATV6928",172723,138.651,8214.44944896,131.3,513,3,3.1704639084528186,54.587007874015754,"2. 44–55 inches"
"KOGAN","KAQL55MQ8ZTE","Australia,Fiji,New Zealand","LCD (LED)","0.3","2030-09-15","Available",,"ATV6928",172723,138.651,8214.44944896,131.3,513,3,3.1704639084528186,54.587007874015754,"2. 44–55 inches"
"KOGAN","KAQL55MQ8ZT*","Australia,Fiji,New Zealand","LCD (LED)","0.3","2030-09-15","Available",,"ATV6928",172723,138.651,8214.44944896,131.3,513,3,3.1704639084528186,54.587007874015754,"2. 44–55 inches"
"KOGAN","KAQL65MQ8ZTA","Australia,Fiji,New Zealand","LCD (LED)","0.36","2030-09-15","Available",,"ATV6929",172724,163.896,11478.122496000002,120.1,462,5,5.037732336536836,64.5259842519685,"3. 56–65 inches"
"KOGAN","KAQL65MQ8ZTB","Australia,Fiji,New Zealand","LCD (LED)","0.36","2030-09-15","Available",,"ATV6929",172724,163.896,11478.122496000002,120.1,462,5,5.037732336536836,64.5259842519685,"3. 56–65 inches"
"KOGAN","KAQL65MQ8ZTC","Australia,Fiji,New Zealand","LCD (LED)","0.36","2030-09-15","Available",,"ATV6929",172724,163.896,11478.122496000002,120.1,462,5,5.037732336536836,64.5259842519685,"3. 56–65 inches"
"KOGAN","KAQL65MQ8ZTD","Australia,Fiji,New Zealand","LCD (LED)","0.36","2030-09-15","Available",,"ATV6929",172724,163.896,11478.122496000002,120.1,462,5,5.037732336536836,64.5259842519685,"3. 56–65 inches"
"KOGAN","KAQL65MQ8ZTE","Australia,Fiji,New Zealand","LCD (LED)","0.36","2030-09-15","Available",,"ATV6929",172724,163.896,11478.122496000002,120.1,462,5,5.037732336536836,64.5259842519685,"3. 56–65 inches"
"KOGAN","KAQL65MQ8ZT*","Australia,Fiji,New Zealand","LCD (LED)","0.36","2030-09-15","Available",,"ATV6929",172724,163.896,11478.122496000002,120.1,462,5,5.037732336536836,64.5259842519685,"3. 56–65 inches"
"COOCAA","85G6500H","Australia,Fiji,New Zealand","LCD (LED)","0.389","2030-11-20","Available",,"ATV6998",172740,214.734,19693.44,143.6,555,6,6.526273355115518,84.54094488188977,"4. >65 inches"
"COOCAA","65G6500H","Australia,Fiji,New Zealand","LCD (LED)","-","2030-09-04","Available",,"ATV6925",172787,163.897,11477.9975,83.6,330,6,6.545559790559667,64.52637795275591,"3. 56–65 inches"
"KOGAN","KAL24R98T*","Australia,Fiji,New Zealand","LCD (LED)","0.4","2030-09-04","Available",,"ATV6924",172429,59.824,1528.86807072,19.2,83,5,5.121511445327967,23.55275590551181,"1. ≤43 inches"
"LG","86UA841CPSA","Australia,Fiji,New Zealand","LCD (LED)","-","2030-09-18","Available",,"ATV6931",172400,217.425,20200.7,155,568,6,6.532617627633684,85.60039370078741,"4. >65 inches"
"LG","75UA841CPSA","Australia,Fiji,New Zealand","LCD (LED)","-","2030-09-18","Available",,"ATV6930",172399,189.275,15307.5663,137,502,5.5,5.890899999495833,74.51771653543307,"4. >65 inches"
"QBELL","QTU55T","Australia,Fiji,New Zealand","LCD","-","2030-09-14","Available","https://www.ayonz.com/","ATV6926",172867,138.783,8230.118400000001,82,302,5.5,5.552808910591775,54.63897637795275,"2. 44–55 inches"
"EKO","K55USTW","Australia,Fiji,New Zealand","LCD","-","2030-09-14","Available","https://www.ayonz.com/","ATV6927",172870,138.783,8230.118400000001,82,302,5.5,5.552808910591775,54.63897637795275,"2. 44–55 inches"
"BAUHN","ATV65UHDW-1125","Australia","LCD","-","2030-11-05","Available",,"ATV6976",172883,163.896,11478.122496000002,94.374,357,6,6.193172893898268,64.5259842519685,"3. 56–65 inches"
"BAUHN","ATV70UHDT-0126","Australia,Fiji,New Zealand","LCD","-","2030-11-17","Available",,"ATV6995",172884,176.563,13320.853056,110.35,405,6,6.259273257201325,69.51299212598424,"4. >65 inches"
"SYLVOX","OQ65A3KOHJ","Australia,Fiji,New Zealand","LCD","0.36552","2030-09-28","Available",,"ATV6938",173171,163.896,11478.122496000002,101.358,400,5.5,5.683506516991858,64.5259842519685,"3. 56–65 inches"
"SYLVOX","OQ75A3KOHJ","Australia,Fiji,New Zealand","LCD","0.33236","2030-09-28","Available",,"ATV6935",173172,189.34,15318.517823999999,130.692,510,5.5,5.823110870677181,74.54330708661418,"4. >65 inches"
"SAMSUNG","HG24F800FAW","Australia,Fiji,New Zealand","LCD (LED)","0.5","2030-10-02","Available",,"ATV6949",173212,60.446,1561.4352000000001,21,80,5,5.351487569550856,23.79763779527559,"1. ≤43 inches"
"KOGAN","KAQL65MQXTA","Australia,Fiji,New Zealand","LCD (LED)","0.357","2030-10-12","Available",,"ATV6955",173205,163.896,11478.122496000002,208.5,810,2.5,2.5215522664520984,64.5259842519685,"3. 56–65 inches"
"KOGAN","KAQL75MQXTA","Australia,Fiji,New Zealand","LCD (LED)","0.35","2030-10-12","Available",,"ATV6954",173235,189.34,15318.517823999999,248.3,950,3,3.0354378448934285,74.54330708661418,"4. >65 inches"
"KOGAN","KAQL85MQXTA","Australia,Fiji,New Zealand","LCD (LED)","0.328","2030-10-12","Available",,"ATV6953",173236,214.783,19712.16,321.3,1350,2.5,2.546887682925626,84.56023622047243,"4. >65 inches"
"JVC","AV-AE557155A","Australia,Fiji,New Zealand","OLED","0.45","2030-09-30","Available",,"ATV6948",173258,139.936,8449.44,75.48,302,5.5,5.661537840669303,55.092913385826776,"3. 56–65 inches"
"JVC","LT-55NE7155A","Australia,Fiji,New Zealand","OLED","0.45","2030-09-30","Available",,"ATV6948",173258,139.936,8449.44,75.48,302,5.5,5.661537840669303,55.092913385826776,"3. 56–65 inches"
"JVC","AV-JE557165A","Australia,Fiji,New Zealand","OLED","0.45","2030-09-30","Available",,"ATV6948",173258,139.936,8449.44,75.48,302,5.5,5.661537840669303,55.092913385826776,"3. 56–65 inches"
"JVC","AV-AE557155A series","Australia,Fiji,New Zealand","OLED","0.45","2030-09-30","Available",,"ATV6948",173258,139.936,8449.44,75.48,302,5.5,5.661537840669303,55.092913385826776,"3. 56–65 inches"
"LINSAR","LS65UHDZEN25S","Australia,Fiji,New Zealand","LCD (LED)","-","2030-09-22","Available",,"ATV6933",173260,163.896,11478.122496000002,94.374,347,6,6.320494529076397,64.5259842519685,"3. 56–65 inches"
"DGTEC","DG75UHDW-23351","Australia","LCD","0.31","2030-09-22","Available",,"ATV6932",173261,189.34,15318.517823999999,128.89,485,6,6.0483552682180015,74.54330708661418,"4. >65 inches"
"JVC","LT-65NQ7165A","Australia,Fiji,New Zealand","LCD (LED)","0.45","2030-10-21","Available",,"ATV6958",173272,163.508,11408,66.42,298,6,6.976828680582021,64.3732283464567,"3. 56–65 inches"
"LG","55UA731C0SB","Australia,Fiji,New Zealand","LCD (LED)","-","2030-09-29","Available",,"ATV6943",173332,138.783,8230.118400000001,91,334,5,5.101467274193711,54.63897637795275,"2. 44–55 inches"
"LG","65UA731C0SB","Australia,Fiji,New Zealand","LCD (LED)","-","2030-09-29","Available",,"ATV6944",173334,163.897,11477.9975,115,422,5,5.443521850734936,64.52637795275591,"3. 56–65 inches"
"LG","43UA731C0SB","Australia,Fiji,New Zealand","LCD (LED)","-","2030-09-29","Available",,"ATV6945",173400,107.987,4982.7128,66,242,4.5,4.519881526282994,42.514566929133856,"1. ≤43 inches"
"SAMSUNG","MRA115MR95F","Australia,Fiji,New Zealand","LCD (LED)","0.5","2030-10-02","Available",,"ATV6950",173401,290.784,36130.4064,464,1697,4,4.166600879620159,114.48188976377952,"4. >65 inches"
"LG","50UA731C0SB","Australia,Fiji,New Zealand","LCD (LED)","-","2030-09-29","Available",,"ATV6946",173404,125.727,6754.5112,81,297,4.5,4.818267064887973,49.4988188976378,"2. 44–55 inches"
"BLAUPUNKT","BP750USG60100","Australia,Fiji,New Zealand","LCD","0.34","2030-10-12","Available","https://www.ayonz.com/","ATV6952",173462,189.306,15312,211.836,950,3,3.033614051574808,74.52992125984252,"4. >65 inches"
"KOGAN","KALED60U95TA","Australia,Fiji,New Zealand","LCD (LED)","0.3","2030-10-22","Available",,"ATV6959",173483,152.661,9958.443264,102,404,5,5.041608955141751,60.10275590551181,"3. 56–65 inches"
"KOGAN","KALED60U95TB","Australia,Fiji,New Zealand","LCD (LED)","0.3","2030-10-22","Available",,"ATV6959",173483,152.661,9958.443264,102,404,5,5.041608955141751,60.10275590551181,"3. 56–65 inches"
"KOGAN","KALED60U95TC","Australia,Fiji,New Zealand","LCD (LED)","0.3","2030-10-22","Available",,"ATV6959",173483,152.661,9958.443264,102,404,5,5.041608955141751,60.10275590551181,"3. 56–65 inches"
"KOGAN","KALED60U95TD","Australia,Fiji,New Zealand","LCD (LED)","0.3","2030-10-22","Available",,"ATV6959",173483,152.661,9958.443264,102,404,5,5.041608955141751,60.10275590551181,"3. 56–65 inches"
"KOGAN","KALED60U95TE","Australia,Fiji,New Zealand","LCD (LED)","0.3","2030-10-22","Available",,"ATV6959",173483,152.661,9958.443264,102,404,5,5.041608955141751,60.10275590551181,"3. 56–65 inches"
"KOGAN","KALED60U95T*","Australia,Fiji,New Zealand","LCD (LED)","0.3","2030-10-22","Available",,"ATV6959",173483,152.661,9958.443264,102,404,5,5.041608955141751,60.10275590551181,"3. 56–65 inches"
"BLAUPUNKT","BP400FTS","Australia,Fiji,New Zealand","LCD","-","2030-10-09","Available","https://www.ayonz.com/","ATV6951",173485,100.337,4259.8236358656,45.3,167,5.5,5.572538474564652,39.50275590551181,"1. ≤43 inches"
"SAMSUNG","QA65Q6FAAW","Australia,Fiji,New Zealand","LCD (LED)","0.5","2030-05-12","Available",,"ATV6754",169375,163.897,11477.9975,110,405,5.5,5.627789989730242,64.52637795275591,"3. 56–65 inches"
"SAMSUNG","QA65Q6FAAS","Australia,Fiji,New Zealand","LCD (LED)","0.5","2030-05-12","Available",,"ATV6754",169375,163.897,11477.9975,110,405,5.5,5.627789989730242,64.52637795275591,"3. 56–65 inches"
"SAMSUNG","QA65Q6FAA*","Australia,Fiji,New Zealand","LCD (LED)","0.5","2030-05-12","Available",,"ATV6754",169375,163.897,11477.9975,110,405,5.5,5.627789989730242,64.52637795275591,"3. 56–65 inches"
"SAMSUNG","QA85Q6FAAW","Australia,Fiji,New Zealand","LCD (LED)","0.5","2030-05-14","Available",,"ATV6764",169481,214.783,19712.16,146,536,6,6.686490664599829,84.56023622047243,"4. >65 inches"
"SAMSUNG","QA85Q6FAAS","Australia,Fiji,New Zealand","LCD (LED)","0.5","2030-05-14","Available",,"ATV6764",169481,214.783,19712.16,146,536,6,6.686490664599829,84.56023622047243,"4. >65 inches"
"SAMSUNG","QA85Q6FAA*","Australia,Fiji,New Zealand","LCD (LED)","0.5","2030-05-14","Available",,"ATV6764",169481,214.783,19712.16,146,536,6,6.686490664599829,84.56023622047243,"4. >65 inches"
"SAMSUNG","QA75Q6FAAS","Australia,Fiji,New Zealand","LCD (LED)","0.5","2030-05-12","Available",,"ATV6755",169376,189.338,15318.8066,134,492,5.5,5.984218086753248,74.54251968503937,"4. >65 inches"
"SAMSUNG","QA75Q6FAA*","Australia,Fiji,New Zealand","LCD (LED)","0.5","2030-05-12","Available",,"ATV6755",169376,189.338,15318.8066,134,492,5.5,5.984218086753248,74.54251968503937,"4. >65 inches"
"SAMSUNG","QA75Q6FAAW","Australia,Fiji,New Zealand","LCD (LED)","0.5","2030-05-12","Available",,"ATV6755",169376,189.338,15318.8066,134,492,5.5,5.984218086753248,74.54251968503937,"4. >65 inches"
"AIWA","AWS430QWE","Australia,Fiji,New Zealand","LCD (LED)","0.45","2030-10-20","Available",,"ATV6956",173656,107.95,4977.889999999999,38.16,163,6,6.287078165081274,42.5,"1. ≤43 inches"
"JVC","LT-40NQ5155A","Australia,Fiji,New Zealand","LCD (LED)","0.41","2030-10-20","Available",,"ATV6957",173795,100.305,4258.3,32.46,151,6,6.022503316218213,39.49015748031496,"1. ≤43 inches"
"JVC","LT-40NQ5165A","Australia,Fiji,New Zealand","LCD (LED)","0.41","2030-10-20","Available",,"ATV6957",173795,100.305,4258.3,32.46,151,6,6.022503316218213,39.49015748031496,"1. ≤43 inches"
"JVC","LT-40*******","Australia,Fiji,New Zealand","LCD (LED)","0.41","2030-10-20","Available",,"ATV6957",173795,100.305,4258.3,32.46,151,6,6.022503316218213,39.49015748031496,"1. ≤43 inches"
"TECO","LED24JFRDHU","Australia,Fiji,New Zealand","LCD (LED)","-","2030-12-23","Available","https://www.teco.com.au/","ATV6981",173853,60.47,1562.462784,17.48,70,5.5,5.951933420456607,23.807086614173226,"1. ≤43 inches"
"TECO","LED19JHRHU","Australia,Fiji,New Zealand","LCD (LED)","-","2031-01-04","Available","https://www.teco.com.au/","ATV6982",173855,47.013,944.1791999999999,18.47,75,4,4.212460574539415,18.509055118110236,"1. ≤43 inches"
"QBELL","QTU50T","Australia,Fiji,New Zealand","LCD (LED)","-","2030-10-27","Available","https://www.ayonz.com/","ATV6966",173859,125.731,6754.867344,67.76,255,5.5,5.501756976116015,49.5003937007874,"2. 44–55 inches"
"BAUHN","ATV49FHDT-0126","Australia","LCD","0.395","2030-12-08","Available",,"ATV7015",173867,125.774,6762.32,52.6,195,6,6.708438262575533,49.51732283464567,"2. 44–55 inches"
"EKO","K65USTW","Australia,Fiji,New Zealand","LCD","-","2030-10-27","Available","https://www.ayonz.com/","ATV6962",173894,163.896,11478.122496000002,100.8,372,6,6.008726279819099,64.5259842519685,"3. 56–65 inches"
"BLAUPUNKT","BP24TIZDVD","Australia,Fiji,New Zealand","LCD (LED)","0.24","2030-10-27","Available","https://www.ayonz.com/","ATV6963",173952,60.47,1562.462784,25.68,96,4.5,4.536463658690008,23.807086614173226,"1. ≤43 inches"
"BLAUPUNKT","BP32TIZDVD","Australia,Fiji,New Zealand","LCD (LED)","0.24","2030-10-27","Available","https://www.ayonz.com/","ATV6969",173954,80.039,2736.70931232,34.76,129,5,5.085651638532086,31.511417322834646,"1. ≤43 inches"
"BLAUPUNKT","BP40TIZDVD","Australia,Fiji,New Zealand","LCD (LED)","0.26","2030-10-27","Available","https://www.ayonz.com/","ATV6964",173976,100.332,4261.934154240001,35.63,132,6,6.628438558870485,39.5007874015748,"1. ≤43 inches"
"JVC","AV-BQ557165A","Australia,Fiji,New Zealand","LCD (LED)","0.45","2030-10-30","Available",,"ATV6971",173697,138.798,8228,60.62,247,6,6.45268452993256,54.64488188976378,"2. 44–55 inches"
"EKO","K70USTW","Australia,Fiji,New Zealand","LCD (LED)","-","2030-10-27","Available","https://www.ayonz.com/","ATV6965",174026,177.828,13350.26776,112.33,430,6,6.000236142506756,70.01102362204725,"4. >65 inches"
"DGTEC","DG70UHDW-23353","Australia","LCD (LED)","-","2030-10-27","Available",,"ATV6967",174057,176.537,13380.8032,108.29,397,6,6.367801412715387,69.50275590551182,"4. >65 inches"
"EKO","K320HGT12V","Australia,Fiji,New Zealand","LCD (LED)","0.219","2030-10-27","Available","https://www.ayonz.com/","ATV6968",174073,80.054,2736.1600000000003,31.784,130,5,5.050329620054731,31.517322834645668,"1. ≤43 inches"
"EKO","K650UGT2","Australia,Fiji,New Zealand","LCD","0.354","2030-01-22","Available","https://www.ayonz.com/","ATV6493",166773,163.829,11466.84,94.65,580,4,4.014220466297351,64.4996062992126,"3. 56–65 inches"
"EKO","K650UGT**","Australia,Fiji,New Zealand","LCD","0.354","2030-01-22","Available","https://www.ayonz.com/","ATV6493",166773,163.829,11466.84,94.65,580,4,4.014220466297351,64.4996062992126,"3. 56–65 inches"
"EKO","K650UGT2Q","Australia,Fiji,New Zealand","LCD","0.354","2030-01-22","Available","https://www.ayonz.com/","ATV6493",166773,163.829,11466.84,94.65,580,4,4.014220466297351,64.4996062992126,"3. 56–65 inches"
"ALTIUS","AT24HDNFB","Australia","LCD (LED)","0.5","2030-10-30","Available",,"ATV6970",174141,59.827,1529.038,15.38,59,6,6.651375912212433,23.553937007874016,"1. ≤43 inches"
"EKO","K75USTW","Australia,Fiji,New Zealand","LCD (LED)","-","2030-11-16","Available","https://www.ayonz.com/","ATV6989",174225,189.34,15318.517823999999,100.3,392,7,7.002391582031315,74.54330708661418,"4. >65 inches"
"AKAI","AK50UHDZEN","Australia","LCD (LED)","0.432","2030-11-04","Available",,"ATV6972",174258,125.725,6751.36,56.59,220,6,6.1612671006942135,49.49803149606299,"2. 44–55 inches"
"EKO","K750UATW","Australia,Fiji,New Zealand","LCD","0.36","2030-11-11","Available","https://www.ayonz.com/","ATV6983",174262,189.306,15312,195.75,758,4,4.045422807070926,74.52992125984252,"4. >65 inches"
"AIWA","AWS500WN","Australia","LCD (LED)","0.37","2030-12-07","Available",,"ATV7012",174307,125.731,6754.867344,58.95,218,6,6.204302406831108,49.5003937007874,"2. 44–55 inches"
"AIWA","AWS55DW","Australia","LCD (LED)","0.32","2030-12-07","Available",,"ATV7013",174310,138.783,8230.118400000001,90.11,332,5,5.1283827912446815,54.63897637795275,"2. 44–55 inches"
"AIWA","AWS650QWG","Australia","LCD (LED)","0.39","2030-12-07","Available",,"ATV7014",174315,163.896,11478.122496000002,92.39,340,6,6.4118221171542435,64.5259842519685,"3. 56–65 inches"
"SONY","K-43S20M2","Australia,New Zealand","LCD (LED)","0.5","2030-11-04","Available","https://www.sony.com.au/","ATV6975",174318,107.95,4977.889999999999,57,214,5,5.067119924693827,42.5,"1. ≤43 inches"
"SONY","K-50S20M2","Australia,New Zealand","LCD (LED)","0.5","2030-11-05","Available","https://www.sony.com.au/","ATV6977",174319,125.725,6751.36,65.8,246,5.5,5.660674594560302,49.49803149606299,"2. 44–55 inches"
"SONY","K-55S20M2","Australia,New Zealand","LCD (LED)","0.5","2030-11-05","Available","https://www.sony.com.au/","ATV6978",174325,138.798,8228,83.6,311,5,5.420144829841371,54.64488188976378,"2. 44–55 inches"
"SONY","K-65S20M2","Australia,New Zealand","LCD (LED)","0.5","2030-11-05","Available","https://www.sony.com.au/","ATV6979",174327,163.878,11481.120000000003,109.8,407,5.5,5.606862865059476,64.51889763779526,"3. 56–65 inches"
"SONY","K-75S20M2","Australia,New Zealand","LCD (LED)","0.5","2030-11-05","Available","https://www.sony.com.au/","ATV6980",174328,189.306,15312,133,491,5.5,5.991431353096066,74.52992125984252,"4. >65 inches"
"BLAUPUNKT","BP320HSG98","Australia,Fiji,New Zealand","LCD","0.303","2030-11-13","Available","https://www.ayonz.com/","ATV6986",174336,80.054,2736.1600000000003,28,160,4,4.11981039350596,31.517322834645668,"1. ≤43 inches"
"BLAUPUNKT","BP320FSG98","Australia,Fiji,New Zealand","LCD","0.303","2030-11-13","Available","https://www.ayonz.com/","ATV6986",174336,80.054,2736.1600000000003,28,160,4,4.11981039350596,31.517322834645668,"1. ≤43 inches"
"BLAUPUNKT","BP320FSG9800","Australia,Fiji,New Zealand","LCD","0.303","2030-11-13","Available","https://www.ayonz.com/","ATV6986",174336,80.054,2736.1600000000003,28,160,4,4.11981039350596,31.517322834645668,"1. ≤43 inches"
"AIWA","AWS550QWE","Australia,Fiji,New Zealand","LCD (LED)","0.45","2030-11-16","Available",,"ATV6988",174384,138.015,8166.799999999999,60.78,247,6,6.421860458652241,54.33661417322834,"2. 44–55 inches"
"AIWA","AWS550QW","Australia,Fiji,New Zealand","LCD (LED)","0.45","2030-11-16","Available",,"ATV6988",174384,138.015,8166.799999999999,60.78,247,6,6.421860458652241,54.33661417322834,"2. 44–55 inches"
"AIWA","AWS550QWE，AWS550QW","Australia,Fiji,New Zealand","LCD (LED)","0.45","2030-11-16","Available",,"ATV6988",174384,138.015,8166.799999999999,60.78,247,6,6.421860458652241,54.33661417322834,"2. 44–55 inches"
"JVC","AV-BQ557165AE","Australia,Fiji,New Zealand","LCD (LED)","0.45","2030-11-16","Available",,"ATV6990",174442,138.015,8166.799999999999,60.78,247,6,6.421860458652241,54.33661417322834,"2. 44–55 inches"
"JVC","AV-BQ557165A","Australia,Fiji,New Zealand","LCD (LED)","0.45","2030-11-16","Available",,"ATV6990",174442,138.015,8166.799999999999,60.78,247,6,6.421860458652241,54.33661417322834,"2. 44–55 inches"
"EKO","K320HGT","Australia,Fiji,New Zealand","LCD","0.262","2028-08-14","Available","https://www.ayonz.com/","ATV5748",155853,79.831,2721.3599999999997,34.296,130,5,5.03098766900437,31.42952755905512,"1. ≤43 inches"
"EKO","K320FGTQ","Australia,Fiji,New Zealand","LCD","0.262","2028-08-14","Available","https://www.ayonz.com/","ATV5748",155853,79.831,2721.3599999999997,34.296,130,5,5.03098766900437,31.42952755905512,"1. ≤43 inches"
"EKO","K320****","Australia,Fiji,New Zealand","LCD","0.262","2028-08-14","Available","https://www.ayonz.com/","ATV5748",155853,79.831,2721.3599999999997,34.296,130,5,5.03098766900437,31.42952755905512,"1. ≤43 inches"
"EKO","K320HGTLB","Australia,Fiji,New Zealand","LCD","0.262","2028-08-14","Available","https://www.ayonz.com/","ATV5748",155853,79.831,2721.3599999999997,34.296,130,5,5.03098766900437,31.42952755905512,"1. ≤43 inches"
"EKO","K320HGTLW","Australia,Fiji,New Zealand","LCD","0.262","2028-08-14","Available","https://www.ayonz.com/","ATV5748",155853,79.831,2721.3599999999997,34.296,130,5,5.03098766900437,31.42952755905512,"1. ≤43 inches"
"JVC","AV-BQ557165AE, AV-BQ557165A","Australia,Fiji,New Zealand","LCD (LED)","0.45","2030-11-16","Available",,"ATV6990",174442,138.015,8166.799999999999,60.78,247,6,6.421860458652241,54.33661417322834,"2. 44–55 inches"
"SPARK ELECTRONICS","55SPA-Outdoor-TV","Australia,Fiji,New Zealand","LCD (LED)","0.4","2030-11-13","Available","https://www.maccholdings.com","ATV6987",174511,138.783,8230.118400000001,114.75,421,4,4.064055082166185,54.63897637795275,"2. 44–55 inches"
"SPARK ELECTRONICS","65SPA-Outdoor-TV","Australia,Fiji,New Zealand","LCD (LED)","0.4","2030-11-13","Available","https://www.maccholdings.com","ATV6987",174511,138.783,8230.118400000001,114.75,421,4,4.064055082166185,54.63897637795275,"2. 44–55 inches"
"SPARK ELECTRONICS","75SPA-Outdoor-TV","Australia,Fiji,New Zealand","LCD (LED)","0.4","2030-11-13","Available","https://www.maccholdings.com","ATV6987",174511,138.783,8230.118400000001,114.75,421,4,4.064055082166185,54.63897637795275,"2. 44–55 inches"
"SPARK ELECTRONICS","55ALF-Outdoor-TV","Australia,Fiji,New Zealand","LCD (LED)","0.4","2030-11-13","Available","https://www.maccholdings.com","ATV6987",174511,138.783,8230.118400000001,114.75,421,4,4.064055082166185,54.63897637795275,"2. 44–55 inches"
"SPARK ELECTRONICS","65ALF-Outdoor-TV","Australia,Fiji,New Zealand","LCD (LED)","0.4","2030-11-13","Available","https://www.maccholdings.com","ATV6987",174511,138.783,8230.118400000001,114.75,421,4,4.064055082166185,54.63897637795275,"2. 44–55 inches"
"SPARK ELECTRONICS","75ALFOutdoor-TV","Australia,Fiji,New Zealand","LCD (LED)","0.4","2030-11-13","Available","https://www.maccholdings.com","ATV6987",174511,138.783,8230.118400000001,114.75,421,4,4.064055082166185,54.63897637795275,"2. 44–55 inches"
"SPARK ELECTRONICS","Outdoor TV","Australia,Fiji,New Zealand","LCD (LED)","0.4","2030-11-13","Available","https://www.maccholdings.com","ATV6987",174511,138.783,8230.118400000001,114.75,421,4,4.064055082166185,54.63897637795275,"2. 44–55 inches"
"SPARK ELECTRONICS","65"" Patio Pro","Australia,Fiji,New Zealand","LCD","-","2030-11-17","Available",,"ATV6996",174512,164.129,11484.64,158.28,582,4,4.00534519735206,64.61771653543306,"3. 56–65 inches"
"SPARK ELECTRONICS","65"" Patio","Australia,Fiji,New Zealand","LCD","-","2030-11-17","Available",,"ATV6996",174512,164.129,11484.64,158.28,582,4,4.00534519735206,64.61771653543306,"3. 56–65 inches"
"SPARK ELECTRONICS","65"" Pavilion 2 Pro","Australia,Fiji,New Zealand","LCD","-","2030-11-17","Available",,"ATV6996",174512,164.129,11484.64,158.28,582,4,4.00534519735206,64.61771653543306,"3. 56–65 inches"
"SPARK ELECTRONICS","65"" Pavilion 2","Australia,Fiji,New Zealand","LCD","-","2030-11-17","Available",,"ATV6996",174512,164.129,11484.64,158.28,582,4,4.00534519735206,64.61771653543306,"3. 56–65 inches"
"SPARK ELECTRONICS","Outdoor TV","Australia,Fiji,New Zealand","LCD","-","2030-11-17","Available",,"ATV6996",174512,164.129,11484.64,158.28,582,4,4.00534519735206,64.61771653543306,"3. 56–65 inches"
"SPARK ELECTRONICS","55"" Patio Pro","Australia,Fiji,New Zealand","LCD","-","2030-11-17","Available",,"ATV6991",174513,139.022,8253.72,127.74,471,3.5,3.572954534625881,54.73307086614173,"2. 44–55 inches"
"SPARK ELECTRONICS","55"" Patio","Australia,Fiji,New Zealand","LCD","-","2030-11-17","Available",,"ATV6991",174513,139.022,8253.72,127.74,471,3.5,3.572954534625881,54.73307086614173,"2. 44–55 inches"
"SPARK ELECTRONICS","55"" Pavilion 2","Australia,Fiji,New Zealand","LCD","-","2030-11-17","Available",,"ATV6991",174513,139.022,8253.72,127.74,471,3.5,3.572954534625881,54.73307086614173,"2. 44–55 inches"
"SPARK ELECTRONICS","55"" Pavilion 2 Pro","Australia,Fiji,New Zealand","LCD","-","2030-11-17","Available",,"ATV6991",174513,139.022,8253.72,127.74,471,3.5,3.572954534625881,54.73307086614173,"2. 44–55 inches"
"SPARK ELECTRONICS","Outdoor TV","Australia,Fiji,New Zealand","LCD","-","2030-11-17","Available",,"ATV6991",174513,139.022,8253.72,127.74,471,3.5,3.572954534625881,54.73307086614173,"2. 44–55 inches"
"AIWA","AWC240WZ","Australia,Fiji,New Zealand","LCD (LED)","0.4","2030-09-29","Available",,"ATV6947",173428,59.774,1526.53,26.3,105,4,4.063138326718788,23.53307086614173,"1. ≤43 inches"
"AIWA","AWC24DW","Australia,Fiji,New Zealand","LCD (LED)","0.4","2030-09-29","Available",,"ATV6947",173428,59.774,1526.53,26.3,105,4,4.063138326718788,23.53307086614173,"1. ≤43 inches"
"AIWA","AWC240WZ，AWC24DW","Australia,Fiji,New Zealand","LCD (LED)","0.4","2030-09-29","Available",,"ATV6947",173428,59.774,1526.53,26.3,105,4,4.063138326718788,23.53307086614173,"1. ≤43 inches"
"SPARK ELECTRONICS","75"" Patio","Australia,Fiji,New Zealand","LCD","-","2030-11-17","Available",,"ATV6997",174634,189.17,15286.230000000001,252.5,930,3,3.12174886984205,74.4763779527559,"4. >65 inches"
"SPARK ELECTRONICS","75"" Patio Pro","Australia,Fiji,New Zealand","LCD","-","2030-11-17","Available",,"ATV6997",174634,189.17,15286.230000000001,252.5,930,3,3.12174886984205,74.4763779527559,"4. >65 inches"
"SPARK ELECTRONICS","75"" Pavilion 2","Australia,Fiji,New Zealand","LCD","-","2030-11-17","Available",,"ATV6997",174634,189.17,15286.230000000001,252.5,930,3,3.12174886984205,74.4763779527559,"4. >65 inches"
"SPARK ELECTRONICS","75"" Pavilion 2 Pro","Australia,Fiji,New Zealand","LCD","-","2030-11-17","Available",,"ATV6997",174634,189.17,15286.230000000001,252.5,930,3,3.12174886984205,74.4763779527559,"4. >65 inches"
"SPARK ELECTRONICS","Outdoor TV","Australia,Fiji,New Zealand","LCD","-","2030-11-17","Available",,"ATV6997",174634,189.17,15286.230000000001,252.5,930,3,3.12174886984205,74.4763779527559,"4. >65 inches"
"SPARK ELECTRONICS","86"" Patio","Australia,Fiji,New Zealand","LCD","-","2030-11-17","Available",,"ATV6992",174635,217.474,20219.65,482.4,1771,1,1.4405055371523754,85.61968503937007,"4. >65 inches"
"SPARK ELECTRONICS","86"" Patio Pro","Australia,Fiji,New Zealand","LCD","-","2030-11-17","Available",,"ATV6992",174635,217.474,20219.65,482.4,1771,1,1.4405055371523754,85.61968503937007,"4. >65 inches"
"SPARK ELECTRONICS","86"" Pavilion 2","Australia,Fiji,New Zealand","LCD","-","2030-11-17","Available",,"ATV6992",174635,217.474,20219.65,482.4,1771,1,1.4405055371523754,85.61968503937007,"4. >65 inches"
"SPARK ELECTRONICS","86"" Pavilion 2 Pro","Australia,Fiji,New Zealand","LCD","-","2030-11-17","Available",,"ATV6992",174635,217.474,20219.65,482.4,1771,1,1.4405055371523754,85.61968503937007,"4. >65 inches"
"SPARK ELECTRONICS","Outdoor TV","Australia,Fiji,New Zealand","LCD","-","2030-11-17","Available",,"ATV6992",174635,217.474,20219.65,482.4,1771,1,1.4405055371523754,85.61968503937007,"4. >65 inches"
"SPARK ELECTRONICS","65"" Lumin","Australia,Fiji,New Zealand","LCD","-","2030-11-17","Available",,"ATV6993",174637,163.644,11430.269999999999,240.9,890,2,2.081816352966534,64.42677165354331,"3. 56–65 inches"
"SPARK ELECTRONICS","75"" Lumin","Australia,Fiji,New Zealand","LCD","-","2030-11-17","Available",,"ATV6994",174639,189.132,15293.44,340.8,1255,1.5,1.7806598657620578,74.46141732283465,"4. >65 inches"
"KOGAN","KAQL100MQXTA","Australia,Fiji,New Zealand","LCD (LED)","0.76","2030-11-24","Available",,"ATV6999",174687,252.784,27304.2576,254.9,1050,5,5.0902545561118995,99.52125984251968,"4. >65 inches"
"KOGAN","KAQL100MQXTB","Australia,Fiji,New Zealand","LCD (LED)","0.76","2030-11-24","Available",,"ATV6999",174687,252.784,27304.2576,254.9,1050,5,5.0902545561118995,99.52125984251968,"4. >65 inches"
"KOGAN","KAQL100MQXTC","Australia,Fiji,New Zealand","LCD (LED)","0.76","2030-11-24","Available",,"ATV6999",174687,252.784,27304.2576,254.9,1050,5,5.0902545561118995,99.52125984251968,"4. >65 inches"
"KOGAN","KAQL100MQXTD","Australia,Fiji,New Zealand","LCD (LED)","0.76","2030-11-24","Available",,"ATV6999",174687,252.784,27304.2576,254.9,1050,5,5.0902545561118995,99.52125984251968,"4. >65 inches"
"KOGAN","KAQL100MQXT*","Australia,Fiji,New Zealand","LCD (LED)","0.76","2030-11-24","Available",,"ATV6999",174687,252.784,27304.2576,254.9,1050,5,5.0902545561118995,99.52125984251968,"4. >65 inches"
"LG","55QNED86BSA","Australia,New Zealand","LCD (LED)","0.4","2030-12-17","Available",,"ATV7030",174768,138.783,8230.118400000001,82,302,5.5,5.552808910591775,54.63897637795275,"2. 44–55 inches"
"LG","55QNED87B6A","Australia,New Zealand","LCD (LED)","0.4","2030-12-17","Available",,"ATV7035",174769,138.783,8230.118400000001,82,302,5.5,5.552808910591775,54.63897637795275,"2. 44–55 inches"
"LG","65QNED86BSA","Australia,New Zealand","LCD (LED)","0.4","2030-12-17","Available",,"ATV7031",174770,163.897,11477.9975,100,368,6,6.0571285405123145,64.52637795275591,"3. 56–65 inches"
"LG","65QNED87B6A","Australia,New Zealand","LCD (LED)","0.4","2030-12-17","Available",,"ATV7034",174771,163.897,11477.9975,100,368,6,6.0571285405123145,64.52637795275591,"3. 56–65 inches"
"LG","75QNED86BSA","Australia,New Zealand","LCD (LED)","0.4","2030-12-21","Available",,"ATV7036",174772,189.275,15307.5663,105,386,7,7.068450274551286,74.51771653543307,"4. >65 inches"
"LG","75QNED87B6A","Australia,New Zealand","LCD (LED)","0.4","2030-12-21","Available",,"ATV7037",174773,189.275,15307.5663,105,386,7,7.068450274551286,74.51771653543307,"4. >65 inches"
"PHILIPS","55HFL4025/97","Australia,Fiji,New Zealand","LCD (LED)","-","2030-11-25","Available",,"ATV7006",174854,138.783,8230.118400000001,61.2,270,6,6.054750632487112,54.63897637795275,"2. 44–55 inches"
"PHILIPS","55HFL7025/97","Australia,Fiji,New Zealand","LCD (LED)","-","2030-11-25","Available",,"ATV7000",174855,138.783,8230.118400000001,67.5,297,5.5,5.6276256752880665,54.63897637795275,"2. 44–55 inches"
"PHILIPS","50HFL4025/97","Australia,Fiji,New Zealand","LCD (LED)","-","2030-11-25","Available",,"ATV7001",174889,125.736,6755.127600000001,47.5,210,6,6.372008086070252,49.50236220472441,"2. 44–55 inches"
"PHILIPS","50HFL7025/97","Australia,Fiji,New Zealand","LCD (LED)","-","2030-11-25","Available",,"ATV7002",174890,125.727,6754.5112,52.1,230,5.5,5.9639547998631945,49.4988188976378,"2. 44–55 inches"
"PHILIPS","65HFL7025/97","Australia,Fiji,New Zealand","LCD (LED)","-","2030-11-25","Available",,"ATV7003",174891,163.897,11477.9975,76.6,337,6,6.451493545901406,64.52637795275591,"3. 56–65 inches"
"AIWA","AWS500QW","Australia,Fiji,New Zealand","LCD (LED)","0.45","2030-12-07","Available",,"ATV7011",174894,125.725,6751.36,51.6,210,6,6.369742834637282,49.49803149606299,"2. 44–55 inches"
"AIWA","AWS500QWE","Australia,Fiji,New Zealand","LCD (LED)","0.45","2030-12-07","Available",,"ATV7011",174894,125.725,6751.36,51.6,210,6,6.369742834637282,49.49803149606299,"2. 44–55 inches"
"AIWA","AWS500QW，AWS500QWE","Australia,Fiji,New Zealand","LCD (LED)","0.45","2030-12-07","Available",,"ATV7011",174894,125.725,6751.36,51.6,210,6,6.369742834637282,49.49803149606299,"2. 44–55 inches"
"PHILIPS","32HFL4025/97","Australia,Fiji,New Zealand","LCD (LED)","-","2030-11-25","Available",,"ATV7004",174901,80.133,2744.0136,24.7,117,5.5,5.532724332007882,31.548425196850392,"1. ≤43 inches"
"PHILIPS","24HFL4025/97","Australia,Fiji,New Zealand","LCD (LED)","-","2030-11-25","Available",,"ATV7007",174902,59.827,1529.038,20.2,90,4.5,4.758996661557138,23.553937007874016,"1. ≤43 inches"
"PHILIPS","43HFL4025/97","Australia,Fiji,New Zealand","LCD (LED)","-","2030-11-25","Available",,"ATV7005",174903,107.956,4980.1837000000005,32.5,192,5.5,5.555077154134538,42.50236220472441,"1. ≤43 inches"
"PHILIPS","43HFL7025/97","Australia,Fiji,New Zealand","LCD (LED)","-","2030-11-25","Available",,"ATV7008",174904,107.987,4982.7128,41.5,183,5.5,5.772221428867803,42.514566929133856,"1. ≤43 inches"
"LG","OLED65B6PSA","Australia,New Zealand","OLED","0.4","2030-12-11","Available",,"ATV7027",174915,163.896,11478.122496000002,106,389,5.5,5.808471828896706,64.5259842519685,"3. 56–65 inches"
"LG","OLED65B66LA","Australia,New Zealand","OLED","0.4","2030-12-11","Available",,"ATV7024",174916,163.896,11478.122496000002,106,389,5.5,5.808471828896706,64.5259842519685,"3. 56–65 inches"
"CHIQ","L24D6CG","Australia,Fiji,New Zealand","LCD (LED)","0.23","2030-11-26","Available",,"ATV7009",174934,59.824,1528.86807072,20,82,5,5.17583235427181,23.55275590551181,"1. ≤43 inches"
"LG","43NU850B6LA","Australia,New Zealand","LCD (LED)","0.4","2030-12-17","Available",,"ATV7032",174976,107.987,4982.7128,62,229,4.5,4.767326376368296,42.514566929133856,"1. ≤43 inches"
"LG","43NU855BPSA","Australia,New Zealand","LCD (LED)","0.4","2030-12-17","Available",,"ATV7033",174977,107.987,4982.7128,62,229,4.5,4.767326376368296,42.514566929133856,"1. ≤43 inches"
"LG","55NU850B6LA","Australia,New Zealand","LCD (LED)","0.4","2030-12-21","Available",,"ATV7044",174978,138.783,8230.118400000001,80,295,5.5,5.657905656148303,54.63897637795275,"2. 44–55 inches"
"LG","55NU855BPSA","Australia,New Zealand","LCD (LED)","0.4","2030-12-21","Available",,"ATV7045",174979,138.783,8230.118400000001,80,295,5.5,5.657905656148303,54.63897637795275,"2. 44–55 inches"
"LG","43QNED80B6B","Australia,New Zealand","LCD (LED)","0.4","2031-01-28","Available",,"ATV7193",174984,107.987,4982.7128,63,232,4.5,4.708999043871274,42.514566929133856,"1. ≤43 inches"
"LG","43QNED80BSA","Australia,New Zealand","LCD (LED)","0.4","2031-01-13","Available",,"ATV7100",174985,107.987,4982.7128,63,232,4.5,4.708999043871274,42.514566929133856,"1. ≤43 inches"
"LG","50NU850B6LA","Australia,New Zealand","LCD (LED)","0.4","2031-01-28","Available",,"ATV7192",174986,125.727,6754.5112,76,280,5,5.082413329865411,49.4988188976378,"2. 44–55 inches"
"LG","50NU855BPSA","Australia,New Zealand","LCD (LED)","0.4","2031-01-28","Available",,"ATV7194",174987,125.727,6754.5112,76,280,5,5.082413329865411,49.4988188976378,"2. 44–55 inches"
"LG","65NU850B6LA","Australia,New Zealand","LCD (LED)","0.4","2031-01-28","Available",,"ATV7191",174988,163.897,11477.9975,100,368,6,6.0571285405123145,64.52637795275591,"3. 56–65 inches"
"LG","65NU855BPSA","Australia,New Zealand","LCD (LED)","0.4","2031-01-28","Available",,"ATV7195",174989,163.897,11477.9975,100,368,6,6.0571285405123145,64.52637795275591,"3. 56–65 inches"
"LG","65QNED80B6B","Australia,New Zealand","LCD (LED)","0.4","2031-01-28","Available",,"ATV7190",174990,163.897,11477.9975,140,514,4.5,4.5597053556687195,64.52637795275591,"3. 56–65 inches"
"LG","65QNED80BSA","Australia,New Zealand","LCD (LED)","0.4","2031-01-13","Available",,"ATV7101",174991,163.897,11477.9975,140,514,4.5,4.5597053556687195,64.52637795275591,"3. 56–65 inches"
"LG","75MRGB86B6A","Australia,New Zealand","LCD (LED)","0.4","2031-01-28","Available",,"ATV7189",174992,189.275,15307.5663,106,389,7,7.033755235828371,74.51771653543307,"4. >65 inches"
"LG","75MRGB86BSA","Australia,New Zealand","LCD (LED)","0.4","2031-01-28","Available",,"ATV7196",174993,189.275,15307.5663,106,389,7,7.033755235828371,74.51771653543307,"4. >65 inches"
"LG","75QNED70B6A","Australia,New Zealand","LCD (LED)","0.4","2031-01-28","Available",,"ATV7188",174994,189.275,15307.5663,132,484,6,6.054540009525432,74.51771653543307,"4. >65 inches"
"LG","75QNED70BSA","Australia,New Zealand","LCD (LED)","0.4","2031-01-26","Available",,"ATV7149",174995,189.275,15307.5663,132,484,6,6.054540009525432,74.51771653543307,"4. >65 inches"
"SYLVOX","OT43A7K5GD","Australia,Fiji,New Zealand","LCD","0.44572","2030-12-22","Available",,"ATV7052",175010,107.987,4982.77868544,51.6354,200,5,5.374183395081641,42.514566929133856,"1. ≤43 inches"
"SYLVOX","OT43A7K5GF","Australia,Fiji,New Zealand","LCD","0.45184","2030-12-22","Available",,"ATV7048",175011,107.987,4982.77868544,51.03,205,5,5.263525424259972,42.514566929133856,"1. ≤43 inches"
"SYLVOX","OQ43A7K5GF","Australia,Fiji,New Zealand","LCD","0.45184","2030-12-22","Available",,"ATV7048",175011,107.987,4982.77868544,51.03,205,5,5.263525424259972,42.514566929133856,"1. ≤43 inches"
"SYLVOX","OT43A2KEGE","Australia,Fiji,New Zealand","LCD","0.45184","2030-12-22","Available",,"ATV7048",175011,107.987,4982.77868544,51.03,205,5,5.263525424259972,42.514566929133856,"1. ≤43 inches"
"SYLVOX","OQ43A2KEGE","Australia,Fiji,New Zealand","LCD","0.45184","2030-12-22","Available",,"ATV7048",175011,107.987,4982.77868544,51.03,205,5,5.263525424259972,42.514566929133856,"1. ≤43 inches"
"SYLVOX","OQ43A2KOGF","Australia,Fiji,New Zealand","LCD","0.45184","2030-12-22","Available",,"ATV7048",175011,107.987,4982.77868544,51.03,205,5,5.263525424259972,42.514566929133856,"1. ≤43 inches"
"SYLVOX","OT43A2KOGF","Australia,Fiji,New Zealand","LCD","0.45184","2030-12-22","Available",,"ATV7048",175011,107.987,4982.77868544,51.03,205,5,5.263525424259972,42.514566929133856,"1. ≤43 inches"
"SYLVOX","OT43B2K5GF","Australia,Fiji,New Zealand","LCD","0.45184","2030-12-22","Available",,"ATV7048",175011,107.987,4982.77868544,51.03,205,5,5.263525424259972,42.514566929133856,"1. ≤43 inches"
"SYLVOX","OT43A2K3GF","Australia,Fiji,New Zealand","LCD","0.45184","2030-12-22","Available",,"ATV7048",175011,107.987,4982.77868544,51.03,205,5,5.263525424259972,42.514566929133856,"1. ≤43 inches"
"SYLVOX","OQ43A2K3GF","Australia,Fiji,New Zealand","LCD","0.45184","2030-12-22","Available",,"ATV7048",175011,107.987,4982.77868544,51.03,205,5,5.263525424259972,42.514566929133856,"1. ≤43 inches"
"SYLVOX","O*43****GF","Australia,Fiji,New Zealand","LCD","0.45184","2030-12-22","Available",,"ATV7048",175011,107.987,4982.77868544,51.03,205,5,5.263525424259972,42.514566929133856,"1. ≤43 inches"
"LG","85QNED80B6A","Australia,New Zealand","LCD (LED)","0.4","2030-12-11","Available",,"ATV7025",175012,214.783,19712.16,212,776,5,5.028282946146018,84.56023622047243,"4. >65 inches"
"LG","85QNED80BSA","Australia,New Zealand","LCD (LED)","0.4","2030-12-11","Available",,"ATV7028",175013,214.783,19712.16,212,776,5,5.028282946146018,84.56023622047243,"4. >65 inches"
"LG","OLED65C6PSA","Australia,New Zealand","OLED","0.4","2030-12-11","Available",,"ATV7026",175014,163.896,11478.122496000002,109,400,5.5,5.683506516991858,64.5259842519685,"3. 56–65 inches"
"LG","OLED65C66LA","Australia,New Zealand","OLED","0.4","2030-12-11","Available",,"ATV7029",175015,163.896,11478.122496000002,109,400,5.5,5.683506516991858,64.5259842519685,"3. 56–65 inches"
"SYLVOX","OQ43A7K5GD","Australia,Fiji,New Zealand","LCD","0.44572","2030-12-22","Available",,"ATV7052",175010,107.987,4982.77868544,51.6354,200,5,5.374183395081641,42.514566929133856,"1. ≤43 inches"
"SYLVOX","OQ43A2KEGC","Australia,Fiji,New Zealand","LCD","0.44572","2030-12-22","Available",,"ATV7052",175010,107.987,4982.77868544,51.6354,200,5,5.374183395081641,42.514566929133856,"1. ≤43 inches"
"SYLVOX","OT43A2KOGD","Australia,Fiji,New Zealand","LCD","0.44572","2030-12-22","Available",,"ATV7052",175010,107.987,4982.77868544,51.6354,200,5,5.374183395081641,42.514566929133856,"1. ≤43 inches"
"SYLVOX","OQ43A2KOGD","Australia,Fiji,New Zealand","LCD","0.44572","2030-12-22","Available",,"ATV7052",175010,107.987,4982.77868544,51.6354,200,5,5.374183395081641,42.514566929133856,"1. ≤43 inches"
"SYLVOX","OT43B3K5GD","Australia,Fiji,New Zealand","LCD","0.44572","2030-12-22","Available",,"ATV7052",175010,107.987,4982.77868544,51.6354,200,5,5.374183395081641,42.514566929133856,"1. ≤43 inches"
"SYLVOX","OQ43B3K5GD","Australia,Fiji,New Zealand","LCD","0.44572","2030-12-22","Available",,"ATV7052",175010,107.987,4982.77868544,51.6354,200,5,5.374183395081641,42.514566929133856,"1. ≤43 inches"
"SYLVOX","OT43BЗKЗGD","Australia,Fiji,New Zealand","LCD","0.44572","2030-12-22","Available",,"ATV7052",175010,107.987,4982.77868544,51.6354,200,5,5.374183395081641,42.514566929133856,"1. ≤43 inches"
"SYLVOX","OQ43BЗKЗGD","Australia,Fiji,New Zealand","LCD","0.44572","2030-12-22","Available",,"ATV7052",175010,107.987,4982.77868544,51.6354,200,5,5.374183395081641,42.514566929133856,"1. ≤43 inches"
"SYLVOX","OT43A2K3GD","Australia,Fiji,New Zealand","LCD","0.44572","2030-12-22","Available",,"ATV7052",175010,107.987,4982.77868544,51.6354,200,5,5.374183395081641,42.514566929133856,"1. ≤43 inches"
"SYLVOX","O*43**K***","Australia,Fiji,New Zealand","LCD","0.44572","2030-12-22","Available",,"ATV7052",175010,107.987,4982.77868544,51.6354,200,5,5.374183395081641,42.514566929133856,"1. ≤43 inches"
"SYLVOX","OQ55A3K8HG","Australia,Fiji,New Zealand","LCD","0.37062","2030-12-22","Available",,"ATV7053",175037,138.783,8230.118400000001,65.5236,245,6,6.490182209520817,54.63897637795275,"2. 44–55 inches"
"SYLVOX","OT55A7K5GF","Australia,Fiji,New Zealand","LCD","0.376548","2030-12-22","Available",,"ATV7054",175047,138.783,8230.118400000001,71.3472,265,6,6.138517933410955,54.63897637795275,"2. 44–55 inches"
"SYLVOX","OQ55A7K5GF","Australia,Fiji,New Zealand","LCD","0.376548","2030-12-22","Available",,"ATV7054",175047,138.783,8230.118400000001,71.3472,265,6,6.138517933410955,54.63897637795275,"2. 44–55 inches"
"SYLVOX","OT55A2KEGE","Australia,Fiji,New Zealand","LCD","0.376548","2030-12-22","Available",,"ATV7054",175047,138.783,8230.118400000001,71.3472,265,6,6.138517933410955,54.63897637795275,"2. 44–55 inches"
"SYLVOX","OQ55A2KEGE","Australia,Fiji,New Zealand","LCD","0.376548","2030-12-22","Available",,"ATV7054",175047,138.783,8230.118400000001,71.3472,265,6,6.138517933410955,54.63897637795275,"2. 44–55 inches"
"SYLVOX","OQ55A2KOGF","Australia,Fiji,New Zealand","LCD","0.376548","2030-12-22","Available",,"ATV7054",175047,138.783,8230.118400000001,71.3472,265,6,6.138517933410955,54.63897637795275,"2. 44–55 inches"
"SYLVOX","OT55A2KOGF","Australia,Fiji,New Zealand","LCD","0.376548","2030-12-22","Available",,"ATV7054",175047,138.783,8230.118400000001,71.3472,265,6,6.138517933410955,54.63897637795275,"2. 44–55 inches"
"SYLVOX","OT55B2K5GF","Australia,Fiji,New Zealand","LCD","0.376548","2030-12-22","Available",,"ATV7054",175047,138.783,8230.118400000001,71.3472,265,6,6.138517933410955,54.63897637795275,"2. 44–55 inches"
"SYLVOX","OT55A2K3GF","Australia,Fiji,New Zealand","LCD","0.376548","2030-12-22","Available",,"ATV7054",175047,138.783,8230.118400000001,71.3472,265,6,6.138517933410955,54.63897637795275,"2. 44–55 inches"
"SYLVOX","OQ55A2K3GF","Australia,Fiji,New Zealand","LCD","0.376548","2030-12-22","Available",,"ATV7054",175047,138.783,8230.118400000001,71.3472,265,6,6.138517933410955,54.63897637795275,"2. 44–55 inches"
"SYLVOX","O*55**K*G*","Australia,Fiji,New Zealand","LCD","0.376548","2030-12-22","Available",,"ATV7054",175047,138.783,8230.118400000001,71.3472,265,6,6.138517933410955,54.63897637795275,"2. 44–55 inches"
"SYLVOX","OT55A7K5GD","Australia,Fiji,New Zealand","LCD","0.3956","2030-12-22","Available",,"ATV7055",175050,138.783,8230.118400000001,67.434,255,6,6.310901498166682,54.63897637795275,"2. 44–55 inches"
"SYLVOX","O*55**K*G*","Australia,Fiji,New Zealand","LCD","0.3956","2030-12-22","Available",,"ATV7055",175050,138.783,8230.118400000001,67.434,255,6,6.310901498166682,54.63897637795275,"2. 44–55 inches"
"SYLVOX","OQ55A7K5GD","Australia,Fiji,New Zealand","LCD","0.3956","2030-12-22","Available",,"ATV7055",175050,138.783,8230.118400000001,67.434,255,6,6.310901498166682,54.63897637795275,"2. 44–55 inches"
"SYLVOX","OQ55A2KEGC","Australia,Fiji,New Zealand","LCD","0.3956","2030-12-22","Available",,"ATV7055",175050,138.783,8230.118400000001,67.434,255,6,6.310901498166682,54.63897637795275,"2. 44–55 inches"
"SYLVOX","OT55A2KOGD","Australia,Fiji,New Zealand","LCD","0.3956","2030-12-22","Available",,"ATV7055",175050,138.783,8230.118400000001,67.434,255,6,6.310901498166682,54.63897637795275,"2. 44–55 inches"
"SYLVOX","OQ55A2KOGD","Australia,Fiji,New Zealand","LCD","0.3956","2030-12-22","Available",,"ATV7055",175050,138.783,8230.118400000001,67.434,255,6,6.310901498166682,54.63897637795275,"2. 44–55 inches"
"SYLVOX","OT55B3K5GD","Australia,Fiji,New Zealand","LCD","0.3956","2030-12-22","Available",,"ATV7055",175050,138.783,8230.118400000001,67.434,255,6,6.310901498166682,54.63897637795275,"2. 44–55 inches"
"SYLVOX","OQ55B3K5GD","Australia,Fiji,New Zealand","LCD","0.3956","2030-12-22","Available",,"ATV7055",175050,138.783,8230.118400000001,67.434,255,6,6.310901498166682,54.63897637795275,"2. 44–55 inches"
"SYLVOX","OT55BЗKЗGD","Australia,Fiji,New Zealand","LCD","0.3956","2030-12-22","Available",,"ATV7055",175050,138.783,8230.118400000001,67.434,255,6,6.310901498166682,54.63897637795275,"2. 44–55 inches"
"SYLVOX","OQ55BЗKЗGD","Australia,Fiji,New Zealand","LCD","0.3956","2030-12-22","Available",,"ATV7055",175050,138.783,8230.118400000001,67.434,255,6,6.310901498166682,54.63897637795275,"2. 44–55 inches"
"SYLVOX","OT55A2K3GD","Australia,Fiji,New Zealand","LCD","0.3956","2030-12-22","Available",,"ATV7055",175050,138.783,8230.118400000001,67.434,255,6,6.310901498166682,54.63897637795275,"2. 44–55 inches"
"SYLVOX","OQ65A3K8HG","Australia,Fiji,New Zealand","LCD","0.3831","2030-12-22","Available",,"ATV7056",175053,163.896,11478.122496000002,93.012,350,6,6.281916786247169,64.5259842519685,"3. 56–65 inches"
"SYLVOX","OT65A7K5GF","Australia,Fiji,New Zealand","LCD","0.48412","2030-12-22","Available",,"ATV7057",175054,163.896,11478.122496000002,90.0792,340,6,6.4118221171542435,64.5259842519685,"3. 56–65 inches"
"SYLVOX","OQ65A7K5GF","Australia,Fiji,New Zealand","LCD","0.48412","2030-12-22","Available",,"ATV7057",175054,163.896,11478.122496000002,90.0792,340,6,6.4118221171542435,64.5259842519685,"3. 56–65 inches"
"SYLVOX","OT65A2KEGE","Australia,Fiji,New Zealand","LCD","0.48412","2030-12-22","Available",,"ATV7057",175054,163.896,11478.122496000002,90.0792,340,6,6.4118221171542435,64.5259842519685,"3. 56–65 inches"
"SYLVOX","OQ65A2KEGE","Australia,Fiji,New Zealand","LCD","0.48412","2030-12-22","Available",,"ATV7057",175054,163.896,11478.122496000002,90.0792,340,6,6.4118221171542435,64.5259842519685,"3. 56–65 inches"
"SYLVOX","OQ65A2KOGF","Australia,Fiji,New Zealand","LCD","0.48412","2030-12-22","Available",,"ATV7057",175054,163.896,11478.122496000002,90.0792,340,6,6.4118221171542435,64.5259842519685,"3. 56–65 inches"
"SYLVOX","OT65A2KOGF","Australia,Fiji,New Zealand","LCD","0.48412","2030-12-22","Available",,"ATV7057",175054,163.896,11478.122496000002,90.0792,340,6,6.4118221171542435,64.5259842519685,"3. 56–65 inches"
"SYLVOX","OT65B2K5GF","Australia,Fiji,New Zealand","LCD","0.48412","2030-12-22","Available",,"ATV7057",175054,163.896,11478.122496000002,90.0792,340,6,6.4118221171542435,64.5259842519685,"3. 56–65 inches"
"SYLVOX","OT65A2K3GF","Australia,Fiji,New Zealand","LCD","0.48412","2030-12-22","Available",,"ATV7057",175054,163.896,11478.122496000002,90.0792,340,6,6.4118221171542435,64.5259842519685,"3. 56–65 inches"
"SYLVOX","OQ65A2K3GF","Australia,Fiji,New Zealand","LCD","0.48412","2030-12-22","Available",,"ATV7057",175054,163.896,11478.122496000002,90.0792,340,6,6.4118221171542435,64.5259842519685,"3. 56–65 inches"
"SYLVOX","O*65**K*G*","Australia,Fiji,New Zealand","LCD","0.48412","2030-12-22","Available",,"ATV7057",175054,163.896,11478.122496000002,90.0792,340,6,6.4118221171542435,64.5259842519685,"3. 56–65 inches"
"SYLVOX","OT65A7K5GD","Australia,Fiji,New Zealand","LCD","0.48624","2030-12-22","Available",,"ATV7058",175056,163.896,11478.122496000002,90.1488,340,6,6.4118221171542435,64.5259842519685,"3. 56–65 inches"
"SYLVOX","OQ65A7K5GD","Australia,Fiji,New Zealand","LCD","0.48624","2030-12-22","Available",,"ATV7058",175056,163.896,11478.122496000002,90.1488,340,6,6.4118221171542435,64.5259842519685,"3. 56–65 inches"
"SYLVOX","O*65**K*G*","Australia,Fiji,New Zealand","LCD","0.48624","2030-12-22","Available",,"ATV7058",175056,163.896,11478.122496000002,90.1488,340,6,6.4118221171542435,64.5259842519685,"3. 56–65 inches"
"SYLVOX","OQ65A2KEGC","Australia,Fiji,New Zealand","LCD","0.48624","2030-12-22","Available",,"ATV7058",175056,163.896,11478.122496000002,90.1488,340,6,6.4118221171542435,64.5259842519685,"3. 56–65 inches"
"SYLVOX","OT65A2KOGD","Australia,Fiji,New Zealand","LCD","0.48624","2030-12-22","Available",,"ATV7058",175056,163.896,11478.122496000002,90.1488,340,6,6.4118221171542435,64.5259842519685,"3. 56–65 inches"
"SYLVOX","OQ65A2KOGD","Australia,Fiji,New Zealand","LCD","0.48624","2030-12-22","Available",,"ATV7058",175056,163.896,11478.122496000002,90.1488,340,6,6.4118221171542435,64.5259842519685,"3. 56–65 inches"
"SYLVOX","OT65B3K5GD","Australia,Fiji,New Zealand","LCD","0.48624","2030-12-22","Available",,"ATV7058",175056,163.896,11478.122496000002,90.1488,340,6,6.4118221171542435,64.5259842519685,"3. 56–65 inches"
"SYLVOX","OQ65B3K5GD","Australia,Fiji,New Zealand","LCD","0.48624","2030-12-22","Available",,"ATV7058",175056,163.896,11478.122496000002,90.1488,340,6,6.4118221171542435,64.5259842519685,"3. 56–65 inches"
"SYLVOX","OT65BЗKЗGD","Australia,Fiji,New Zealand","LCD","0.48624","2030-12-22","Available",,"ATV7058",175056,163.896,11478.122496000002,90.1488,340,6,6.4118221171542435,64.5259842519685,"3. 56–65 inches"
"SYLVOX","OQ65BЗKЗGD","Australia,Fiji,New Zealand","LCD","0.48624","2030-12-22","Available",,"ATV7058",175056,163.896,11478.122496000002,90.1488,340,6,6.4118221171542435,64.5259842519685,"3. 56–65 inches"
"SYLVOX","OT65A2K3GD","Australia,Fiji,New Zealand","LCD","0.48624","2030-12-22","Available",,"ATV7058",175056,163.896,11478.122496000002,90.1488,340,6,6.4118221171542435,64.5259842519685,"3. 56–65 inches"
"SYLVOX","OQ75A3K8HG","Australia,Fiji,New Zealand","LCD","0.336164","2030-12-22","Available",,"ATV7059",175059,189.34,15318.517823999999,103.59,385,7,7.083140075082348,74.54330708661418,"4. >65 inches"
"SYLVOX","OT75A7K5GF","Australia,Fiji,New Zealand","LCD","0.49384","2030-12-22","Available",,"ATV7060",175061,189.34,15318.517823999999,124.536,460,6,6.285522782773787,74.54330708661418,"4. >65 inches"
"SYLVOX","OQ75A7K5GF","Australia,Fiji,New Zealand","LCD","0.49384","2030-12-22","Available",,"ATV7060",175061,189.34,15318.517823999999,124.536,460,6,6.285522782773787,74.54330708661418,"4. >65 inches"
"SYLVOX","OT75A2KEGE","Australia,Fiji,New Zealand","LCD","0.49384","2030-12-22","Available",,"ATV7060",175061,189.34,15318.517823999999,124.536,460,6,6.285522782773787,74.54330708661418,"4. >65 inches"
"SYLVOX","OQ75A2KEGE","Australia,Fiji,New Zealand","LCD","0.49384","2030-12-22","Available",,"ATV7060",175061,189.34,15318.517823999999,124.536,460,6,6.285522782773787,74.54330708661418,"4. >65 inches"
"SYLVOX","OQ75A2KOGF","Australia,Fiji,New Zealand","LCD","0.49384","2030-12-22","Available",,"ATV7060",175061,189.34,15318.517823999999,124.536,460,6,6.285522782773787,74.54330708661418,"4. >65 inches"
"SYLVOX","OT75A2KOGF","Australia,Fiji,New Zealand","LCD","0.49384","2030-12-22","Available",,"ATV7060",175061,189.34,15318.517823999999,124.536,460,6,6.285522782773787,74.54330708661418,"4. >65 inches"
"SYLVOX","OT75B2K5GF","Australia,Fiji,New Zealand","LCD","0.49384","2030-12-22","Available",,"ATV7060",175061,189.34,15318.517823999999,124.536,460,6,6.285522782773787,74.54330708661418,"4. >65 inches"
"SYLVOX","OT75A2K3GF","Australia,Fiji,New Zealand","LCD","0.49384","2030-12-22","Available",,"ATV7060",175061,189.34,15318.517823999999,124.536,460,6,6.285522782773787,74.54330708661418,"4. >65 inches"
"SYLVOX","OQ75A2K3GF","Australia,Fiji,New Zealand","LCD","0.49384","2030-12-22","Available",,"ATV7060",175061,189.34,15318.517823999999,124.536,460,6,6.285522782773787,74.54330708661418,"4. >65 inches"
"SYLVOX","O75**K*G*","Australia,Fiji,New Zealand","LCD","0.49384","2030-12-22","Available",,"ATV7060",175061,189.34,15318.517823999999,124.536,460,6,6.285522782773787,74.54330708661418,"4. >65 inches"
"SYLVOX","OT75A7K5GD","Australia,Fiji,New Zealand","LCD","0.48856","2030-12-22","Available",,"ATV7061",175062,189.34,15318.517823999999,119.9244,450,6,6.384019497508897,74.54330708661418,"4. >65 inches"
"SYLVOX","OQ75A7K5GD","Australia,Fiji,New Zealand","LCD","0.48856","2030-12-22","Available",,"ATV7061",175062,189.34,15318.517823999999,119.9244,450,6,6.384019497508897,74.54330708661418,"4. >65 inches"
"SYLVOX","OQ75A2KEGC","Australia,Fiji,New Zealand","LCD","0.48856","2030-12-22","Available",,"ATV7061",175062,189.34,15318.517823999999,119.9244,450,6,6.384019497508897,74.54330708661418,"4. >65 inches"
"SYLVOX","OT75A2KOGD","Australia,Fiji,New Zealand","LCD","0.48856","2030-12-22","Available",,"ATV7061",175062,189.34,15318.517823999999,119.9244,450,6,6.384019497508897,74.54330708661418,"4. >65 inches"
"SYLVOX","OQ75A2KOGD","Australia,Fiji,New Zealand","LCD","0.48856","2030-12-22","Available",,"ATV7061",175062,189.34,15318.517823999999,119.9244,450,6,6.384019497508897,74.54330708661418,"4. >65 inches"
"SYLVOX","OT75B3K5GD","Australia,Fiji,New Zealand","LCD","0.48856","2030-12-22","Available",,"ATV7061",175062,189.34,15318.517823999999,119.9244,450,6,6.384019497508897,74.54330708661418,"4. >65 inches"
"SYLVOX","OQ75B3K5GD","Australia,Fiji,New Zealand","LCD","0.48856","2030-12-22","Available",,"ATV7061",175062,189.34,15318.517823999999,119.9244,450,6,6.384019497508897,74.54330708661418,"4. >65 inches"
"SYLVOX","OT75BЗKЗGD","Australia,Fiji,New Zealand","LCD","0.48856","2030-12-22","Available",,"ATV7061",175062,189.34,15318.517823999999,119.9244,450,6,6.384019497508897,74.54330708661418,"4. >65 inches"
"SYLVOX","OQ75BЗKЗGD","Australia,Fiji,New Zealand","LCD","0.48856","2030-12-22","Available",,"ATV7061",175062,189.34,15318.517823999999,119.9244,450,6,6.384019497508897,74.54330708661418,"4. >65 inches"
"SYLVOX","OT75A2K3GD","Australia,Fiji,New Zealand","LCD","0.48856","2030-12-22","Available",,"ATV7061",175062,189.34,15318.517823999999,119.9244,450,6,6.384019497508897,74.54330708661418,"4. >65 inches"
"SYLVOX","O*75**K*G*","Australia,Fiji,New Zealand","LCD","0.48856","2030-12-22","Available",,"ATV7061",175062,189.34,15318.517823999999,119.9244,450,6,6.384019497508897,74.54330708661418,"4. >65 inches"
"AIWA","AV-BO507165A","Australia,Fiji,New Zealand","LCD (LED)","0.45","2030-12-07","Available",,"ATV7011",174894,125.725,6751.36,51.6,210,6,6.369742834637282,49.49803149606299,"2. 44–55 inches"
"AIWA","AV-BQ507165AE","Australia,Fiji,New Zealand","LCD (LED)","0.45","2030-12-07","Available",,"ATV7011",174894,125.725,6751.36,51.6,210,6,6.369742834637282,49.49803149606299,"2. 44–55 inches"
"AIWA","AV-JQ507165A","Australia,Fiji,New Zealand","LCD (LED)","0.45","2030-12-07","Available",,"ATV7011",174894,125.725,6751.36,51.6,210,6,6.369742834637282,49.49803149606299,"2. 44–55 inches"
"AIWA","AWS700WS","Australia","LCD (LED)","0.34","2030-12-08","Available",,"ATV7017",175205,176.528,13469.952384,149.6,548,4.5,4.951547843611241,69.49921259842519,"4. >65 inches"
"JVC","LT-70NQ7165A","Australia","LCD (LED)","0.37","2030-12-08","Available",,"ATV7018",175207,176.539,13385.2,136.3,550,4.5,4.908338226041787,69.5035433070866,"4. >65 inches"
"AIWA","AWS60DG","Australia","LCD (LED)","0.3","2030-12-08","Available",,"ATV7019",175208,152.661,9958.443264,102,404,5,5.041608955141751,60.10275590551181,"3. 56–65 inches"
"EKO","K50FST","Australia,Fiji,New Zealand","LCD (LED)","-","2030-12-22","Available","https://www.ayonz.com/","ATV7062",175210,125.731,6754.867344,55.52,228,6,6.003308177326366,49.5003937007874,"2. 44–55 inches"
"TELEFUNKEN","TL500TQZ","Australia,Fiji,New Zealand","LCD (LED)","-","2030-12-22","Available","https://www.ayonz.com/","ATV7063",175211,125.731,6754.867344,55.52,228,6,6.003308177326366,49.5003937007874,"2. 44–55 inches"
"TELEFUNKEN","TL500TQZ1","Australia,Fiji,New Zealand","LCD (LED)","-","2030-12-22","Available","https://www.ayonz.com/","ATV7063",175211,125.731,6754.867344,55.52,228,6,6.003308177326366,49.5003937007874,"2. 44–55 inches"
"TELEFUNKEN","TL500TQZ2","Australia,Fiji,New Zealand","LCD (LED)","-","2030-12-22","Available","https://www.ayonz.com/","ATV7063",175211,125.731,6754.867344,55.52,228,6,6.003308177326366,49.5003937007874,"2. 44–55 inches"
"TELEFUNKEN","TL500TQZ3","Australia,Fiji,New Zealand","LCD (LED)","-","2030-12-22","Available","https://www.ayonz.com/","ATV7063",175211,125.731,6754.867344,55.52,228,6,6.003308177326366,49.5003937007874,"2. 44–55 inches"
"TECO","LED32BHSRC","Australia,Fiji,New Zealand","LCD (LED)","0.4","2030-12-22","Available","https://www.teco.com.au/","ATV7064",175238,80.912,2775.9368736,27.42,116,5.5,5.612535728172452,31.855118110236223,"1. ≤43 inches"
"LG","50QNED70B6C","Australia,New Zealand","LCD (LED)","0.4","2031-02-05","Available",,"ATV7236",175241,125.727,6754.5112,76,280,5,5.082413329865411,49.4988188976378,"2. 44–55 inches"
"LG","50QNED70BSA","Australia,New Zealand","LCD (LED)","0.4","2031-01-26","Available",,"ATV7173",175242,125.727,6754.5112,76,280,5,5.082413329865411,49.4988188976378,"2. 44–55 inches"
"LG","50QNED80B6B","Australia,New Zealand","LCD (LED)","0.4","2031-02-04","Available",,"ATV7228",175243,125.727,6754.5112,80,295,4.5,4.8485470457482105,49.4988188976378,"2. 44–55 inches"
"LG","50QNED80BSA","Australia,New Zealand","LCD (LED)","0.4","2031-01-13","Available",,"ATV7091",175244,125.727,6754.5112,80,295,4.5,4.8485470457482105,49.4988188976378,"2. 44–55 inches"
"LG","55MRGB86B6A","Australia,New Zealand","LCD (LED)","0.4","2031-02-04","Available",,"ATV7229",175245,138.783,8230.118400000001,78,287,5.5,5.781113969443836,54.63897637795275,"2. 44–55 inches"
"LG","55MRGB86BSA","Australia,New Zealand","LCD (LED)","0.4","2031-02-05","Available",,"ATV7235",175246,138.783,8230.118400000001,78,287,5.5,5.781113969443836,54.63897637795275,"2. 44–55 inches"
"LG","55QNED70B6C","Australia,New Zealand","LCD (LED)","0.4","2031-01-26","Available",,"ATV7172",175247,138.783,8230.118400000001,82,302,5.5,5.552808910591775,54.63897637795275,"2. 44–55 inches"
"LG","55QNED70BSA","Australia,New Zealand","LCD (LED)","0.4","2031-01-13","Available",,"ATV7092",175248,138.783,8230.118400000001,82,302,5.5,5.552808910591775,54.63897637795275,"2. 44–55 inches"
"LG","55QNED80B6B","Australia,New Zealand","LCD (LED)","0.4","2031-02-04","Available",,"ATV7230",175249,138.783,8230.118400000001,88,324,5,5.237691139975824,54.63897637795275,"2. 44–55 inches"
"LG","55QNED80BSA","Australia,New Zealand","LCD (LED)","0.4","2031-01-13","Available",,"ATV7093",175250,138.783,8230.118400000001,88,324,5,5.237691139975824,54.63897637795275,"2. 44–55 inches"
"LG","75QNED80B6A","Australia,New Zealand","LCD (LED)","0.4","2031-02-08","Available",,"ATV7238",175251,189.275,15307.5663,166,608,5,5.032373005790869,74.51771653543307,"4. >65 inches"
"LG","75QNED80BSA","Australia,New Zealand","LCD (LED)","0.4","2031-01-29","Available",,"ATV7200",175252,189.275,15307.5663,166,608,5,5.032373005790869,74.51771653543307,"4. >65 inches"
"LG","85QNED70B6A","Australia,New Zealand","LCD (LED)","0.4","2031-02-04","Available",,"ATV7231",175253,214.783,19712.16,158,579,6,6.3406670185759655,84.56023622047243,"4. >65 inches"
"LG","85QNED70BSA","Australia,New Zealand","LCD (LED)","0.4","2031-01-26","Available",,"ATV7150",175254,214.783,19712.16,158,579,6,6.3406670185759655,84.56023622047243,"4. >65 inches"
"PHILIPS","24HFL4025/97","Australia,Fiji,New Zealand","LCD (LED)","0.38","2030-12-10","Available",,"ATV7020",175310,59.827,1529.038,10,90,4.5,4.758996661557138,23.553937007874016,"1. ≤43 inches"
"LG","43QNED70B6C","Australia,New Zealand","LCD (LED)","0.4","2031-01-26","Available",,"ATV7151",175400,107.987,4982.7128,63,232,4.5,4.708999043871274,42.514566929133856,"1. ≤43 inches"
"LG","43QNED70BSA","Australia,New Zealand","LCD (LED)","0.4","2031-01-26","Available",,"ATV7152",175401,107.987,4982.7128,63,232,4.5,4.708999043871274,42.514566929133856,"1. ≤43 inches"
"LG","65QNED70B6C","Australia,New Zealand","LCD (LED)","0.4","2031-02-09","Available",,"ATV7241",175402,163.897,11477.9975,100,368,6,6.0571285405123145,64.52637795275591,"3. 56–65 inches"
"LG","65QNED70BSA","Australia,New Zealand","LCD (LED)","0.4","2031-01-26","Available",,"ATV7153",175403,163.897,11477.9975,100,368,6,6.0571285405123145,64.52637795275591,"3. 56–65 inches"
"LG","75NU850B6LA","Australia,New Zealand","LCD (LED)","0.4","2031-02-09","Available",,"ATV7242",175404,189.275,15307.5663,130,477,6,6.119827201301709,74.51771653543307,"4. >65 inches"
"LG","75NU855BPSA","Australia,New Zealand","LCD (LED)","0.4","2031-02-09","Available",,"ATV7240",175405,189.275,15307.5663,130,477,6,6.119827201301709,74.51771653543307,"4. >65 inches"
"LG","85NU850B6LA","Australia,New Zealand","LCD (LED)","0.4","2031-02-10","Available",,"ATV7252",175406,214.783,19712.16,155,568,6,6.426625401593877,84.56023622047243,"4. >65 inches"
"LG","85NU855BPSA","Australia,New Zealand","LCD (LED)","0.4","2031-02-10","Available",,"ATV7245",175407,214.783,19712.16,155,568,6,6.426625401593877,84.56023622047243,"4. >65 inches"
"LG","OLED48B6PSA","Australia,New Zealand","OLED","0.4","2031-01-13","Available",,"ATV7094",175408,120.721,6226.9196,78,287,4.5,4.642815154297896,47.52795275590551,"2. 44–55 inches"
"LG","OLED48C6PSA","Australia,New Zealand","OLED","0.4","2031-01-13","Available",,"ATV7102",175409,120.721,6226.9196,60,222,5.5,5.7936655032095405,47.52795275590551,"2. 44–55 inches"
"LG","OLED48C66LA","Australia,New Zealand","OLED","0.4","2031-01-26","Available",,"ATV7171",175410,120.721,6226.9196,60,222,5.5,5.7936655032095405,47.52795275590551,"2. 44–55 inches"
"LG","OLED55B6PSA","Australia,New Zealand","OLED","0.4","2031-01-13","Available",,"ATV7103",175411,138.783,8230.118400000001,90,331,5,5.141901414219262,54.63897637795275,"2. 44–55 inches"
"LG","OLED55B66LA","Australia,New Zealand","OLED","0.4","2031-01-26","Available",,"ATV7154",175412,138.783,8230.118400000001,90,331,5,5.141901414219262,54.63897637795275,"2. 44–55 inches"
"LG","OLED55C6PSA","Australia,New Zealand","OLED","0.4","2031-01-11","Available",,"ATV7079",175413,138.783,8230.118400000001,96,353,4.5,4.8535234567239876,54.63897637795275,"2. 44–55 inches"
"LG","OLED55C66LA","Australia,New Zealand","OLED","0.4","2031-01-26","Available",,"ATV7155",175414,138.783,8230.118400000001,96,353,4.5,4.8535234567239876,54.63897637795275,"2. 44–55 inches"
"LG","OLED55G6PSB","Australia,New Zealand","OLED","0.4","2031-01-11","Available",,"ATV7080",175415,138.783,8230.118400000001,92,338,5,5.048116404602346,54.63897637795275,"2. 44–55 inches"
"LG","OLED65G6PSB","Australia,New Zealand","OLED","0.4","2031-01-11","Available",,"ATV7090",175416,163.897,11477.9975,112,411,5.5,5.561885564963837,64.52637795275591,"3. 56–65 inches"
"LG","OLED77B6PSA","Australia,New Zealand","OLED","0.4","2031-01-13","Available",,"ATV7104",175417,194.738,16204.123099999999,138,506,6,6.099547949662723,76.66850393700787,"4. >65 inches"
"LG","OLED77B66LA","Australia,New Zealand","OLED","0.4","2031-01-26","Available",,"ATV7170",175418,194.738,16204.123099999999,138,506,6,6.099547949662723,76.66850393700787,"4. >65 inches"
"LG","OLED77G6PSB","Australia,New Zealand","OLED","0.4","2031-01-26","Available",,"ATV7169",175419,194.738,16204.123099999999,140,514,6,6.029249722018172,76.66850393700787,"4. >65 inches"
"BLAUPUNKT","BP24TIZDVD","Australia,Fiji,New Zealand","LCD (LED)","0.27","2030-12-22","Available","https://www.ayonz.com/","ATV7049",175616,59.824,1528.86807072,27.25,102,4,4.1977464327445775,23.55275590551181,"1. ≤43 inches"
"BAUHN","ATV24HDTB-0226","Australia","LCD","0.4237","2031-02-01","Available",,"ATV7203",175627,59.809,1528.497216,17.9,68,6,6.014060320526477,23.546850393700787,"1. ≤43 inches"
"LG","86MRGB86B6A","Australia,New Zealand","LCD (LED)","0.4","2031-01-27","Available",,"ATV7174",175701,217.443,20202.832,146,535,6,6.8013086601785435,85.60748031496064,"4. >65 inches"
"LG","86MRGB86BSA","Australia,New Zealand","LCD (LED)","0.4","2031-01-27","Available",,"ATV7181",175702,217.443,20202.832,146,535,6,6.8013086601785435,85.60748031496064,"4. >65 inches"
"SAMSUNG","UA43M70HAW","Australia,Fiji,New Zealand","LCD (LED)","0.5","2031-01-11","Available",,"ATV7089",175762,107.987,4982.7128,70,259,4,4.2156364107821895,42.514566929133856,"1. ≤43 inches"
"SAMSUNG","UA43M70HAS","Australia,Fiji,New Zealand","LCD (LED)","0.5","2031-01-11","Available",,"ATV7089",175762,107.987,4982.7128,70,259,4,4.2156364107821895,42.514566929133856,"1. ≤43 inches"
"SAMSUNG","UA43M70HA*","Australia,Fiji,New Zealand","LCD (LED)","0.5","2031-01-11","Available",,"ATV7089",175762,107.987,4982.7128,70,259,4,4.2156364107821895,42.514566929133856,"1. ≤43 inches"
"SAMSUNG","UA50M70HAW","Australia,Fiji,New Zealand","LCD (LED)","0.5","2031-01-11","Available",,"ATV7081",175763,125.727,6754.5112,73,270,5,5.245392022087018,49.4988188976378,"2. 44–55 inches"
"SAMSUNG","UA50M70HAS","Australia,Fiji,New Zealand","LCD (LED)","0.5","2031-01-11","Available",,"ATV7081",175763,125.727,6754.5112,73,270,5,5.245392022087018,49.4988188976378,"2. 44–55 inches"
"SAMSUNG","UA50M70HA*","Australia,Fiji,New Zealand","LCD (LED)","0.5","2031-01-11","Available",,"ATV7081",175763,125.727,6754.5112,73,270,5,5.245392022087018,49.4988188976378,"2. 44–55 inches"
"SAMSUNG","UA55M70HAW","Australia,Fiji,New Zealand","LCD (LED)","0.5","2031-01-11","Available",,"ATV7088",175766,138.783,8230.118400000001,84,310,5,5.4356409263487215,54.63897637795275,"2. 44–55 inches"
"SAMSUNG","UA55M70HAS","Australia,Fiji,New Zealand","LCD (LED)","0.5","2031-01-11","Available",,"ATV7088",175766,138.783,8230.118400000001,84,310,5,5.4356409263487215,54.63897637795275,"2. 44–55 inches"
"SAMSUNG","UA55M70HA*","Australia,Fiji,New Zealand","LCD (LED)","0.5","2031-01-11","Available",,"ATV7088",175766,138.783,8230.118400000001,84,310,5,5.4356409263487215,54.63897637795275,"2. 44–55 inches"
"SAMSUNG","UA65M70HAW","Australia,Fiji,New Zealand","LCD (LED)","0.5","2031-01-11","Available",,"ATV7082",175767,163.897,11477.9975,111,408,5.5,5.59471662841571,64.52637795275591,"3. 56–65 inches"
"SAMSUNG","UA65M70HAS","Australia,Fiji,New Zealand","LCD (LED)","0.5","2031-01-11","Available",,"ATV7082",175767,163.897,11477.9975,111,408,5.5,5.59471662841571,64.52637795275591,"3. 56–65 inches"
"SAMSUNG","UA65M70HA*","Australia,Fiji,New Zealand","LCD (LED)","0.5","2031-01-11","Available",,"ATV7082",175767,163.897,11477.9975,111,408,5.5,5.59471662841571,64.52637795275591,"3. 56–65 inches"
"SAMSUNG","UA75M70HAW","Australia,Fiji,New Zealand","LCD (LED)","0.5","2031-01-11","Available",,"ATV7083",175769,189.338,15318.8066,142,521,5.5,5.727561217559593,74.54251968503937,"4. >65 inches"
"SAMSUNG","UA75M70HAS","Australia,Fiji,New Zealand","LCD (LED)","0.5","2031-01-11","Available",,"ATV7083",175769,189.338,15318.8066,142,521,5.5,5.727561217559593,74.54251968503937,"4. >65 inches"
"SAMSUNG","UA75M70HA*","Australia,Fiji,New Zealand","LCD (LED)","0.5","2031-01-11","Available",,"ATV7083",175769,189.338,15318.8066,142,521,5.5,5.727561217559593,74.54251968503937,"4. >65 inches"
"SAMSUNG","UA85M70HAW","Australia,Fiji,New Zealand","LCD (LED)","0.5","2031-01-11","Available",,"ATV7087",175780,214.783,19712.16,151,554,6,6.538467002334227,84.56023622047243,"4. >65 inches"
"SAMSUNG","UA85M70HAS","Australia,Fiji,New Zealand","LCD (LED)","0.5","2031-01-11","Available",,"ATV7087",175780,214.783,19712.16,151,554,6,6.538467002334227,84.56023622047243,"4. >65 inches"
"SAMSUNG","UA85M70HA*","Australia,Fiji,New Zealand","LCD (LED)","0.5","2031-01-11","Available",,"ATV7087",175780,214.783,19712.16,151,554,6,6.538467002334227,84.56023622047243,"4. >65 inches"
"SAMSUNG","UA43U8000HW","Australia,Fiji,New Zealand","LCD (LED)","0.5","2031-01-11","Available",,"ATV7086",175782,107.987,4982.7128,67,248,4,4.410126976514222,42.514566929133856,"1. ≤43 inches"
"SAMSUNG","UA43U8000HS","Australia,Fiji,New Zealand","LCD (LED)","0.5","2031-01-11","Available",,"ATV7086",175782,107.987,4982.7128,67,248,4,4.410126976514222,42.514566929133856,"1. ≤43 inches"
"SAMSUNG","UA43U8500HW","Australia,Fiji,New Zealand","LCD (LED)","0.5","2031-01-11","Available",,"ATV7086",175782,107.987,4982.7128,67,248,4,4.410126976514222,42.514566929133856,"1. ≤43 inches"
"SAMSUNG","UA43U8500HS","Australia,Fiji,New Zealand","LCD (LED)","0.5","2031-01-11","Available",,"ATV7086",175782,107.987,4982.7128,67,248,4,4.410126976514222,42.514566929133856,"1. ≤43 inches"
"SAMSUNG","UA43U8*00H*","Australia,Fiji,New Zealand","LCD (LED)","0.5","2031-01-11","Available",,"ATV7086",175782,107.987,4982.7128,67,248,4,4.410126976514222,42.514566929133856,"1. ≤43 inches"
"SAMSUNG","UA50U8000HW","Australia,Fiji,New Zealand","LCD (LED)","0.5","2031-01-11","Available",,"ATV7085",175784,125.727,6754.5112,71,262,5,5.380181735077315,49.4988188976378,"2. 44–55 inches"
"SAMSUNG","UA50U8000HS","Australia,Fiji,New Zealand","LCD (LED)","0.5","2031-01-11","Available",,"ATV7085",175784,125.727,6754.5112,71,262,5,5.380181735077315,49.4988188976378,"2. 44–55 inches"
"SAMSUNG","UA50U8500HW","Australia,Fiji,New Zealand","LCD (LED)","0.5","2031-01-11","Available",,"ATV7085",175784,125.727,6754.5112,71,262,5,5.380181735077315,49.4988188976378,"2. 44–55 inches"
"SAMSUNG","UA50U8500HS","Australia,Fiji,New Zealand","LCD (LED)","0.5","2031-01-11","Available",,"ATV7085",175784,125.727,6754.5112,71,262,5,5.380181735077315,49.4988188976378,"2. 44–55 inches"
"SAMSUNG","UA50U8*00H*","Australia,Fiji,New Zealand","LCD (LED)","0.5","2031-01-11","Available",,"ATV7085",175784,125.727,6754.5112,71,262,5,5.380181735077315,49.4988188976378,"2. 44–55 inches"
"LG","OLED77C6PSA","Australia,New Zealand","OLED","0.4","2031-01-13","Available",,"ATV7098",175794,194.738,16204.123099999999,126,462,6,6.507230706659042,76.66850393700787,"4. >65 inches"
"LG","OLED77C66LA","Australia,New Zealand","OLED","0.4","2031-01-26","Available",,"ATV7156",175795,194.738,16204.123099999999,126,462,6,6.507230706659042,76.66850393700787,"4. >65 inches"
"LG","OLED83G6PSB","Australia,New Zealand","OLED","0.4","2031-01-26","Available",,"ATV7157",175796,209.585,18769.3425,155,568,6,6.2147035669375095,82.51377952755905,"4. >65 inches"
"LG","55UA8055PSA","Australia,New Zealand","LCD (LED)","0.4","2031-01-20","Available",,"ATV7138",175797,138.783,8230.118400000001,92,338,5,5.048116404602346,54.63897637795275,"2. 44–55 inches"
"LG","65UA8055PSA","Australia,New Zealand","LCD (LED)","0.4","2031-01-20","Available",,"ATV7147",175798,163.897,11477.9975,118,433,5,5.328204093107946,64.52637795275591,"3. 56–65 inches"
"LG","OLED42C6PSA","Australia,New Zealand","OLED","0.4","2031-01-26","Available",,"ATV7158",175799,105.52,4757.6080999999995,55,203,5,5.126289240055156,41.54330708661417,"1. ≤43 inches"
"LG","OLED42C67LA","Australia,New Zealand","OLED","0.4","2031-01-26","Available",,"ATV7159",175800,105.52,4757.6080999999995,55,203,5,5.126289240055156,41.54330708661417,"1. ≤43 inches"
"LG","OLED83B6PSA","Australia,New Zealand","OLED","0.4","2031-01-26","Available",,"ATV7168",175801,209.585,18769.3425,151,554,6,6.32654516767786,82.51377952755905,"4. >65 inches"
"LG","OLED83C6PSA","Australia,New Zealand","OLED","0.4","2031-01-26","Available",,"ATV7167",175802,209.585,18769.3425,133,488,6,6.895010086995736,82.51377952755905,"4. >65 inches"
"LG","OLED83C66LA","Australia,New Zealand","OLED","0.4","2031-01-26","Available",,"ATV7160",175803,209.585,18769.3425,133,488,6,6.895010086995736,82.51377952755905,"4. >65 inches"
"LG","65MRGB86B6A","Australia,New Zealand","LCD (LED)","0.4","2031-01-27","Available",,"ATV7182",175804,163.897,11477.9975,99,364,6,6.106106297063303,64.52637795275591,"3. 56–65 inches"
"LG","65MRGB86BSA","Australia,New Zealand","LCD (LED)","0.4","2031-01-27","Available",,"ATV7175",175805,163.897,11477.9975,99,364,6,6.106106297063303,64.52637795275591,"3. 56–65 inches"
"KOGAN","KAQL75Q97TA","Australia,Fiji,New Zealand","LCD (LED)","0.3","2031-01-15","Available",,"ATV7118",175829,189.34,15318.517823999999,179.1,685,4.5,4.501055580231206,74.54330708661418,"4. >65 inches"
"KOGAN","KAQL75Q97TB","Australia,Fiji,New Zealand","LCD (LED)","0.3","2031-01-15","Available",,"ATV7118",175829,189.34,15318.517823999999,179.1,685,4.5,4.501055580231206,74.54330708661418,"4. >65 inches"
"KOGAN","KAQL75Q97TC","Australia,Fiji,New Zealand","LCD (LED)","0.3","2031-01-15","Available",,"ATV7118",175829,189.34,15318.517823999999,179.1,685,4.5,4.501055580231206,74.54330708661418,"4. >65 inches"
"KOGAN","KAQL75Q97TD","Australia,Fiji,New Zealand","LCD (LED)","0.3","2031-01-15","Available",,"ATV7118",175829,189.34,15318.517823999999,179.1,685,4.5,4.501055580231206,74.54330708661418,"4. >65 inches"
"KOGAN","KAQL75Q97TE","Australia,Fiji,New Zealand","LCD (LED)","0.3","2031-01-15","Available",,"ATV7118",175829,189.34,15318.517823999999,179.1,685,4.5,4.501055580231206,74.54330708661418,"4. >65 inches"
"KOGAN","KAQL75Q97T*","Australia,Fiji,New Zealand","LCD (LED)","0.3","2031-01-15","Available",,"ATV7118",175829,189.34,15318.517823999999,179.1,685,4.5,4.501055580231206,74.54330708661418,"4. >65 inches"
"KOGAN","KAQL85MQXTB","Australia,Fiji,New Zealand","LCD (LED)","0.603","2031-01-13","Available",,"ATV7095",175830,214.783,19712.16,255.138,1080,3.5,3.546887682925626,84.56023622047243,"4. >65 inches"
"KOGAN","KAQL85MQXTC","Australia,Fiji,New Zealand","LCD (LED)","0.603","2031-01-13","Available",,"ATV7095",175830,214.783,19712.16,255.138,1080,3.5,3.546887682925626,84.56023622047243,"4. >65 inches"
"KOGAN","KAQL85MQXTD","Australia,Fiji,New Zealand","LCD (LED)","0.603","2031-01-13","Available",,"ATV7095",175830,214.783,19712.16,255.138,1080,3.5,3.546887682925626,84.56023622047243,"4. >65 inches"
"KOGAN","KAQL85MQXT*","Australia,Fiji,New Zealand","LCD (LED)","0.603","2031-01-13","Available",,"ATV7095",175830,214.783,19712.16,255.138,1080,3.5,3.546887682925626,84.56023622047243,"4. >65 inches"
"KOGAN","KAQL75MQXTB","Australia,Fiji,New Zealand","LCD (LED)","0.536","2031-01-13","Available",,"ATV7096",175832,189.34,15318.517823999999,214.632,850,3.5,3.5338866436830774,74.54330708661418,"4. >65 inches"
"KOGAN","KAQL75MQXTC","Australia,Fiji,New Zealand","LCD (LED)","0.536","2031-01-13","Available",,"ATV7096",175832,189.34,15318.517823999999,214.632,850,3.5,3.5338866436830774,74.54330708661418,"4. >65 inches"
"KOGAN","KAQL75MQXTD","Australia,Fiji,New Zealand","LCD (LED)","0.536","2031-01-13","Available",,"ATV7096",175832,189.34,15318.517823999999,214.632,850,3.5,3.5338866436830774,74.54330708661418,"4. >65 inches"
"KOGAN","KAQL75MQXT*","Australia,Fiji,New Zealand","LCD (LED)","0.536","2031-01-13","Available",,"ATV7096",175832,189.34,15318.517823999999,214.632,850,3.5,3.5338866436830774,74.54330708661418,"4. >65 inches"
"KOGAN","KAQL65MQXTB","Australia,Fiji,New Zealand","LCD (LED)","0.589","2031-01-15","Available",,"ATV7119",175833,163.896,11478.122496000002,197.274,810,2.5,2.5215522664520984,64.5259842519685,"3. 56–65 inches"
"KOGAN","KAQL65MQXTC","Australia,Fiji,New Zealand","LCD (LED)","0.589","2031-01-15","Available",,"ATV7119",175833,163.896,11478.122496000002,197.274,810,2.5,2.5215522664520984,64.5259842519685,"3. 56–65 inches"
"KOGAN","KAQL65MQXTD","Australia,Fiji,New Zealand","LCD (LED)","0.589","2031-01-15","Available",,"ATV7119",175833,163.896,11478.122496000002,197.274,810,2.5,2.5215522664520984,64.5259842519685,"3. 56–65 inches"
"KOGAN","KAQL65MQXT*","Australia,Fiji,New Zealand","LCD (LED)","0.589","2031-01-15","Available",,"ATV7119",175833,163.896,11478.122496000002,197.274,810,2.5,2.5215522664520984,64.5259842519685,"3. 56–65 inches"
"KOGAN","KAQL65MQ9ZTA","Australia,Fiji,New Zealand","LCD (LED)","0.4","2031-01-15","Available",,"ATV7120",175845,163.896,11478.122496000002,147.3,579,4,4.026107375108334,64.5259842519685,"3. 56–65 inches"
"KOGAN","KAQL65MQ9ZTB","Australia,Fiji,New Zealand","LCD (LED)","0.4","2031-01-15","Available",,"ATV7120",175845,163.896,11478.122496000002,147.3,579,4,4.026107375108334,64.5259842519685,"3. 56–65 inches"
"KOGAN","KAQL65MQ9ZTC","Australia,Fiji,New Zealand","LCD (LED)","0.4","2031-01-15","Available",,"ATV7120",175845,163.896,11478.122496000002,147.3,579,4,4.026107375108334,64.5259842519685,"3. 56–65 inches"
"KOGAN","KAQL65MQ9ZTD","Australia,Fiji,New Zealand","LCD (LED)","0.4","2031-01-15","Available",,"ATV7120",175845,163.896,11478.122496000002,147.3,579,4,4.026107375108334,64.5259842519685,"3. 56–65 inches"
"KOGAN","KAQL65MQ9ZTE","Australia,Fiji,New Zealand","LCD (LED)","0.4","2031-01-15","Available",,"ATV7120",175845,163.896,11478.122496000002,147.3,579,4,4.026107375108334,64.5259842519685,"3. 56–65 inches"
"KOGAN","KAQL65MQ9ZT*","Australia,Fiji,New Zealand","LCD (LED)","0.4","2031-01-15","Available",,"ATV7120",175845,163.896,11478.122496000002,147.3,579,4,4.026107375108334,64.5259842519685,"3. 56–65 inches"
"KOGAN","KAQL75MQ9ZTA","Australia,Fiji,New Zealand","LCD (LED)","0.42","2031-01-15","Available",,"ATV7123",175846,189.34,15318.517823999999,223.7,853,3.5,3.5180977132543605,74.54330708661418,"4. >65 inches"
"KOGAN","KAQL75MQ9ZTB","Australia,Fiji,New Zealand","LCD (LED)","0.42","2031-01-15","Available",,"ATV7123",175846,189.34,15318.517823999999,223.7,853,3.5,3.5180977132543605,74.54330708661418,"4. >65 inches"
"KOGAN","KAQL75MQ9ZTC","Australia,Fiji,New Zealand","LCD (LED)","0.42","2031-01-15","Available",,"ATV7123",175846,189.34,15318.517823999999,223.7,853,3.5,3.5180977132543605,74.54330708661418,"4. >65 inches"
"KOGAN","KAQL75MQ9ZTD","Australia,Fiji,New Zealand","LCD (LED)","0.42","2031-01-15","Available",,"ATV7123",175846,189.34,15318.517823999999,223.7,853,3.5,3.5180977132543605,74.54330708661418,"4. >65 inches"
"KOGAN","KAQL75MQ9ZTE","Australia,Fiji,New Zealand","LCD (LED)","0.42","2031-01-15","Available",,"ATV7123",175846,189.34,15318.517823999999,223.7,853,3.5,3.5180977132543605,74.54330708661418,"4. >65 inches"
"KOGAN","KAQL75MQ9ZT*","Australia,Fiji,New Zealand","LCD (LED)","0.42","2031-01-15","Available",,"ATV7123",175846,189.34,15318.517823999999,223.7,853,3.5,3.5180977132543605,74.54330708661418,"4. >65 inches"
"KOGAN","KAQL100MQ9ZTA","Australia,Fiji,New Zealand","LCD (LED)","0.38","2031-01-14","Available",,"ATV7110",175847,252.784,27304.2576,219.1,955,5.5,5.515246011667352,99.52125984251968,"4. >65 inches"
"KOGAN","KAQL100MQ9ZTB","Australia,Fiji,New Zealand","LCD (LED)","0.38","2031-01-14","Available",,"ATV7110",175847,252.784,27304.2576,219.1,955,5.5,5.515246011667352,99.52125984251968,"4. >65 inches"
"KOGAN","KAQL100MQ9ZTC","Australia,Fiji,New Zealand","LCD (LED)","0.38","2031-01-14","Available",,"ATV7110",175847,252.784,27304.2576,219.1,955,5.5,5.515246011667352,99.52125984251968,"4. >65 inches"
"KOGAN","KAQL100MQ9ZTD","Australia,Fiji,New Zealand","LCD (LED)","0.38","2031-01-14","Available",,"ATV7110",175847,252.784,27304.2576,219.1,955,5.5,5.515246011667352,99.52125984251968,"4. >65 inches"
"KOGAN","KAQL100MQ9ZTE","Australia,Fiji,New Zealand","LCD (LED)","0.38","2031-01-14","Available",,"ATV7110",175847,252.784,27304.2576,219.1,955,5.5,5.515246011667352,99.52125984251968,"4. >65 inches"
"KOGAN","KAQL100MQ9ZT*","Australia,Fiji,New Zealand","LCD (LED)","0.38","2031-01-14","Available",,"ATV7110",175847,252.784,27304.2576,219.1,955,5.5,5.515246011667352,99.52125984251968,"4. >65 inches"
"TELEFUNKEN","TL430TQZ","Australia,Fiji,New Zealand","LCD (LED)","-","2031-01-08","Available","https://www.ayonz.com/","ATV7078",175849,107.953,4979.729715840001,58.3,215,5,5.047679210920771,42.5011811023622,"1. ≤43 inches"
"TELEFUNKEN","TL430TQZ1","Australia,Fiji,New Zealand","LCD (LED)","-","2031-01-08","Available","https://www.ayonz.com/","ATV7078",175849,107.953,4979.729715840001,58.3,215,5,5.047679210920771,42.5011811023622,"1. ≤43 inches"
"TELEFUNKEN","TL430TQZ2","Australia,Fiji,New Zealand","LCD (LED)","-","2031-01-08","Available","https://www.ayonz.com/","ATV7078",175849,107.953,4979.729715840001,58.3,215,5,5.047679210920771,42.5011811023622,"1. ≤43 inches"
"TELEFUNKEN","TL430TQZ3","Australia,Fiji,New Zealand","LCD (LED)","-","2031-01-08","Available","https://www.ayonz.com/","ATV7078",175849,107.953,4979.729715840001,58.3,215,5,5.047679210920771,42.5011811023622,"1. ≤43 inches"
"QBELL","QTF50T","Australia,Fiji,New Zealand","LCD (LED)","-","2031-01-08","Available","https://www.ayonz.com/","ATV7077",175866,125.731,6754.867344,55.52,228,6,6.003308177326366,49.5003937007874,"2. 44–55 inches"
"SAMSUNG","UA65U8000HW","Australia,Fiji,New Zealand","LCD (LED)","0.5","2031-01-11","Available",,"ATV7084",175869,163.897,11477.9975,112,412,5.5,5.5509951097435115,64.52637795275591,"3. 56–65 inches"
"SAMSUNG","UA65U8000HS","Australia,Fiji,New Zealand","LCD (LED)","0.5","2031-01-11","Available",,"ATV7084",175869,163.897,11477.9975,112,412,5.5,5.5509951097435115,64.52637795275591,"3. 56–65 inches"
"SAMSUNG","UA65U8500HW","Australia,Fiji,New Zealand","LCD (LED)","0.5","2031-01-11","Available",,"ATV7084",175869,163.897,11477.9975,112,412,5.5,5.5509951097435115,64.52637795275591,"3. 56–65 inches"
"SAMSUNG","UA65U8500HS","Australia,Fiji,New Zealand","LCD (LED)","0.5","2031-01-11","Available",,"ATV7084",175869,163.897,11477.9975,112,412,5.5,5.5509951097435115,64.52637795275591,"3. 56–65 inches"
"SAMSUNG","UA65U8*00H*","Australia,Fiji,New Zealand","LCD (LED)","0.5","2031-01-11","Available",,"ATV7084",175869,163.897,11477.9975,112,412,5.5,5.5509951097435115,64.52637795275591,"3. 56–65 inches"
"SAMSUNG","UA55U8000HW","Australia,Fiji,New Zealand","LCD (LED)","0.5","2031-01-07","Available",,"ATV7065",175870,138.783,8230.118400000001,79,291,5.5,5.719086403196216,54.63897637795275,"2. 44–55 inches"
"SAMSUNG","UA55U8000HS","Australia,Fiji,New Zealand","LCD (LED)","0.5","2031-01-07","Available",,"ATV7065",175870,138.783,8230.118400000001,79,291,5.5,5.719086403196216,54.63897637795275,"2. 44–55 inches"
"SAMSUNG","UA55U8500HW","Australia,Fiji,New Zealand","LCD (LED)","0.5","2031-01-07","Available",,"ATV7065",175870,138.783,8230.118400000001,79,291,5.5,5.719086403196216,54.63897637795275,"2. 44–55 inches"
"SAMSUNG","UA55U8500HS","Australia,Fiji,New Zealand","LCD (LED)","0.5","2031-01-07","Available",,"ATV7065",175870,138.783,8230.118400000001,79,291,5.5,5.719086403196216,54.63897637795275,"2. 44–55 inches"
"SAMSUNG","UA55U8*00H*","Australia,Fiji,New Zealand","LCD (LED)","0.5","2031-01-07","Available",,"ATV7065",175870,138.783,8230.118400000001,79,291,5.5,5.719086403196216,54.63897637795275,"2. 44–55 inches"
"SAMSUNG","UA85U8000HW","Australia,Fiji,New Zealand","LCD (LED)","0.5","2031-01-07","Available",,"ATV7066",175871,214.783,19712.16,142,521,6,6.813691827932876,84.56023622047243,"4. >65 inches"
"SAMSUNG","UA85U8000HS","Australia,Fiji,New Zealand","LCD (LED)","0.5","2031-01-07","Available",,"ATV7066",175871,214.783,19712.16,142,521,6,6.813691827932876,84.56023622047243,"4. >65 inches"
"SAMSUNG","UA85U8500HW","Australia,Fiji,New Zealand","LCD (LED)","0.5","2031-01-07","Available",,"ATV7066",175871,214.783,19712.16,142,521,6,6.813691827932876,84.56023622047243,"4. >65 inches"
"SAMSUNG","UA85U8500HS","Australia,Fiji,New Zealand","LCD (LED)","0.5","2031-01-07","Available",,"ATV7066",175871,214.783,19712.16,142,521,6,6.813691827932876,84.56023622047243,"4. >65 inches"
"SAMSUNG","UA85U8*00H*","Australia,Fiji,New Zealand","LCD (LED)","0.5","2031-01-07","Available",,"ATV7066",175871,214.783,19712.16,142,521,6,6.813691827932876,84.56023622047243,"4. >65 inches"
"SAMSUNG","UA75U8000HW","Australia,Fiji,New Zealand","LCD (LED)","0.5","2031-01-07","Available",,"ATV7067",175872,189.338,15318.8066,133,489,6,6.0116274695537575,74.54251968503937,"4. >65 inches"
"SAMSUNG","UA75U8000HS","Australia,Fiji,New Zealand","LCD (LED)","0.5","2031-01-07","Available",,"ATV7067",175872,189.338,15318.8066,133,489,6,6.0116274695537575,74.54251968503937,"4. >65 inches"
"SAMSUNG","UA75U8500HW","Australia,Fiji,New Zealand","LCD (LED)","0.5","2031-01-07","Available",,"ATV7067",175872,189.338,15318.8066,133,489,6,6.0116274695537575,74.54251968503937,"4. >65 inches"
"SAMSUNG","UA75U8500HS","Australia,Fiji,New Zealand","LCD (LED)","0.5","2031-01-07","Available",,"ATV7067",175872,189.338,15318.8066,133,489,6,6.0116274695537575,74.54251968503937,"4. >65 inches"
"SAMSUNG","UA75U8*00H*","Australia,Fiji,New Zealand","LCD (LED)","0.5","2031-01-07","Available",,"ATV7067",175872,189.338,15318.8066,133,489,6,6.0116274695537575,74.54251968503937,"4. >65 inches"
"KOGAN","KAL50U96VA","Australia,Fiji,New Zealand","LCD (LED)","0.45","2031-01-13","Available",,"ATV7105",175887,125.725,6751.36,60.48,247,5.5,5.642494366309377,49.49803149606299,"2. 44–55 inches"
"KOGAN","KAL50U96VB","Australia,Fiji,New Zealand","LCD (LED)","0.45","2031-01-13","Available",,"ATV7105",175887,125.725,6751.36,60.48,247,5.5,5.642494366309377,49.49803149606299,"2. 44–55 inches"
"KOGAN","KAL50U96VC","Australia,Fiji,New Zealand","LCD (LED)","0.45","2031-01-13","Available",,"ATV7105",175887,125.725,6751.36,60.48,247,5.5,5.642494366309377,49.49803149606299,"2. 44–55 inches"
"KOGAN","KAL50U96VA, KAL50U96V,KAL50U96VC","Australia,Fiji,New Zealand","LCD (LED)","0.45","2031-01-13","Available",,"ATV7105",175887,125.725,6751.36,60.48,247,5.5,5.642494366309377,49.49803149606299,"2. 44–55 inches"
"KOGAN","KAL55U96VA","Australia,Fiji,New Zealand","LCD (LED)","0.45","2031-01-13","Available",,"ATV7097",175888,140.494,8485.949999999999,58.7,335,5,5.214645309859157,55.312598425196846,"3. 56–65 inches"
"KOGAN","KAL55U96VB","Australia,Fiji,New Zealand","LCD (LED)","0.45","2031-01-13","Available",,"ATV7097",175888,140.494,8485.949999999999,58.7,335,5,5.214645309859157,55.312598425196846,"3. 56–65 inches"
"KOGAN","KAL55U96VC","Australia,Fiji,New Zealand","LCD (LED)","0.45","2031-01-13","Available",,"ATV7097",175888,140.494,8485.949999999999,58.7,335,5,5.214645309859157,55.312598425196846,"3. 56–65 inches"
"KOGAN","KAL55U96VA,KAL55U96VB,KAL55U96VC","Australia,Fiji,New Zealand","LCD (LED)","0.45","2031-01-13","Available",,"ATV7097",175888,140.494,8485.949999999999,58.7,335,5,5.214645309859157,55.312598425196846,"3. 56–65 inches"
"SAMSUNG","QA85QN80HAW","Australia,Fiji,New Zealand","LCD (LED)","0.5","2031-01-07","Available",,"ATV7068",175903,214.783,19712.16,223,817,4.5,4.79754997459675,84.56023622047243,"4. >65 inches"
"SAMSUNG","QA85QN80HAS","Australia,Fiji,New Zealand","LCD (LED)","0.5","2031-01-07","Available",,"ATV7068",175903,214.783,19712.16,223,817,4.5,4.79754997459675,84.56023622047243,"4. >65 inches"
"SAMSUNG","QA85QN80HA*","Australia,Fiji,New Zealand","LCD (LED)","0.5","2031-01-07","Available",,"ATV7068",175903,214.783,19712.16,223,817,4.5,4.79754997459675,84.56023622047243,"4. >65 inches"
"SAMSUNG","QA65S85HAE","Australia,Fiji,New Zealand","LCD (LED)","0.5","2031-01-07","Available",,"ATV7069",175915,163.897,11477.9975,128,470,4.5,4.960750199779175,64.52637795275591,"3. 56–65 inches"
"SAMSUNG","QA55S85HAE","Australia,Fiji,New Zealand","LCD (LED)","0.5","2031-01-07","Available",,"ATV7070",175919,138.783,8230.118400000001,100,368,4.5,4.667029690757898,54.63897637795275,"2. 44–55 inches"
"SAMSUNG","QA75QN80HAW","Australia,Fiji,New Zealand","LCD (LED)","0.5","2031-01-07","Available",,"ATV7071",175922,189.338,15318.8066,189,693,4,4.4491018771198965,74.54251968503937,"4. >65 inches"
"SAMSUNG","QA75QN80HAS","Australia,Fiji,New Zealand","LCD (LED)","0.5","2031-01-07","Available",,"ATV7071",175922,189.338,15318.8066,189,693,4,4.4491018771198965,74.54251968503937,"4. >65 inches"
"SAMSUNG","QA75QN80HA*","Australia,Fiji,New Zealand","LCD (LED)","0.5","2031-01-07","Available",,"ATV7071",175922,189.338,15318.8066,189,693,4,4.4491018771198965,74.54251968503937,"4. >65 inches"
"SAMSUNG","QA55S90HAW","Australia,Fiji,New Zealand","LCD (LED)","0.5","2031-01-07","Available",,"ATV7072",175926,138.783,8230.118400000001,108,397,4,4.327098995599919,54.63897637795275,"2. 44–55 inches"
"SAMSUNG","QA55S90HAS","Australia,Fiji,New Zealand","LCD (LED)","0.5","2031-01-07","Available",,"ATV7072",175926,138.783,8230.118400000001,108,397,4,4.327098995599919,54.63897637795275,"2. 44–55 inches"
"SAMSUNG","QA55S90HA*","Australia,Fiji,New Zealand","LCD (LED)","0.5","2031-01-07","Available",,"ATV7072",175926,138.783,8230.118400000001,108,397,4,4.327098995599919,54.63897637795275,"2. 44–55 inches"
"SAMSUNG","UA55M80HAW","Australia,Fiji,New Zealand","LCD (LED)","0.5","2031-01-07","Available",,"ATV7073",175927,138.783,8230.118400000001,75,277,5.5,5.940046232390322,54.63897637795275,"2. 44–55 inches"
"SAMSUNG","UA55M80HAS","Australia,Fiji,New Zealand","LCD (LED)","0.5","2031-01-07","Available",,"ATV7073",175927,138.783,8230.118400000001,75,277,5.5,5.940046232390322,54.63897637795275,"2. 44–55 inches"
"SAMSUNG","UA55M80HA*","Australia,Fiji,New Zealand","LCD (LED)","0.5","2031-01-07","Available",,"ATV7073",175927,138.783,8230.118400000001,75,277,5.5,5.940046232390322,54.63897637795275,"2. 44–55 inches"
"LG","86QNED86BSA","Australia,New Zealand","LCD (LED)","0.4","2031-01-26","Available",,"ATV7161",175932,217.443,20202.832,137,503,7,7.077707312225719,85.60748031496064,"4. >65 inches"
"LG","86QNED87B6A","Australia,New Zealand","LCD (LED)","0.4","2031-01-26","Available",,"ATV7162",175933,217.443,20202.832,137,503,7,7.077707312225719,85.60748031496064,"4. >65 inches"
"BELGIQUE","CCA-BFHD24TV","Australia,New Zealand","LCD","0.28","2031-01-18","Available",,"ATV7134",175938,60.22,1548.75,17.88,67,6,6.120990724239581,23.708661417322833,"1. ≤43 inches"
"BELGIQUE","VK-2401D","Australia,New Zealand","LCD","0.28","2031-01-18","Available",,"ATV7134",175938,60.22,1548.75,17.88,67,6,6.120990724239581,23.708661417322833,"1. ≤43 inches"
"BELGIQUE","CCA-BFHD32TV","Australia,New Zealand","LCD","0.32","2031-01-18","Available",,"ATV7124",175939,80.376,2765,35.42,131,5,5.053441577037442,31.644094488188976,"1. ≤43 inches"
"BELGIQUE","VK-3201D","Australia,New Zealand","LCD","0.32","2031-01-18","Available",,"ATV7124",175939,80.376,2765,35.42,131,5,5.053441577037442,31.644094488188976,"1. ≤43 inches"
"BELGIQUE","CCA-BFHD40TV","Australia,New Zealand","LCD","0.5","2031-01-18","Available",,"ATV7133",175940,100.286,4287.5,69.27,256,3.5,3.683084849202257,39.48267716535433,"1. ≤43 inches"
"BELGIQUE","VK-4001D","Australia,New Zealand","LCD","0.5","2031-01-18","Available",,"ATV7133",175940,100.286,4287.5,69.27,256,3.5,3.683084849202257,39.48267716535433,"1. ≤43 inches"
"SAMSUNG","UA58U8000HS","Australia,Fiji,New Zealand","LCD (LED)","0.5","2031-01-07","Available",,"ATV7074",175948,146.068,9162.501400000001,96,353,5,5.298558833368372,57.50708661417323,"3. 56–65 inches"
"SAMSUNG","UA70U8000HS","Australia,Fiji,New Zealand","LCD (LED)","0.5","2031-01-07","Available",,"ATV7075",175949,176.537,13380.8032,128,470,5.5,5.611353767140227,69.50275590551182,"4. >65 inches"
"KOGAN","KAQL55MQ9ZTA","Australia,Fiji,New Zealand","LCD (LED)","0.4","2031-01-14","Available",,"ATV7111",175977,138.783,8230.118400000001,97.4,426,4,4.0111451391386845,54.63897637795275,"2. 44–55 inches"
"KOGAN","KAQL55MQ9ZTB","Australia,Fiji,New Zealand","LCD (LED)","0.4","2031-01-14","Available",,"ATV7111",175977,138.783,8230.118400000001,97.4,426,4,4.0111451391386845,54.63897637795275,"2. 44–55 inches"
"KOGAN","KAQL55MQ9ZTC","Australia,Fiji,New Zealand","LCD (LED)","0.4","2031-01-14","Available",,"ATV7111",175977,138.783,8230.118400000001,97.4,426,4,4.0111451391386845,54.63897637795275,"2. 44–55 inches"
"KOGAN","KAQL55MQ9ZTD","Australia,Fiji,New Zealand","LCD (LED)","0.4","2031-01-14","Available",,"ATV7111",175977,138.783,8230.118400000001,97.4,426,4,4.0111451391386845,54.63897637795275,"2. 44–55 inches"
"KOGAN","KAQL55MQ9ZTE","Australia,Fiji,New Zealand","LCD (LED)","0.4","2031-01-14","Available",,"ATV7111",175977,138.783,8230.118400000001,97.4,426,4,4.0111451391386845,54.63897637795275,"2. 44–55 inches"
"KOGAN","KAQL55MQ9ZT*","Australia,Fiji,New Zealand","LCD (LED)","0.4","2031-01-14","Available",,"ATV7111",175977,138.783,8230.118400000001,97.4,426,4,4.0111451391386845,54.63897637795275,"2. 44–55 inches"
"TELEFUNKEN","TL320TQ1","Australia,Fiji,New Zealand","LCD (LED)","-","2031-01-08","Available","https://www.ayonz.com/","ATV7076",176010,80.039,2736.7112736,35.1,131,5,5.016707910976807,31.511417322834646,"1. ≤43 inches"
"TELEFUNKEN","TL320QT","Australia,Fiji,New Zealand","LCD (LED)","-","2031-01-08","Available","https://www.ayonz.com/","ATV7076",176010,80.039,2736.7112736,35.1,131,5,5.016707910976807,31.511417322834646,"1. ≤43 inches"
"TELEFUNKEN","TL320QT2","Australia,Fiji,New Zealand","LCD (LED)","-","2031-01-08","Available","https://www.ayonz.com/","ATV7076",176010,80.039,2736.7112736,35.1,131,5,5.016707910976807,31.511417322834646,"1. ≤43 inches"
"TELEFUNKEN","TL320QT3","Australia,Fiji,New Zealand","LCD (LED)","-","2031-01-08","Available","https://www.ayonz.com/","ATV7076",176010,80.039,2736.7112736,35.1,131,5,5.016707910976807,31.511417322834646,"1. ≤43 inches"
"SAMSUNG","QA55QN80HAW","Australia,Fiji,New Zealand","LCD (LED)","0.5","2031-01-14","Available",,"ATV7109",176014,138.783,8230.118400000001,102,375,4.5,4.582585898004297,54.63897637795275,"2. 44–55 inches"
"SAMSUNG","QA55QN80HAS","Australia,Fiji,New Zealand","LCD (LED)","0.5","2031-01-14","Available",,"ATV7109",176014,138.783,8230.118400000001,102,375,4.5,4.582585898004297,54.63897637795275,"2. 44–55 inches"
"SAMSUNG","QA55QN80HA*","Australia,Fiji,New Zealand","LCD (LED)","0.5","2031-01-14","Available",,"ATV7109",176014,138.783,8230.118400000001,102,375,4.5,4.582585898004297,54.63897637795275,"2. 44–55 inches"
"SAMSUNG","QA65QN80HAW","Australia,Fiji,New Zealand","LCD (LED)","0.5","2031-01-14","Available",,"ATV7112",176015,163.897,11477.9975,153,562,4,4.159610511283939,64.52637795275591,"3. 56–65 inches"
"SAMSUNG","QA65QN80HAS","Australia,Fiji,New Zealand","LCD (LED)","0.5","2031-01-14","Available",,"ATV7112",176015,163.897,11477.9975,153,562,4,4.159610511283939,64.52637795275591,"3. 56–65 inches"
"SAMSUNG","QA65QN80HA*","Australia,Fiji,New Zealand","LCD (LED)","0.5","2031-01-14","Available",,"ATV7112",176015,163.897,11477.9975,153,562,4,4.159610511283939,64.52637795275591,"3. 56–65 inches"
"SAMSUNG","MRA75R95HAW","Australia,Fiji,New Zealand","LCD (LED)","0.5","2031-01-14","Available",,"ATV7108",176016,189.338,15318.8066,203,744,4,4.130871593408056,74.54251968503937,"4. >65 inches"
"SAMSUNG","MRA75R95HAS","Australia,Fiji,New Zealand","LCD (LED)","0.5","2031-01-14","Available",,"ATV7108",176016,189.338,15318.8066,203,744,4,4.130871593408056,74.54251968503937,"4. >65 inches"
"SAMSUNG","MRA75R95HA*","Australia,Fiji,New Zealand","LCD (LED)","0.5","2031-01-14","Available",,"ATV7108",176016,189.338,15318.8066,203,744,4,4.130871593408056,74.54251968503937,"4. >65 inches"
"SAMSUNG","MRA85R95HAW","Australia,Fiji,New Zealand","LCD (LED)","0.5","2031-01-14","Available",,"ATV7107",176018,214.783,19712.16,260,952,4,4.112224590866406,84.56023622047243,"4. >65 inches"
"SAMSUNG","MRA85R95HAS","Australia,Fiji,New Zealand","LCD (LED)","0.5","2031-01-14","Available",,"ATV7107",176018,214.783,19712.16,260,952,4,4.112224590866406,84.56023622047243,"4. >65 inches"
"SAMSUNG","MRA85R95HA*","Australia,Fiji,New Zealand","LCD (LED)","0.5","2031-01-14","Available",,"ATV7107",176018,214.783,19712.16,260,952,4,4.112224590866406,84.56023622047243,"4. >65 inches"
"SAMSUNG","MRA65R95HAW","Australia,Fiji,New Zealand","LCD (LED)","0.5","2031-01-14","Available",,"ATV7113",176019,163.897,11477.9975,153,562,4,4.159610511283939,64.52637795275591,"3. 56–65 inches"
"SAMSUNG","MRA65R95HAS","Australia,Fiji,New Zealand","LCD (LED)","0.5","2031-01-14","Available",,"ATV7113",176019,163.897,11477.9975,153,562,4,4.159610511283939,64.52637795275591,"3. 56–65 inches"
"SAMSUNG","MRA65R95HA*","Australia,Fiji,New Zealand","LCD (LED)","0.5","2031-01-14","Available",,"ATV7113",176019,163.897,11477.9975,153,562,4,4.159610511283939,64.52637795275591,"3. 56–65 inches"
"SAMSUNG","QA83S90HAE","Australia,Fiji,New Zealand","LCD (LED)","0.5","2031-01-14","Available",,"ATV7106",176020,209.585,18769.3425,215,788,4.5,4.747591166831684,82.51377952755905,"4. >65 inches"
"SAMSUNG","QA77S90HAW","Australia,Fiji,New Zealand","LCD (LED)","0.5","2031-01-14","Available",,"ATV7114",176051,195.177,16277.825900000002,173,635,5,5.101366108648241,76.84133858267717,"4. >65 inches"
"SAMSUNG","QA77S90HAS","Australia,Fiji,New Zealand","LCD (LED)","0.5","2031-01-14","Available",,"ATV7114",176051,195.177,16277.825900000002,173,635,5,5.101366108648241,76.84133858267717,"4. >65 inches"
"SAMSUNG","QA77S90HA*","Australia,Fiji,New Zealand","LCD (LED)","0.5","2031-01-14","Available",,"ATV7114",176051,195.177,16277.825900000002,173,635,5,5.101366108648241,76.84133858267717,"4. >65 inches"
"LG","OLED55G66LW","Australia,New Zealand","OLED","0.4","2031-02-04","Available",,"ATV7227",176052,138.783,8230.118400000001,92,338,5,5.048116404602346,54.63897637795275,"2. 44–55 inches"
"LG","OLED65G66LW","Australia,New Zealand","OLED","0.4","2031-02-04","Available",,"ATV7232",176053,163.897,11477.9975,112,411,5.5,5.561885564963837,64.52637795275591,"3. 56–65 inches"
"LG","OLED77G66LW","Australia,New Zealand","OLED","0.4","2031-02-04","Available",,"ATV7226",176054,194.738,16204.123099999999,140,514,6,6.029249722018172,76.66850393700787,"4. >65 inches"
"LG","OLED83G66LW","Australia,New Zealand","OLED","0.4","2031-02-10","Available",,"ATV7246",176055,209.585,18769.3425,155,568,6,6.2147035669375095,82.51377952755905,"4. >65 inches"
"SAMSUNG","QA65S90HAW","Australia,Fiji,New Zealand","LCD (LED)","0.5","2031-01-14","Available",,"ATV7115",176057,163.897,11477.9975,138,507,4.5,4.6211557618454755,64.52637795275591,"3. 56–65 inches"
"SAMSUNG","QA65S90HAS","Australia,Fiji,New Zealand","LCD (LED)","0.5","2031-01-14","Available",,"ATV7115",176057,163.897,11477.9975,138,507,4.5,4.6211557618454755,64.52637795275591,"3. 56–65 inches"
"SAMSUNG","QA65S90HA*","Australia,Fiji,New Zealand","LCD (LED)","0.5","2031-01-14","Available",,"ATV7115",176057,163.897,11477.9975,138,507,4.5,4.6211557618454755,64.52637795275591,"3. 56–65 inches"
"SAMSUNG","QA50QN70HAW","Australia,Fiji,New Zealand","LCD (LED)","0.5","2031-01-14","Available",,"ATV7117",176058,125.727,6754.5112,83,306,4.5,4.6844833952553016,49.4988188976378,"2. 44–55 inches"
"SAMSUNG","QA50QN70HAS","Australia,Fiji,New Zealand","LCD (LED)","0.5","2031-01-14","Available",,"ATV7117",176058,125.727,6754.5112,83,306,4.5,4.6844833952553016,49.4988188976378,"2. 44–55 inches"
"SAMSUNG","QA50QN70HA*","Australia,Fiji,New Zealand","LCD (LED)","0.5","2031-01-14","Available",,"ATV7117",176058,125.727,6754.5112,83,306,4.5,4.6844833952553016,49.4988188976378,"2. 44–55 inches"
"SAMSUNG","QA65QN70HAW","Australia,Fiji,New Zealand","LCD (LED)","0.5","2031-01-14","Available",,"ATV7116",176063,163.897,11477.9975,130,478,4.5,4.885112621691222,64.52637795275591,"3. 56–65 inches"
"SAMSUNG","QA65QN70HAS","Australia,Fiji,New Zealand","LCD (LED)","0.5","2031-01-14","Available",,"ATV7116",176063,163.897,11477.9975,130,478,4.5,4.885112621691222,64.52637795275591,"3. 56–65 inches"
"SAMSUNG","QA65QN70HA*","Australia,Fiji,New Zealand","LCD (LED)","0.5","2031-01-14","Available",,"ATV7116",176063,163.897,11477.9975,130,478,4.5,4.885112621691222,64.52637795275591,"3. 56–65 inches"
"BELGIQUE","CCA-BFHD**TV","Australia,New Zealand","LCD","0.28","2031-01-18","Available",,"ATV7134",175938,60.22,1548.75,17.88,67,6,6.120990724239581,23.708661417322833,"1. ≤43 inches"
"CHIQ","U50QM10","Australia,Fiji,New Zealand","LCD (LED)","0.32","2031-01-13","Available",,"ATV7099",176152,125.731,6754.867344,68.2,276,5,5.1471093957013325,49.5003937007874,"2. 44–55 inches"
"LG","55LX7BPSA","Australia,Fiji,New Zealand","LCD (LED)","0.34","2031-01-15","Available",,"ATV7122",176190,138.783,8230.118400000001,76.1,313,5,5.392480848433676,54.63897637795275,"2. 44–55 inches"
"LG","55LX7B6LA","Australia,Fiji,New Zealand","LCD (LED)","0.34","2031-01-15","Available",,"ATV7122",176190,138.783,8230.118400000001,76.1,313,5,5.392480848433676,54.63897637795275,"2. 44–55 inches"
"LG","55LX7BPUA","Australia,Fiji,New Zealand","LCD (LED)","0.34","2031-01-15","Available",,"ATV7122",176190,138.783,8230.118400000001,76.1,313,5,5.392480848433676,54.63897637795275,"2. 44–55 inches"
"LG","55LX7BKNA","Australia,Fiji,New Zealand","LCD (LED)","0.34","2031-01-15","Available",,"ATV7122",176190,138.783,8230.118400000001,76.1,313,5,5.392480848433676,54.63897637795275,"2. 44–55 inches"
"LG","55LX7B###","Australia,Fiji,New Zealand","LCD (LED)","0.34","2031-01-15","Available",,"ATV7122",176190,138.783,8230.118400000001,76.1,313,5,5.392480848433676,54.63897637795275,"2. 44–55 inches"
"SAMSUNG","QA100QN80HW","Australia,Fiji,New Zealand","LCD (LED)","0.5","2031-01-20","Available",,"ATV7146",176204,252.784,27304.2576,278,1018,5,5.228955611369014,99.52125984251968,"4. >65 inches"
"SAMSUNG","QA100QN80HS","Australia,Fiji,New Zealand","LCD (LED)","0.5","2031-01-20","Available",,"ATV7146",176204,252.784,27304.2576,278,1018,5,5.228955611369014,99.52125984251968,"4. >65 inches"
"SAMSUNG","QA100QN80H*","Australia,Fiji,New Zealand","LCD (LED)","0.5","2031-01-20","Available",,"ATV7146",176204,252.784,27304.2576,278,1018,5,5.228955611369014,99.52125984251968,"4. >65 inches"
"SAMSUNG","QA55QN70HAW","Australia,Fiji,New Zealand","LCD (LED)","0.5","2031-01-20","Available",,"ATV7139",176205,138.783,8230.118400000001,105,386,4,4.453022021637958,54.63897637795275,"2. 44–55 inches"
"SAMSUNG","QA55QN70HAS","Australia,Fiji,New Zealand","LCD (LED)","0.5","2031-01-20","Available",,"ATV7139",176205,138.783,8230.118400000001,105,386,4,4.453022021637958,54.63897637795275,"2. 44–55 inches"
"SAMSUNG","QA55QN70HA*","Australia,Fiji,New Zealand","LCD (LED)","0.5","2031-01-20","Available",,"ATV7139",176205,138.783,8230.118400000001,105,386,4,4.453022021637958,54.63897637795275,"2. 44–55 inches"
"SAMSUNG","QA43QN70HAW","Australia,Fiji,New Zealand","LCD (LED)","0.5","2031-01-20","Available",,"ATV7145",176206,108.012,4987.4188,69,255,4,4.289096981706079,42.5244094488189,"1. ≤43 inches"
"SAMSUNG","QA43QN70HAS","Australia,Fiji,New Zealand","LCD (LED)","0.5","2031-01-20","Available",,"ATV7145",176206,108.012,4987.4188,69,255,4,4.289096981706079,42.5244094488189,"1. ≤43 inches"
"SAMSUNG","QA43QN70HA*","Australia,Fiji,New Zealand","LCD (LED)","0.5","2031-01-20","Available",,"ATV7145",176206,108.012,4987.4188,69,255,4,4.289096981706079,42.5244094488189,"1. ≤43 inches"
"SAMSUNG","QA77S95HAE","Australia,Fiji,New Zealand","LCD (LED)","0.5","2031-01-20","Available",,"ATV7140",176207,194.738,16204.123099999999,213,781,4,4.154439171049406,76.66850393700787,"4. >65 inches"
"SAMSUNG","QA75LS03HWW","Australia,Fiji,New Zealand","LCD (LED)","0.5","2031-01-20","Available",,"ATV7144",176208,189.338,15318.8066,187,686,4,4.494598918841359,74.54251968503937,"4. >65 inches"
"SAMSUNG","QA75LS03HWS","Australia,Fiji,New Zealand","LCD (LED)","0.5","2031-01-20","Available",,"ATV7144",176208,189.338,15318.8066,187,686,4,4.494598918841359,74.54251968503937,"4. >65 inches"
"SAMSUNG","QA75LS03HW*","Australia,Fiji,New Zealand","LCD (LED)","0.5","2031-01-20","Available",,"ATV7144",176208,189.338,15318.8066,187,686,4,4.494598918841359,74.54251968503937,"4. >65 inches"
"SAMSUNG","UA85M80HAW","Australia,Fiji,New Zealand","LCD (LED)","0.5","2031-01-20","Available",,"ATV7141",176209,214.783,19712.16,141,518,6,6.839571130560595,84.56023622047243,"4. >65 inches"
"SAMSUNG","UA85M80HAS","Australia,Fiji,New Zealand","LCD (LED)","0.5","2031-01-20","Available",,"ATV7141",176209,214.783,19712.16,141,518,6,6.839571130560595,84.56023622047243,"4. >65 inches"
"SAMSUNG","UA85M80HA*","Australia,Fiji,New Zealand","LCD (LED)","0.5","2031-01-20","Available",,"ATV7141",176209,214.783,19712.16,141,518,6,6.839571130560595,84.56023622047243,"4. >65 inches"
"SAMSUNG","UA75M80HAW","Australia,Fiji,New Zealand","LCD (LED)","0.5","2031-01-20","Available",,"ATV7143",176210,189.338,15318.8066,117,430,6,6.58783628235612,74.54251968503937,"4. >65 inches"
"SAMSUNG","UA75M80HAS","Australia,Fiji,New Zealand","LCD (LED)","0.5","2031-01-20","Available",,"ATV7143",176210,189.338,15318.8066,117,430,6,6.58783628235612,74.54251968503937,"4. >65 inches"
"SAMSUNG","UA75M80HA*","Australia,Fiji,New Zealand","LCD (LED)","0.5","2031-01-20","Available",,"ATV7143",176210,189.338,15318.8066,117,430,6,6.58783628235612,74.54251968503937,"4. >65 inches"
"SAMSUNG","UA65M80HAW","Australia,Fiji,New Zealand","LCD (LED)","0.5","2031-01-20","Available",,"ATV7142",176211,163.897,11477.9975,101,372,6,6.008680283591851,64.52637795275591,"3. 56–65 inches"
"SAMSUNG","UA65M80HAS","Australia,Fiji,New Zealand","LCD (LED)","0.5","2031-01-20","Available",,"ATV7142",176211,163.897,11477.9975,101,372,6,6.008680283591851,64.52637795275591,"3. 56–65 inches"
"SAMSUNG","UA65M80HA*","Australia,Fiji,New Zealand","LCD (LED)","0.5","2031-01-20","Available",,"ATV7142",176211,163.897,11477.9975,101,372,6,6.008680283591851,64.52637795275591,"3. 56–65 inches"
"LG","65LX7BPSA","Australia,Fiji,New Zealand","LCD (LED)","0.33","2031-01-15","Available",,"ATV7121",176217,163.896,11478.122496000002,86.6,368,6,6.057174536739563,64.5259842519685,"3. 56–65 inches"
"LG","65LX7B6LA","Australia,Fiji,New Zealand","LCD (LED)","0.33","2031-01-15","Available",,"ATV7121",176217,163.896,11478.122496000002,86.6,368,6,6.057174536739563,64.5259842519685,"3. 56–65 inches"
"LG","65LX7BPUA","Australia,Fiji,New Zealand","LCD (LED)","0.33","2031-01-15","Available",,"ATV7121",176217,163.896,11478.122496000002,86.6,368,6,6.057174536739563,64.5259842519685,"3. 56–65 inches"
"LG","65LX7BKNA","Australia,Fiji,New Zealand","LCD (LED)","0.33","2031-01-15","Available",,"ATV7121",176217,163.896,11478.122496000002,86.6,368,6,6.057174536739563,64.5259842519685,"3. 56–65 inches"
"LG","65LX7B###","Australia,Fiji,New Zealand","LCD (LED)","0.33","2031-01-15","Available",,"ATV7121",176217,163.896,11478.122496000002,86.6,368,6,6.057174536739563,64.5259842519685,"3. 56–65 inches"
"SONY","K-50XR30M2","Australia,New Zealand","LCD (LED)","0.5","2031-01-18","Available","https://www.sony.com.au/","ATV7132",176236,125.566,6737.1264,85.5,318,4.5,4.501636875483734,49.43543307086614,"2. 44–55 inches"
"LG","75NU805BPSB","Australia,Fiji,New Zealand","LCD","-","2031-02-25","Available",,"ATV7285",176248,189.275,15307.5663,118,433,6,6.5535334962668585,74.51771653543307,"4. >65 inches"
"LG","55NU805BPSB","Australia,Fiji,New Zealand","LCD","-","2031-02-25","Available",,"ATV7288",176249,138.783,8230.118400000001,85,312,5,5.406821405047677,54.63897637795275,"2. 44–55 inches"
"LG","85NU805BPSB","Australia,Fiji,New Zealand","LCD","-","2031-02-25","Available",,"ATV7286",176250,214.783,19712.16,160,586,6,6.286812394800189,84.56023622047243,"4. >65 inches"
"LG","65NU805BPSB","Australia,Fiji,New Zealand","LCD","-","2031-02-25","Available",,"ATV7287",176252,163.897,11477.9975,92,338,6,6.438215254356763,64.52637795275591,"3. 56–65 inches"
"LG","98NU855BPSB","Australia,Fiji,New Zealand","LCD","-","2031-02-25","Available",,"ATV7289",176253,247.693,26216.4672,340,1243,4,4.156526126652442,97.51692913385827,"4. >65 inches"
"BELGIQUE","CCA-BFHD**TV","Australia,New Zealand","LCD","0.32","2031-01-18","Available",,"ATV7124",175939,80.376,2765,35.42,131,5,5.053441577037442,31.644094488188976,"1. ≤43 inches"
"BELGIQUE","CCA-BFHD**TV","Australia,New Zealand","LCD","0.5","2031-01-18","Available",,"ATV7133",175940,100.286,4287.5,69.27,256,3.5,3.683084849202257,39.48267716535433,"1. ≤43 inches"
"SONY","K-65XR30M2","Australia,New Zealand","LCD (LED)","0.5","2031-01-18","Available","https://www.sony.com.au/","ATV7126",176261,163.897,11477.9975,130.2,481,4.5,4.8570744481591746,64.52637795275591,"3. 56–65 inches"
"SONY","K-75XR30M2","Australia,New Zealand","LCD (LED)","0.5","2031-01-18","Available","https://www.sony.com.au/","ATV7130",176262,189.338,15318.8066,172,633,4.5,4.8549373875452435,74.54251968503937,"4. >65 inches"
"SONY","K-85XR30M2","Australia,New Zealand","LCD (LED)","0.5","2031-01-18","Available","https://www.sony.com.au/","ATV7127",176263,214.783,19712.16,166.9,615,6,6.070348697126533,84.56023622047243,"4. >65 inches"
"SONY","K-65XR70M2","Australia,New Zealand","LCD (LED)","0.5","2031-01-19","Available","https://www.sony.com.au/","ATV7135",176267,163.878,11481.120000000003,129.4,477,4.5,4.895646679285525,64.51889763779526,"3. 56–65 inches"
"SONY","K-55XR70M2","Australia,New Zealand","LCD (LED)","0.5","2031-01-18","Available","https://www.sony.com.au/","ATV7129",176268,138.798,8228,105.9,392,4,4.382835321016284,54.64488188976378,"2. 44–55 inches"
"SONY","K-50XR70M2","Australia,New Zealand","LCD (LED)","0.5","2031-01-18","Available","https://www.sony.com.au/","ATV7128",176269,125.725,6751.36,105.8,392,3.5,3.5726451573931013,49.49803149606299,"2. 44–55 inches"
"SONY","K-100XR30M2","Australia,New Zealand","LCD (LED)","0.5","2031-01-19","Available","https://www.sony.com.au/","ATV7136",176284,252.769,27297.648,191.6,705,6,6.874359862273617,99.51535433070866,"4. >65 inches"
"SKYWORTH","43Q5600H","Australia,Fiji,New Zealand","LCD (LED)","-","2031-01-20","Available",,"ATV7137",176304,107.956,4980.1837000000005,38.7,165,6,6.234235916440882,42.50236220472441,"1. ≤43 inches"
"KOGAN","KAL65U96VA","Australia,Fiji,New Zealand","LCD (LED)","0.45","2031-01-26","Available",,"ATV7163",176330,163.851,11469.8742,122.82,506,4.5,4.62701334569581,64.50826771653543,"3. 56–65 inches"
"KOGAN","KAL65U96VB","Australia,Fiji,New Zealand","LCD (LED)","0.45","2031-01-26","Available",,"ATV7163",176330,163.851,11469.8742,122.82,506,4.5,4.62701334569581,64.50826771653543,"3. 56–65 inches"
"KOGAN","KAL65U96VC","Australia,Fiji,New Zealand","LCD (LED)","0.45","2031-01-26","Available",,"ATV7163",176330,163.851,11469.8742,122.82,506,4.5,4.62701334569581,64.50826771653543,"3. 56–65 inches"
"KOGAN","KAL65U96VA, KAL65U96VB, KAL65U96VC","Australia,Fiji,New Zealand","LCD (LED)","0.45","2031-01-26","Available",,"ATV7163",176330,163.851,11469.8742,122.82,506,4.5,4.62701334569581,64.50826771653543,"3. 56–65 inches"
"LG","OLED97G6PSA","Australia,New Zealand","OLED","0.4","2031-01-29","Available",,"ATV7197",176375,245.145,25679.7954,228,835,5.5,5.849211107706925,96.51377952755905,"4. >65 inches"
"LG","OLED97G66LW","Australia,New Zealand","OLED","0.4","2031-02-01","Available",,"ATV7205",176376,245.145,25679.7954,228,835,5.5,5.849211107706925,96.51377952755905,"4. >65 inches"
"LG","100MRGB96B6","Australia,New Zealand","LCD (LED)","0.4","2031-02-23","Available",,"ATV7279",176377,252.784,27304.2576,200,733,6,6.700875786921499,99.52125984251968,"4. >65 inches"
"LG","100MRGB96BS","Australia,New Zealand","LCD (LED)","0.4","2031-02-23","Available",,"ATV7281",176378,252.784,27304.2576,200,733,6,6.700875786921499,99.52125984251968,"4. >65 inches"
"LG","100QNED86BS","Australia,New Zealand","LCD (LED)","0.4","2031-02-23","Available",,"ATV7280",176379,252.784,27304.2576,230,842,6,6.079597190523867,99.52125984251968,"4. >65 inches"
"LG","100QNED87B6","Australia,New Zealand","LCD (LED)","0.4","2031-02-23","Available",,"ATV7282",176380,252.784,27304.2576,230,842,6,6.079597190523867,99.52125984251968,"4. >65 inches"
"SONY","K-65XR90M2","Australia,New Zealand","LCD (LED)","0.5","2031-01-21","Available","https://www.sony.com.au/","ATV7148",176385,163.878,11481.120000000003,151.4,559,4,4.184745641220633,64.51889763779526,"3. 56–65 inches"
"TCL","65P7LS","Australia,Fiji,New Zealand","LCD (LED)","0.37","2031-02-18","Available","https://www.tcl.com/au","ATV7276",176386,163.829,11466.84,82.8,360,6,6.151517597589977,64.4996062992126,"3. 56–65 inches"
"TCL","65C8L","Australia,Fiji,New Zealand","LCD (LED)","0.413","2031-02-17","Available","https://www.tcl.com/au","ATV7255",176391,163.829,11466.84,109.4,465,5,5.004572625934402,64.4996062992126,"3. 56–65 inches"
"TCL","85C8L","Australia,Fiji,New Zealand","LCD (LED)","0.377","2031-02-18","Available","https://www.tcl.com/au","ATV7268",176392,214.783,19712.16,190.4,770,5,5.0630677530103645,84.56023622047243,"4. >65 inches"
"TCL","98C8L","Australia,Fiji,New Zealand","LCD (LED)","0.362","2031-02-17","Available","https://www.tcl.com/au","ATV7256",176393,247.604,26198.120000000003,196.2,818,6,6.028589618498678,97.48188976377953,"4. >65 inches"
"TCL","85X11L","Australia,Fiji,New Zealand","LCD (LED)","0.328","2031-02-18","Available","https://www.tcl.com/au","ATV7275",176399,214.783,19712.16,290,1171,3,3.184354044812373,84.56023622047243,"4. >65 inches"
"TCL","98X11L","Australia,Fiji,New Zealand","LCD (LED)","0.316","2031-02-18","Available","https://www.tcl.com/au","ATV7267",176400,247.604,26198.120000000003,444.6,1790,2.5,2.519151153349606,97.48188976377953,"4. >65 inches"
"SAMSUNG","QA65S95HAW","Australia,Fiji,New Zealand","LCD (LED)","0.5","2031-01-27","Available",,"ATV7177",176403,163.897,11477.9975,151,554,4,4.223861362639348,64.52637795275591,"3. 56–65 inches"
"SAMSUNG","QA65S95HAS","Australia,Fiji,New Zealand","LCD (LED)","0.5","2031-01-27","Available",,"ATV7177",176403,163.897,11477.9975,151,554,4,4.223861362639348,64.52637795275591,"3. 56–65 inches"
"SAMSUNG","QA65S95HA*","Australia,Fiji,New Zealand","LCD (LED)","0.5","2031-01-27","Available",,"ATV7177",176403,163.897,11477.9975,151,554,4,4.223861362639348,64.52637795275591,"3. 56–65 inches"
"SAMSUNG","QA75QN70HAW","Australia,Fiji,New Zealand","LCD (LED)","0.5","2031-01-27","Available",,"ATV7184",176404,189.338,15318.8066,138,507,5.5,5.849630791167071,74.54251968503937,"4. >65 inches"
"SAMSUNG","QA75QN70HAS","Australia,Fiji,New Zealand","LCD (LED)","0.5","2031-01-27","Available",,"ATV7184",176404,189.338,15318.8066,138,507,5.5,5.849630791167071,74.54251968503937,"4. >65 inches"
"SAMSUNG","QA75QN70HA*","Australia,Fiji,New Zealand","LCD (LED)","0.5","2031-01-27","Available",,"ATV7184",176404,189.338,15318.8066,138,507,5.5,5.849630791167071,74.54251968503937,"4. >65 inches"
"SAMSUNG","QA77S85HAE","Australia,Fiji,New Zealand","LCD (LED)","0.5","2031-01-27","Available",,"ATV7185",176406,194.738,16204.123099999999,137,503,6,6.126196710752632,76.66850393700787,"4. >65 inches"
"SAMSUNG","QA83S85HAE","Australia,Fiji,New Zealand","LCD (LED)","0.5","2031-01-27","Available",,"ATV7178",176407,209.585,18769.3425,185,678,5,5.421376275260714,82.51377952755905,"4. >65 inches"
"SAMSUNG","QA83S95HAE","Australia,Fiji,New Zealand","LCD (LED)","0.5","2031-01-27","Available",,"ATV7186",176408,209.585,18769.3425,247,905,4,4.127197464989441,82.51377952755905,"4. >65 inches"
"SAMSUNG","QA85LS03HWW","Australia,Fiji,New Zealand","LCD (LED)","0.5","2031-01-27","Available",,"ATV7179",176409,214.783,19712.16,219,802,4.5,4.880592871800602,84.56023622047243,"4. >65 inches"
"SAMSUNG","QA85LS03HWS","Australia,Fiji,New Zealand","LCD (LED)","0.5","2031-01-27","Available",,"ATV7179",176409,214.783,19712.16,219,802,4.5,4.880592871800602,84.56023622047243,"4. >65 inches"
"SAMSUNG","QA85LS03HW*","Australia,Fiji,New Zealand","LCD (LED)","0.5","2031-01-27","Available",,"ATV7179",176409,214.783,19712.16,219,802,4.5,4.880592871800602,84.56023622047243,"4. >65 inches"
"SAMSUNG","QA50QN80HAW","Australia,Fiji,New Zealand","LCD (LED)","0.5","2031-01-27","Available",,"ATV7187",176412,125.727,6754.5112,99,364,3.5,3.9066488369087926,49.4988188976378,"2. 44–55 inches"
"SAMSUNG","QA50QN80HAS","Australia,Fiji,New Zealand","LCD (LED)","0.5","2031-01-27","Available",,"ATV7187",176412,125.727,6754.5112,99,364,3.5,3.9066488369087926,49.4988188976378,"2. 44–55 inches"
"SAMSUNG","QA50QN80HA*","Australia,Fiji,New Zealand","LCD (LED)","0.5","2031-01-27","Available",,"ATV7187",176412,125.727,6754.5112,99,364,3.5,3.9066488369087926,49.4988188976378,"2. 44–55 inches"
"SAMSUNG","QA48S90HAE","Australia,Fiji,New Zealand","LCD (LED)","0.5","2031-01-29","Available",,"ATV7199",176432,120.721,6226.9196,78,288,4.5,4.627227590347069,47.52795275590551,"2. 44–55 inches"
"SAMSUNG","MRA65R85HAS","Australia,Fiji,New Zealand","LCD (LED)","0.5","2031-02-01","Available",,"ATV7201",176435,163.897,11477.9975,147,540,4,4.338565762736138,64.52637795275591,"3. 56–65 inches"
"SAMSUNG","MRA65R85HAW","Australia,Fiji,New Zealand","LCD (LED)","0.5","2031-02-01","Available",,"ATV7201",176435,163.897,11477.9975,147,540,4,4.338565762736138,64.52637795275591,"3. 56–65 inches"
"SAMSUNG","MRA65R85HA*","Australia,Fiji,New Zealand","LCD (LED)","0.5","2031-02-01","Available",,"ATV7201",176435,163.897,11477.9975,147,540,4,4.338565762736138,64.52637795275591,"3. 56–65 inches"
"SAMSUNG","MRA85R85HAW","Australia,Fiji,New Zealand","LCD (LED)","0.5","2031-01-29","Available",,"ATV7198",176436,214.783,19712.16,234,857,4.5,4.5833433642947075,84.56023622047243,"4. >65 inches"
"SAMSUNG","MRA85R85HAS","Australia,Fiji,New Zealand","LCD (LED)","0.5","2031-01-29","Available",,"ATV7198",176436,214.783,19712.16,234,857,4.5,4.5833433642947075,84.56023622047243,"4. >65 inches"
"SAMSUNG","MRA85R85HA*","Australia,Fiji,New Zealand","LCD (LED)","0.5","2031-01-29","Available",,"ATV7198",176436,214.783,19712.16,234,857,4.5,4.5833433642947075,84.56023622047243,"4. >65 inches"
"SAMSUNG","QA65LS03HWW","Australia,Fiji,New Zealand","LCD (LED)","0.5","2031-02-01","Available",,"ATV7202",176437,163.897,11477.9975,153,562,4,4.159610511283939,64.52637795275591,"3. 56–65 inches"
"SAMSUNG","QA65LS03HWS","Australia,Fiji,New Zealand","LCD (LED)","0.5","2031-02-01","Available",,"ATV7202",176437,163.897,11477.9975,153,562,4,4.159610511283939,64.52637795275591,"3. 56–65 inches"
"SAMSUNG","QA65LS03HW*","Australia,Fiji,New Zealand","LCD (LED)","0.5","2031-02-01","Available",,"ATV7202",176437,163.897,11477.9975,153,562,4,4.159610511283939,64.52637795275591,"3. 56–65 inches"
"KOGAN","KAL32R98VA","Australia,Fiji,New Zealand","LCD (LED)","0.42","2031-01-26","Available",,"ATV7164",176439,79.967,2732.2400000000002,38.1,152,4,4.3445623134294555,31.48307086614173,"1. ≤43 inches"
"KOGAN","KAL32R98VB","Australia,Fiji,New Zealand","LCD (LED)","0.42","2031-01-26","Available",,"ATV7164",176439,79.967,2732.2400000000002,38.1,152,4,4.3445623134294555,31.48307086614173,"1. ≤43 inches"
"KOGAN","KAL32R98VC","Australia,Fiji,New Zealand","LCD (LED)","0.42","2031-01-26","Available",,"ATV7164",176439,79.967,2732.2400000000002,38.1,152,4,4.3445623134294555,31.48307086614173,"1. ≤43 inches"
"KOGAN","KAL32R98VA, KAL32R98VB,KAL32R98VC","Australia,Fiji,New Zealand","LCD (LED)","0.42","2031-01-26","Available",,"ATV7164",176439,79.967,2732.2400000000002,38.1,152,4,4.3445623134294555,31.48307086614173,"1. ≤43 inches"
"MYVI","UR-LED2406DVD","Australia,New Zealand","LCD","0.57","2031-02-04","Available",,"ATV7225",176452,60.357,1556.96,22.1,84,5,5.123962448526531,23.76259842519685,"1. ≤43 inches"
"MYVI","UR-LED3206DVD","Australia,New Zealand","LCD","0.63","2031-02-04","Available",,"ATV7224",176458,80.524,2786,42.9,160,4,4.184338549835408,31.70236220472441,"1. ≤43 inches"
"COOCAA","65X66CH","Australia,Fiji,New Zealand","LCD (LED)","-","2031-01-26","Available",,"ATV7166",176478,163.897,11477.9975,79.1,310,6,6.825739776103138,64.52637795275591,"3. 56–65 inches"
"SAMSUNG","QA55QN1EHAW","Australia,Fiji,New Zealand","LCD (LED)","0.5","2031-02-03","Available",,"ATV7223",176580,138.783,8230.118400000001,105,386,4,4.453022021637958,54.63897637795275,"2. 44–55 inches"
"SAMSUNG","QA55QN1EHAS","Australia,Fiji,New Zealand","LCD (LED)","0.5","2031-02-03","Available",,"ATV7223",176580,138.783,8230.118400000001,105,386,4,4.453022021637958,54.63897637795275,"2. 44–55 inches"
"SAMSUNG","QA55QN1EHA*","Australia,Fiji,New Zealand","LCD (LED)","0.5","2031-02-03","Available",,"ATV7223",176580,138.783,8230.118400000001,105,386,4,4.453022021637958,54.63897637795275,"2. 44–55 inches"
"SAMSUNG","QA65QN1EHAW","Australia,Fiji,New Zealand","LCD (LED)","0.5","2031-02-03","Available",,"ATV7208",176581,163.897,11477.9975,130,478,4.5,4.885112621691222,64.52637795275591,"3. 56–65 inches"
"SAMSUNG","QA65QN1EHAS","Australia,Fiji,New Zealand","LCD (LED)","0.5","2031-02-03","Available",,"ATV7208",176581,163.897,11477.9975,130,478,4.5,4.885112621691222,64.52637795275591,"3. 56–65 inches"
"SAMSUNG","QA65QN1EHA*","Australia,Fiji,New Zealand","LCD (LED)","0.5","2031-02-03","Available",,"ATV7208",176581,163.897,11477.9975,130,478,4.5,4.885112621691222,64.52637795275591,"3. 56–65 inches"
"SAMSUNG","MRA75R85HAW","Australia,Fiji,New Zealand","LCD (LED)","0.5","2031-02-03","Available",,"ATV7207",176579,189.338,15318.8066,180,660,4.5,4.667751100375872,74.54251968503937,"4. >65 inches"
"SAMSUNG","MRA75R85HAS","Australia,Fiji,New Zealand","LCD (LED)","0.5","2031-02-03","Available",,"ATV7207",176579,189.338,15318.8066,180,660,4.5,4.667751100375872,74.54251968503937,"4. >65 inches"
"SAMSUNG","MRA75R85HA*","Australia,Fiji,New Zealand","LCD (LED)","0.5","2031-02-03","Available",,"ATV7207",176579,189.338,15318.8066,180,660,4.5,4.667751100375872,74.54251968503937,"4. >65 inches"
"SAMSUNG","QA85QN1EHAW","Australia,Fiji,New Zealand","LCD (LED)","0.5","2031-02-03","Available",,"ATV7209",176583,214.783,19712.16,196,718,5,5.376412886166596,84.56023622047243,"4. >65 inches"
"SAMSUNG","QA75QN1EHAW","Australia,Fiji,New Zealand","LCD (LED)","0.5","2031-02-03","Available",,"ATV7222",176584,189.338,15318.8066,138,507,5.5,5.849630791167071,74.54251968503937,"4. >65 inches"
"SAMSUNG","QA55LS03HWW","Australia,Fiji,New Zealand","LCD (LED)","0.5","2031-02-03","Available",,"ATV7210",176585,138.783,8230.118400000001,111,408,4,4.204617778661293,54.63897637795275,"2. 44–55 inches"
"SAMSUNG","QA55LS03HWS","Australia,Fiji,New Zealand","LCD (LED)","0.5","2031-02-03","Available",,"ATV7210",176585,138.783,8230.118400000001,111,408,4,4.204617778661293,54.63897637795275,"2. 44–55 inches"
"SAMSUNG","QA55LS03HW*","Australia,Fiji,New Zealand","LCD (LED)","0.5","2031-02-03","Available",,"ATV7210",176585,138.783,8230.118400000001,111,408,4,4.204617778661293,54.63897637795275,"2. 44–55 inches"
"SAMSUNG","QA42S90HAE","Australia,Fiji,New Zealand","LCD (LED)","0.5","2031-02-03","Available",,"ATV7211",176594,105.52,4757.6080999999995,66,244,4,4.3018771288022695,41.54330708661417,"1. ≤43 inches"
"SAMSUNG","QA48S85HAE","Australia,Fiji,New Zealand","LCD (LED)","0.5","2031-02-03","Available",,"ATV7212",176595,120.712,6226.3278,86,317,4,4.196891478614717,47.5244094488189,"2. 44–55 inches"
"SAMSUNG","QA55S95HAW","Australia,Fiji,New Zealand","LCD (LED)","0.5","2031-02-03","Available",,"ATV7213",176599,138.783,8230.118400000001,105,386,4,4.453022021637958,54.63897637795275,"2. 44–55 inches"
"SAMSUNG","QA55S95HAS","Australia,Fiji,New Zealand","LCD (LED)","0.5","2031-02-03","Available",,"ATV7213",176599,138.783,8230.118400000001,105,386,4,4.453022021637958,54.63897637795275,"2. 44–55 inches"
"SAMSUNG","QA55S95HA*","Australia,Fiji,New Zealand","LCD (LED)","0.5","2031-02-03","Available",,"ATV7213",176599,138.783,8230.118400000001,105,386,4,4.453022021637958,54.63897637795275,"2. 44–55 inches"
"SAMSUNG","QA85QN70HAW","Australia,Fiji,New Zealand","LCD (LED)","0.5","2031-02-03","Available",,"ATV7221",176624,214.783,19712.16,196,718,5,5.376412886166596,84.56023622047243,"4. >65 inches"
"SAMSUNG","QA85QN70HAS","Australia,Fiji,New Zealand","LCD (LED)","0.5","2031-02-03","Available",,"ATV7221",176624,214.783,19712.16,196,718,5,5.376412886166596,84.56023622047243,"4. >65 inches"
"SAMSUNG","QA85QN70HA*","Australia,Fiji,New Zealand","LCD (LED)","0.5","2031-02-03","Available",,"ATV7221",176624,214.783,19712.16,196,718,5,5.376412886166596,84.56023622047243,"4. >65 inches"
"SAMSUNG","QA55LS03HEW","Australia,Fiji,New Zealand","LCD (LED)","0.5","2031-02-03","Available",,"ATV7214",176625,138.783,8230.118400000001,110,405,4,4.237691139975824,54.63897637795275,"2. 44–55 inches"
"SAMSUNG","UA55M1EHAW","Australia,Fiji,New Zealand","LCD (LED)","0.5","2031-02-03","Available",,"ATV7215",176629,138.783,8230.118400000001,84,310,5,5.4356409263487215,54.63897637795275,"2. 44–55 inches"
"SAMSUNG","UA55M1EHAS","Australia,Fiji,New Zealand","LCD (LED)","0.5","2031-02-03","Available",,"ATV7215",176629,138.783,8230.118400000001,84,310,5,5.4356409263487215,54.63897637795275,"2. 44–55 inches"
"SAMSUNG","UA55M1EHA*","Australia,Fiji,New Zealand","LCD (LED)","0.5","2031-02-03","Available",,"ATV7215",176629,138.783,8230.118400000001,84,310,5,5.4356409263487215,54.63897637795275,"2. 44–55 inches"
"LINSAR","LS50QLDVTV","Australia","LCD","0.28","2031-05-14","Available",,"ATV7417",176646,125.731,6754.867344,51.1,207,6,6.436333622695435,49.5003937007874,"2. 44–55 inches"
"SONY","K-85XR90M2","Australia,New Zealand","LCD (LED)","0.5","2031-02-02","Available","https://www.sony.com.au/","ATV7206",176649,214.783,19712.16,228.1,839,4.5,4.678471419779866,84.56023622047243,"4. >65 inches"
"SONY","K-75XR90M2","Australia,New Zealand","LCD (LED)","0.5","2031-02-01","Available","https://www.sony.com.au/","ATV7204",176648,189.306,15312,181.2,668,4.5,4.611852853385589,74.52992125984252,"4. >65 inches"
"SAMSUNG","UA65M1EHAW","Australia,Fiji,New Zealand","LCD (LED)","0.5","2031-02-03","Available",,"ATV7220",176666,163.897,11477.9975,111,408,5.5,5.59471662841571,64.52637795275591,"3. 56–65 inches"
"SAMSUNG","UA65M1EHAS","Australia,Fiji,New Zealand","LCD (LED)","0.5","2031-02-03","Available",,"ATV7220",176666,163.897,11477.9975,111,408,5.5,5.59471662841571,64.52637795275591,"3. 56–65 inches"
"SAMSUNG","UA65M1EHA*","Australia,Fiji,New Zealand","LCD (LED)","0.5","2031-02-03","Available",,"ATV7220",176666,163.897,11477.9975,111,408,5.5,5.59471662841571,64.52637795275591,"3. 56–65 inches"
"SAMSUNG","UA75M1EHAW","Australia,Fiji,New Zealand","LCD (LED)","0.5","2031-02-03","Available",,"ATV7216",176697,189.338,15318.8066,142,521,5.5,5.727561217559593,74.54251968503937,"4. >65 inches"
"SAMSUNG","UA75M1EHAS","Australia,Fiji,New Zealand","LCD (LED)","0.5","2031-02-03","Available",,"ATV7216",176697,189.338,15318.8066,142,521,5.5,5.727561217559593,74.54251968503937,"4. >65 inches"
"SAMSUNG","UA75M1EHA*","Australia,Fiji,New Zealand","LCD (LED)","0.5","2031-02-03","Available",,"ATV7216",176697,189.338,15318.8066,142,521,5.5,5.727561217559593,74.54251968503937,"4. >65 inches"
"SAMSUNG","UA85M1EHAW","Australia,Fiji,New Zealand","LCD (LED)","0.5","2031-02-03","Available",,"ATV7217",176699,214.783,19712.16,151,554,6,6.538467002334227,84.56023622047243,"4. >65 inches"
"LG","50NU805BPSC","Australia,Fiji,New Zealand","LCD (LED)","-","2031-02-03","Available",,"ATV7218",176717,125.727,6754.5112,75,276,5,5.146895307351907,49.4988188976378,"2. 44–55 inches"
"LG","43NU805BPSC","Australia,Fiji,New Zealand","LCD (LED)","-","2031-02-03","Available",,"ATV7219",176718,107.987,4982.7128,58,213,5,5.091914908809575,42.514566929133856,"1. ≤43 inches"
"LG","32LB650B6LA","Australia,New Zealand","LCD (LED)","0.4","2031-02-24","Available",,"ATV7284",176722,80.043,2737.0770999999995,29,108,5.5,5.882395160180036,31.512992125984255,"1. ≤43 inches"
"KOGAN","KAQL85MQ9TA","Australia,Fiji,New Zealand","LCD (LED)","0.41","2031-02-08","Available",,"ATV7239",176749,214.783,19712.16,227.8,871,4.5,4.510726171643211,84.56023622047243,"4. >65 inches"
"KOGAN","KAQL85MQ9TB","Australia,Fiji,New Zealand","LCD (LED)","0.41","2031-02-08","Available",,"ATV7239",176749,214.783,19712.16,227.8,871,4.5,4.510726171643211,84.56023622047243,"4. >65 inches"
"KOGAN","KAQL85MQ9TC","Australia,Fiji,New Zealand","LCD (LED)","0.41","2031-02-08","Available",,"ATV7239",176749,214.783,19712.16,227.8,871,4.5,4.510726171643211,84.56023622047243,"4. >65 inches"
"KOGAN","KAQL85MQ9TD","Australia,Fiji,New Zealand","LCD (LED)","0.41","2031-02-08","Available",,"ATV7239",176749,214.783,19712.16,227.8,871,4.5,4.510726171643211,84.56023622047243,"4. >65 inches"
"KOGAN","KAQL85MQ9TE","Australia,Fiji,New Zealand","LCD (LED)","0.41","2031-02-08","Available",,"ATV7239",176749,214.783,19712.16,227.8,871,4.5,4.510726171643211,84.56023622047243,"4. >65 inches"
"KOGAN","KAQL85MQ9T*","Australia,Fiji,New Zealand","LCD (LED)","0.41","2031-02-08","Available",,"ATV7239",176749,214.783,19712.16,227.8,871,4.5,4.510726171643211,84.56023622047243,"4. >65 inches"
"COOCAA","43Q56CH","Australia,Fiji,New Zealand","LCD (LED)","-","2031-02-05","Available",,"ATV7233",176754,107.956,4980.1837000000005,37.6,160,6,6.372136646645825,42.50236220472441,"1. ≤43 inches"
"AIWA","AWB757DW","Australia","LCD","0.32","2031-02-05","Available",,"ATV7234",176764,189.34,15318.517823999999,140.14,514,5.5,5.7880995979301915,74.54330708661418,"4. >65 inches"
"AIWA","AWB243DH","Australia","LCD","0.38","2031-02-05","Available",,"ATV7237",176765,59.824,1528.845746,23.45,97,4,4.422945949865571,23.55275590551181,"1. ≤43 inches"
"LG","32LB655BPSA","Australia,New Zealand","LCD (LED)","0.4","2031-02-24","Available",,"ATV7283",176785,80.043,2737.0770999999995,29,108,5.5,5.882395160180036,31.512992125984255,"1. ≤43 inches"
"LINSAR","LS55QLDVTV","Australia","LCD","0.32","2031-05-14","Available",,"ATV7414",176795,138.764,8225.279999999999,62.37,252,6,6.361508039658019,54.63149606299213,"2. 44–55 inches"
"LINSAR","LS65QLDVTV","Australia","LCD","0.31","2031-05-14","Available",,"ATV7418",176798,163.896,11478.122496000002,83.67,338,6,6.43826125058401,64.5259842519685,"3. 56–65 inches"
"LINSAR","LS75QLDVTV","Australia","LCD","0.3","2031-05-14","Available",,"ATV7415",176831,189.333,15317.1564,103.19,416,6,6.735709382779707,74.54055118110236,"4. >65 inches"
"LINSAR","LS85QLDVTV","Australia","LCD","0.28","2031-05-14","Available",,"ATV7419",176832,214.783,19712.16,141.25,569,6,6.418742514569718,84.56023622047243,"4. >65 inches"
"SAMSUNG","QA43LS03HEW","Australia,Fiji,New Zealand","LCD (LED)","0.5","2031-02-09","Available",,"ATV7243",176853,107.987,4982.7128,69,255,4,4.285387548332183,42.514566929133856,"1. ≤43 inches"
"SAMSUNG","QA43LS03HES","Australia,Fiji,New Zealand","LCD (LED)","0.5","2031-02-09","Available",,"ATV7243",176853,107.987,4982.7128,69,255,4,4.285387548332183,42.514566929133856,"1. ≤43 inches"
"SAMSUNG","QA43LS03HE*","Australia,Fiji,New Zealand","LCD (LED)","0.5","2031-02-09","Available",,"ATV7243",176853,107.987,4982.7128,69,255,4,4.285387548332183,42.514566929133856,"1. ≤43 inches"
"SAMSUNG","QA98LS03HEW","Australia,Fiji,New Zealand","LCD (LED)","0.5","2031-02-10","Available",,"ATV7244",176855,246.073,26041.1378,202,740,6,6.451451697702106,96.87913385826772,"4. >65 inches"
"SAMSUNG","QA98LS03HES","Australia,Fiji,New Zealand","LCD (LED)","0.5","2031-02-10","Available",,"ATV7244",176855,246.073,26041.1378,202,740,6,6.451451697702106,96.87913385826772,"4. >65 inches"
"SAMSUNG","QA98LS03HE*","Australia,Fiji,New Zealand","LCD (LED)","0.5","2031-02-10","Available",,"ATV7244",176855,246.073,26041.1378,202,740,6,6.451451697702106,96.87913385826772,"4. >65 inches"
"SAMSUNG","UA98U9000HW","Australia,Fiji,New Zealand","LCD (LED)","0.5","2031-02-10","Available",,"ATV7247",176857,247.693,26216.4672,258,945,5,5.384875153109447,97.51692913385827,"4. >65 inches"
"SAMSUNG","UA98U9000HS","Australia,Fiji,New Zealand","LCD (LED)","0.5","2031-02-10","Available",,"ATV7247",176857,247.693,26216.4672,258,945,5,5.384875153109447,97.51692913385827,"4. >65 inches"
"SAMSUNG","UA98U9000H*","Australia,Fiji,New Zealand","LCD (LED)","0.5","2031-02-10","Available",,"ATV7247",176857,247.693,26216.4672,258,945,5,5.384875153109447,97.51692913385827,"4. >65 inches"
"SAMSUNG","QA85LS03HEW","Australia,Fiji,New Zealand","LCD (LED)","0.5","2031-02-10","Available",,"ATV7250",176858,214.783,19712.16,208,762,5,5.109871521703537,84.56023622047243,"4. >65 inches"
"SAMSUNG","QA65LS03HEW","Australia,Fiji,New Zealand","LCD (LED)","0.5","2031-02-10","Available",,"ATV7248",176859,163.897,11477.9975,147,540,4,4.338565762736138,64.52637795275591,"3. 56–65 inches"
"SAMSUNG","HG32F800FAW","Australia,Fiji,New Zealand","LCD (LED)","0.5","2031-02-10","Available",,"ATV7249",176862,80.008,2735.5079,32,120,5,5.408184154225782,31.499212598425196,"1. ≤43 inches"
"SAMSUNG","MRA55R85HAW","Australia,Fiji,New Zealand","LCD (LED)","0.5","2031-02-10","Available",,"ATV7251",176854,138.783,8230.118400000001,112,412,4,4.160896259989094,54.63897637795275,"2. 44–55 inches"
"SAMSUNG","MRA55R85HAS","Australia,Fiji,New Zealand","LCD (LED)","0.5","2031-02-10","Available",,"ATV7251",176854,138.783,8230.118400000001,112,412,4,4.160896259989094,54.63897637795275,"2. 44–55 inches"
"SAMSUNG","MRA55R85HA*","Australia,Fiji,New Zealand","LCD (LED)","0.5","2031-02-10","Available",,"ATV7251",176854,138.783,8230.118400000001,112,412,4,4.160896259989094,54.63897637795275,"2. 44–55 inches"
"TCL","55C7L","Australia,Fiji,New Zealand","LCD (LED)","0.283","2031-02-17","Available","https://www.tcl.com/au","ATV7257",176887,138.711,8221.2,96.7,425,4,4.017199656533554,54.61062992125985,"2. 44–55 inches"
"FFALCON","FF65U65A","Australia,Fiji,New Zealand","LCD (LED)","0.362","2031-02-17","Available","https://www.tcl.com/au","ATV7258",176895,163.829,11466.84,56.2,300,6,6.968577090101265,64.4996062992126,"3. 56–65 inches"
"TCL","75P7LS","Australia,Fiji,New Zealand","LCD (LED)","0.349","2031-02-18","Available","https://www.tcl.com/au","ATV7266",176896,189.306,15312,97.6,450,6,6.382195704190277,74.52992125984252,"4. >65 inches"
"TCL","85C7L","Australia,Fiji,New Zealand","LCD (LED)","0.327","2031-02-18","Available","https://www.tcl.com/au","ATV7274",176899,214.783,19712.16,193.2,768,5,5.074722948442811,84.56023622047243,"4. >65 inches"
"TCL","98C7L","Australia,Fiji,New Zealand","LCD (LED)","0.324","2031-02-18","Available","https://www.tcl.com/au","ATV7273",176902,247.604,26198.120000000003,190.9,800,6,6.128303945010803,97.48188976377953,"4. >65 inches"
"TCL","75C8L","Australia,Fiji,New Zealand","LCD (LED)","0.389","2031-02-18","Available","https://www.tcl.com/au","ATV7265",176904,189.306,15312,157.4,684,4.5,4.505778786057624,74.52992125984252,"4. >65 inches"
"TCL","43P7LS","Australia,Fiji,New Zealand","LCD (LED)","0.345","2031-02-18","Available","https://www.tcl.com/au","ATV7264",176908,107.95,4977.889999999999,57,250,4,4.370326753102434,42.5,"1. ≤43 inches"
"TCL","50P7LS","Australia,Fiji,New Zealand","LCD (LED)","0.369","2031-02-18","Available","https://www.tcl.com/au","ATV7272",176910,125.638,6745.2,58.6,240,5.5,5.767626426637195,49.463779527559055,"2. 44–55 inches"
"TCL","55P7LS","Australia,Fiji,New Zealand","LCD (LED)","0.373","2031-02-18","Available","https://www.tcl.com/au","ATV7263",176912,138.711,8221.2,54.8,260,6,6.219403282919941,54.61062992125985,"2. 44–55 inches"
"TCL","85P7LS","Australia,Fiji,New Zealand","LCD (LED)","0.356","2031-02-18","Available","https://www.tcl.com/au","ATV7269",176916,214.783,19712.16,186.5,826,4.5,4.748452975842131,84.56023622047243,"4. >65 inches"
"FFALCON","FF43U65A","Australia,Fiji,New Zealand","LCD (LED)","0.346","2031-02-18","Available","https://www.tcl.com/au","ATV7262",176918,107.95,4977.889999999999,42.4,190,5.5,5.6001935544751715,42.5,"1. ≤43 inches"
"FFALCON","FF50U65A","Australia,Fiji,New Zealand","LCD (LED)","0.367","2031-02-18","Available","https://www.tcl.com/au","ATV7271",176920,125.638,6745.2,50,205,6,6.474027948326812,49.463779527559055,"2. 44–55 inches"
"FFALCON","FF55U65A","Australia,Fiji,New Zealand","LCD (LED)","0.344","2031-02-17","Available","https://www.tcl.com/au","ATV7259",176921,138.711,8221.2,49.6,260,6,6.219403282919941,54.61062992125985,"2. 44–55 inches"
"FFALCON","FF75U65A","Australia,Fiji,New Zealand","LCD (LED)","0.342","2031-02-17","Available","https://www.tcl.com/au","ATV7260",176925,189.306,15312,96.8,400,6,6.910030969707463,74.52992125984252,"4. >65 inches"
"TCL","75X11L","Australia,Fiji,New Zealand","LCD (LED)","0.407","2031-02-18","Available","https://www.tcl.com/au","ATV7270",176927,189.306,15312,211.6,853,3.5,3.516273919935741,74.52992125984252,"4. >65 inches"
"LG","75QNED82BSA","Australia,New Zealand","LCD (LED)","0.4","2031-03-26","Available",,"ATV7323",176934,189.275,15307.5663,148,543,5.5,5.5390672901039455,74.51771653543307,"4. >65 inches"
"LG","85QNED82BSA","Australia,New Zealand","LCD (LED)","0.4","2031-03-26","Available",,"ATV7324",176935,214.783,19712.16,183,670,5.5,5.686490664599829,84.56023622047243,"4. >65 inches"
"LG","55QNED82BSA","Australia,New Zealand","LCD (LED)","0.4","2031-03-26","Available",,"ATV7325",176936,138.783,8230.118400000001,81,298,5.5,5.612562064070497,54.63897637795275,"2. 44–55 inches"
"LG","65QNED82BSA","Australia,New Zealand","LCD (LED)","0.4","2031-03-26","Available",,"ATV7326",176937,163.897,11477.9975,110,404,5.5,5.638868907901208,64.52637795275591,"3. 56–65 inches"
"SONY","K-75XR70M2","Australia,New Zealand","LCD (LED)","0.5","2031-02-12","Available","https://www.sony.com.au/","ATV7253",177005,189.306,15312,140.5,519,5.5,5.742892889650735,74.52992125984252,"4. >65 inches"
"SONY","K-85XR70M2","Australia,New Zealand","LCD (LED)","0.5","2031-02-12","Available","https://www.sony.com.au/","ATV7254",177010,214.783,19712.16,197.9,729,5,5.308276644402545,84.56023622047243,"4. >65 inches"
"SONY","K-55XR30M2","Australia,New Zealand","LCD (LED)","0.5","2031-01-18","Available","https://www.sony.com.au/","ATV7131",176238,138.783,8230.118400000001,100.4,372,4.5,4.618581433837434,54.63897637795275,"2. 44–55 inches"
"SAMSUNG","QA75LS03HEW","Australia,Fiji,New Zealand","LCD (LED)","0.5","2031-03-01","Available",,"ATV7290",177059,189.338,15318.8066,175,642,4.5,4.7916692291663106,74.54251968503937,"4. >65 inches"
"TCL","75C7L","Australia,Fiji,New Zealand","LCD (LED)","0.349","2031-02-18","Available","https://www.tcl.com/au","ATV7261",177068,189.306,15312,129.1,586,5,5.198777204048162,74.52992125984252,"4. >65 inches"
"TCL","65C7L","Australia,Fiji,New Zealand","LCD (LED)","0.338","2031-02-19","Available","https://www.tcl.com/au","ATV7277",177069,163.829,11466.84,99.5,488,4.5,4.788218624299775,64.4996062992126,"3. 56–65 inches"
"BAUHN","ATV55UHDW-0426","Australia","LCD","0.47","2031-02-19","Available",,"ATV7278",177119,138.401,8188.740000000001,71.6,270,6,6.033938115953562,54.48858267716536,"2. 44–55 inches"
"SAMSUNG","QA40Q5FAAW","Australia,Fiji,New Zealand","LCD (LED)","0.5","2031-03-01","Available",,"ATV7291",177301,100.333,4262.2974,41,153,5.5,5.9671476594952,39.5011811023622,"1. ≤43 inches"
"SAMSUNG","QA40Q5FAAS","Australia,Fiji,New Zealand","LCD (LED)","0.5","2031-03-01","Available",,"ATV7291",177301,100.333,4262.2974,41,153,5.5,5.9671476594952,39.5011811023622,"1. ≤43 inches"
"SAMSUNG","QA40Q5FAA*","Australia,Fiji,New Zealand","LCD (LED)","0.5","2031-03-01","Available",,"ATV7291",177301,100.333,4262.2974,41,153,5.5,5.9671476594952,39.5011811023622,"1. ≤43 inches"
"SAMSUNG","QA43Q5FAAW","Australia,Fiji,New Zealand","LCD (LED)","0.5","2031-03-01","Available",,"ATV7292",177302,107.987,4982.7128,48,178,5.5,5.896368429245722,42.514566929133856,"1. ≤43 inches"
"SAMSUNG","QA43Q5FAAS","Australia,Fiji,New Zealand","LCD (LED)","0.5","2031-03-01","Available",,"ATV7292",177302,107.987,4982.7128,48,178,5.5,5.896368429245722,42.514566929133856,"1. ≤43 inches"
"SAMSUNG","QA43Q5FAA*","Australia,Fiji,New Zealand","LCD (LED)","0.5","2031-03-01","Available",,"ATV7292",177302,107.987,4982.7128,48,178,5.5,5.896368429245722,42.514566929133856,"1. ≤43 inches"
"LG","50QNED86BSA","Australia,New Zealand","LCD (LED)","0.4","2031-04-06","Available",,"ATV7335",177389,125.727,6754.5112,68,251,5.5,5.572396855687801,49.4988188976378,"2. 44–55 inches"
"LG","75MRGB96BSA","Australia,New Zealand","LCD (LED)","0.4","2031-04-06","Available",,"ATV7334",177390,189.275,15307.5663,148,543,5.5,5.5390672901039455,74.51771653543307,"4. >65 inches"
"LG","86MRGB96BSA","Australia,New Zealand","LCD (LED)","0.4","2031-04-06","Available",,"ATV7336",177391,217.443,20202.832,172,630,6,6.068806772819887,85.60748031496064,"4. >65 inches"
"TCL","55C6L","Australia,Fiji,New Zealand","LCD (LED)","0.331","2031-03-17","Available","https://www.tcl.com/au","ATV7299",177478,138.711,8221.2,74.1,300,5.5,5.578108283365271,54.61062992125985,"2. 44–55 inches"
"TCL","65C6L","Australia,Fiji,New Zealand","LCD (LED)","0.322","2031-03-19","Available","https://www.tcl.com/au","ATV7302",177479,163.829,11466.84,81.1,380,5.5,5.909219664479898,64.4996062992126,"3. 56–65 inches"
"TCL","75C6L","Australia,Fiji,New Zealand","LCD (LED)","0.346","2031-03-17","Available","https://www.tcl.com/au","ATV7301",177480,189.306,15312,118.9,511,5.5,5.8125085826460925,74.52992125984252,"4. >65 inches"
"TCL","85C6L","Australia,Fiji,New Zealand","LCD (LED)","0.326","2031-03-17","Available","https://www.tcl.com/au","ATV7300",177484,214.783,19712.16,124.9,555,6,6.530385088299385,84.56023622047243,"4. >65 inches"
"SONY","K-98XR70M2","Australia,New Zealand","LCD (LED)","0.5","2031-03-01","Available","https://www.sony.com.au/","ATV7293",177516,247.691,26210.260000000002,217,798,6,6.141543653942338,97.51614173228346,"4. >65 inches"
"HISENSE","40A4SAU","Australia,New Zealand","LCD (LED)","0.25","2031-03-09","Available","https://global.hisense.com/","ATV7294",177730,100.332,4261.906885,28.17,121,7,7.018348467224255,39.5007874015748,"1. ≤43 inches"
"HISENSE","40A4SNZ","Australia,New Zealand","LCD (LED)","0.25","2031-03-09","Available","https://global.hisense.com/","ATV7294",177730,100.332,4261.906885,28.17,121,7,7.018348467224255,39.5007874015748,"1. ≤43 inches"
"HISENSE","32A4SAU","Australia,New Zealand","LCD (LED)","0.37","2031-03-10","Available","https://global.hisense.com/","ATV7295",177731,80.039,2736.719568,22.07,89,6,6.7490607593293985,31.511417322834646,"1. ≤43 inches"
"HISENSE","32A4SNZ","Australia,New Zealand","LCD (LED)","0.37","2031-03-10","Available","https://global.hisense.com/","ATV7295",177731,80.039,2736.719568,22.07,89,6,6.7490607593293985,31.511417322834646,"1. ≤43 inches"
"HISENSE","32A4S","Australia,New Zealand","LCD (LED)","0.37","2031-03-10","Available","https://global.hisense.com/","ATV7295",177731,80.039,2736.719568,22.07,89,6,6.7490607593293985,31.511417322834646,"1. ≤43 inches"
"HISENSE","40A4S","Australia,New Zealand","LCD (LED)","0.25","2031-03-09","Available","https://global.hisense.com/","ATV7294",177730,100.332,4261.906885,28.17,121,7,7.018348467224255,39.5007874015748,"1. ≤43 inches"
"LG","43NU85CB6LA","Australia,New Zealand","LCD (LED)","0.4","2031-04-15","Available",,"ATV7354",177805,107.987,4982.7128,62,229,4.5,4.767326376368296,42.514566929133856,"1. ≤43 inches"
"LG","43NU85CBPSA","Australia,New Zealand","LCD (LED)","0.4","2031-04-14","Available",,"ATV7344",177806,107.987,4982.7128,62,229,4.5,4.767326376368296,42.514566929133856,"1. ≤43 inches"
"LG","50NU85CB6LA","Australia,New Zealand","LCD (LED)","0.4","2031-04-14","Available",,"ATV7345",177808,125.727,6754.5112,76,280,5,5.082413329865411,49.4988188976378,"2. 44–55 inches"
"LG","50NU85CBPSA","Australia,New Zealand","LCD (LED)","0.4","2031-04-15","Available",,"ATV7355",177809,125.727,6754.5112,76,280,5,5.082413329865411,49.4988188976378,"2. 44–55 inches"
"LG","55NU85CB6LA","Australia,New Zealand","LCD (LED)","0.4","2031-04-14","Available",,"ATV7346",177810,138.783,8230.118400000001,80,295,5.5,5.657905656148303,54.63897637795275,"2. 44–55 inches"
"LG","55NU85CBPSA","Australia,New Zealand","LCD (LED)","0.4","2031-04-14","Available",,"ATV7347",177811,138.783,8230.118400000001,80,295,5.5,5.657905656148303,54.63897637795275,"2. 44–55 inches"
"LG","65NU85CB6LA","Australia,New Zealand","LCD (LED)","0.4","2031-04-14","Available",,"ATV7348",177812,163.897,11477.9975,100,368,6,6.0571285405123145,64.52637795275591,"3. 56–65 inches"
"LG","65NU85CBPSA","Australia,New Zealand","LCD (LED)","0.4","2031-04-15","Available",,"ATV7356",177813,163.897,11477.9975,100,368,6,6.0571285405123145,64.52637795275591,"3. 56–65 inches"
"LG","75NU85CB6LA","Australia,New Zealand","LCD (LED)","0.4","2031-04-14","Available",,"ATV7349",177814,189.275,15307.5663,130,477,6,6.119827201301709,74.51771653543307,"4. >65 inches"
"LG","75NU85CBPSA","Australia,New Zealand","LCD (LED)","0.4","2031-04-15","Available",,"ATV7357",177815,189.275,15307.5663,130,477,6,6.119827201301709,74.51771653543307,"4. >65 inches"
"LG","85NU85CB6LA","Australia,New Zealand","LCD (LED)","0.4","2031-04-14","Available",,"ATV7350",177816,214.783,19712.16,155,568,6,6.426625401593877,84.56023622047243,"4. >65 inches"
"LG","85NU85CBPSA","Australia,New Zealand","LCD (LED)","0.4","2031-04-14","Available",,"ATV7351",177818,214.783,19712.16,155,568,6,6.426625401593877,84.56023622047243,"4. >65 inches"
"AIWA","AWB657QW","Australia","LCD (LED)","-","2031-03-13","Available",,"ATV7296",177829,163.896,11478.122496000002,106.434,391,5.5,5.785490136901949,64.5259842519685,"3. 56–65 inches"
"XIAOMI","L75MC-SAU","Australia,Fiji,New Zealand","LCD (LED)","-","2031-04-19","Available",,"ATV7365",177875,189.338,15318.8066,90.8,393,6,6.991054732042133,74.54251968503937,"4. >65 inches"
"XIAOMI","L65MC-SAU","Australia,Fiji,New Zealand","LCD (LED)","-","2031-04-19","Available",,"ATV7360",177886,163.897,11477.9975,78.8,355,6,6.218303481404389,64.52637795275591,"3. 56–65 inches"
"BAUHN","ATV50UHDW-0326","Australia","LCD","-","2031-03-15","Available",,"ATV7297",177907,125.727,6754.5112,61.7,227,6,6.022792670661913,49.4988188976378,"2. 44–55 inches"
"BAUHN","ATV70UHDW-0326","Australia","LCD","-","2031-03-16","Available",,"ATV7298",177908,176.541,13381.265147999999,108.3,397,6,6.367948428610225,69.50433070866141,"4. >65 inches"
"AIWA","AWS500QWS","Australia","LCD","-","2031-03-24","Available",,"ATV7321",178028,127.178,6944.860823999999,83.118,306,4.5,4.797474257382795,50.07007874015748,"2. 44–55 inches"
"HISENSE","40Q6SAU","Australia,New Zealand","LCD (LED)","0.24","2031-03-23","Available","https://global.hisense.com/","ATV7318",178184,100.332,4261.906885,30.63,119,7,7.093040531534654,39.5007874015748,"1. ≤43 inches"
"HISENSE","40Q6SNZ","Australia,New Zealand","LCD (LED)","0.24","2031-03-23","Available","https://global.hisense.com/","ATV7318",178184,100.332,4261.906885,30.63,119,7,7.093040531534654,39.5007874015748,"1. ≤43 inches"
"HISENSE","43Q6SAU","Australia,New Zealand","LCD (LED)","0.27","2031-03-22","Available","https://global.hisense.com/","ATV7303",178185,107.95,4977.889999999999,49.62,188,5.5,5.647616432117,42.5,"1. ≤43 inches"
"HISENSE","43Q6SNZ","Australia,New Zealand","LCD (LED)","0.27","2031-03-22","Available","https://global.hisense.com/","ATV7303",178185,107.95,4977.889999999999,49.62,188,5.5,5.647616432117,42.5,"1. ≤43 inches"
"HISENSE","50Q6SAU","Australia,New Zealand","LCD (LED)","0.32","2031-03-22","Available","https://global.hisense.com/","ATV7311",178186,125.731,6754.867344,50.32,199,6,6.612964174233883,49.5003937007874,"2. 44–55 inches"
"HISENSE","55Q6SAU","Australia,New Zealand","LCD (LED)","0.33","2031-03-22","Available","https://global.hisense.com/","ATV7304",178187,138.783,8230.118400000001,52.49,205,7,7.288987419693915,54.63897637795275,"2. 44–55 inches"
"HISENSE","55Q6SNZ","Australia,New Zealand","LCD (LED)","0.33","2031-03-22","Available","https://global.hisense.com/","ATV7304",178187,138.783,8230.118400000001,52.49,205,7,7.288987419693915,54.63897637795275,"2. 44–55 inches"
"HISENSE","65Q6SAU","Australia,New Zealand","LCD (LED)","0.32","2031-03-22","Available","https://global.hisense.com/","ATV7312",178188,163.896,11478.122496000002,69.23,288,7,7.155671251474674,64.5259842519685,"3. 56–65 inches"
"HISENSE","65Q6SNZ","Australia,New Zealand","LCD (LED)","0.32","2031-03-22","Available","https://global.hisense.com/","ATV7312",178188,163.896,11478.122496000002,69.23,288,7,7.155671251474674,64.5259842519685,"3. 56–65 inches"
"HISENSE","75Q6SAU","Australia,New Zealand","LCD (LED)","0.32","2031-03-22","Available","https://global.hisense.com/","ATV7305",178189,189.34,15318.517823999999,102.05,391,7,7.013838382936172,74.54330708661418,"4. >65 inches"
"HISENSE","75Q6SNZ","Australia,New Zealand","LCD (LED)","0.32","2031-03-22","Available","https://global.hisense.com/","ATV7305",178189,189.34,15318.517823999999,102.05,391,7,7.013838382936172,74.54330708661418,"4. >65 inches"
"HISENSE","85Q6SAU","Australia,New Zealand","LCD (LED)","0.34","2031-03-22","Available","https://global.hisense.com/","ATV7313",178190,214.783,19712.16,129.96,499,7,7.007037975503581,84.56023622047243,"4. >65 inches"
"HISENSE","85Q6SNZ","Australia,New Zealand","LCD (LED)","0.34","2031-03-22","Available","https://global.hisense.com/","ATV7313",178190,214.783,19712.16,129.96,499,7,7.007037975503581,84.56023622047243,"4. >65 inches"
"HISENSE","40Q6S","Australia,New Zealand","LCD (LED)","0.24","2031-03-23","Available","https://global.hisense.com/","ATV7318",178184,100.332,4261.906885,30.63,119,7,7.093040531534654,39.5007874015748,"1. ≤43 inches"
"HISENSE","43Q6S series","Australia,New Zealand","LCD (LED)","0.27","2031-03-22","Available","https://global.hisense.com/","ATV7303",178185,107.95,4977.889999999999,49.62,188,5.5,5.647616432117,42.5,"1. ≤43 inches"
"HISENSE","50Q6SNZ","Australia,New Zealand","LCD (LED)","0.32","2031-03-22","Available","https://global.hisense.com/","ATV7311",178186,125.731,6754.867344,50.32,199,6,6.612964174233883,49.5003937007874,"2. 44–55 inches"
"HISENSE","50Q6S series","Australia,New Zealand","LCD (LED)","0.32","2031-03-22","Available","https://global.hisense.com/","ATV7311",178186,125.731,6754.867344,50.32,199,6,6.612964174233883,49.5003937007874,"2. 44–55 inches"
"HISENSE","65Q6S series","Australia,New Zealand","LCD (LED)","0.32","2031-03-22","Available","https://global.hisense.com/","ATV7312",178188,163.896,11478.122496000002,69.23,288,7,7.155671251474674,64.5259842519685,"3. 56–65 inches"
"HISENSE","55Q6S series","Australia,New Zealand","LCD (LED)","0.33","2031-03-22","Available","https://global.hisense.com/","ATV7304",178187,138.783,8230.118400000001,52.49,205,7,7.288987419693915,54.63897637795275,"2. 44–55 inches"
"HISENSE","75Q6S series","Australia,New Zealand","LCD (LED)","0.32","2031-03-22","Available","https://global.hisense.com/","ATV7305",178189,189.34,15318.517823999999,102.05,391,7,7.013838382936172,74.54330708661418,"4. >65 inches"
"HISENSE","85Q6S series","Australia,New Zealand","LCD (LED)","0.34","2031-03-22","Available","https://global.hisense.com/","ATV7313",178190,214.783,19712.16,129.96,499,7,7.007037975503581,84.56023622047243,"4. >65 inches"
"HISENSE","55U7SAU","Australia,New Zealand","LCD (LED)","0.38","2031-03-24","Available","https://global.hisense.com/","ATV7320",178191,138.783,8230.118400000001,87.25,339,5,5.034877339973175,54.63897637795275,"2. 44–55 inches"
"HISENSE","55U7SNZ","Australia,New Zealand","LCD (LED)","0.38","2031-03-24","Available","https://global.hisense.com/","ATV7320",178191,138.783,8230.118400000001,87.25,339,5,5.034877339973175,54.63897637795275,"2. 44–55 inches"
"HISENSE","100U7SAU","Australia,New Zealand","LCD (LED)","0.4","2031-03-22","Available","https://global.hisense.com/","ATV7314",178192,252.784,27304.2576,215.17,856,6,6.005696950959268,99.52125984251968,"4. >65 inches"
"HISENSE","100U7SNZ","Australia,New Zealand","LCD (LED)","0.4","2031-03-22","Available","https://global.hisense.com/","ATV7314",178192,252.784,27304.2576,215.17,856,6,6.005696950959268,99.52125984251968,"4. >65 inches"
"HISENSE","85U7SAU","Australia,New Zealand","LCD (LED)","0.43","2031-03-22","Available","https://global.hisense.com/","ATV7306",178193,214.783,19712.16,174.17,688,5.5,5.5676831732240135,84.56023622047243,"4. >65 inches"
"HISENSE","85U7SNZ","Australia,New Zealand","LCD (LED)","0.43","2031-03-22","Available","https://global.hisense.com/","ATV7306",178193,214.783,19712.16,174.17,688,5.5,5.5676831732240135,84.56023622047243,"4. >65 inches"
"HISENSE","75U7SAU","Australia,New Zealand","LCD (LED)","0.36","2031-03-22","Available","https://global.hisense.com/","ATV7315",178194,189.34,15318.517823999999,135.5,521,5.5,5.727480430499471,74.54330708661418,"4. >65 inches"
"HISENSE","75U7SNZ","Australia,New Zealand","LCD (LED)","0.36","2031-03-22","Available","https://global.hisense.com/","ATV7315",178194,189.34,15318.517823999999,135.5,521,5.5,5.727480430499471,74.54330708661418,"4. >65 inches"
"HISENSE","65U7SAU","Australia,New Zealand","LCD (LED)","0.34","2031-03-30","Available","https://global.hisense.com/","ATV7327",178195,163.896,11478.122496000002,117.57,465,5,5.008726279819099,64.5259842519685,"3. 56–65 inches"
"HISENSE","65U7SNZ","Australia,New Zealand","LCD (LED)","0.34","2031-03-30","Available","https://global.hisense.com/","ATV7327",178195,163.896,11478.122496000002,117.57,465,5,5.008726279819099,64.5259842519685,"3. 56–65 inches"
"HISENSE","55U7S series","Australia,New Zealand","LCD (LED)","0.38","2031-03-24","Available","https://global.hisense.com/","ATV7320",178191,138.783,8230.118400000001,87.25,339,5,5.034877339973175,54.63897637795275,"2. 44–55 inches"
"HISENSE","65U7S series","Australia,New Zealand","LCD (LED)","0.34","2031-03-30","Available","https://global.hisense.com/","ATV7327",178195,163.896,11478.122496000002,117.57,465,5,5.008726279819099,64.5259842519685,"3. 56–65 inches"
"HISENSE","75U7S series","Australia,New Zealand","LCD (LED)","0.36","2031-03-22","Available","https://global.hisense.com/","ATV7315",178194,189.34,15318.517823999999,135.5,521,5.5,5.727480430499471,74.54330708661418,"4. >65 inches"
"HISENSE","85U7S series","Australia,New Zealand","LCD (LED)","0.43","2031-03-22","Available","https://global.hisense.com/","ATV7306",178193,214.783,19712.16,174.17,688,5.5,5.5676831732240135,84.56023622047243,"4. >65 inches"
"HISENSE","100U7S series","Australia,New Zealand","LCD (LED)","0.4","2031-03-22","Available","https://global.hisense.com/","ATV7314",178192,252.784,27304.2576,215.17,856,6,6.005696950959268,99.52125984251968,"4. >65 inches"
"HISENSE","55S7SAU","Australia,New Zealand","LCD (LED)","0.39","2031-03-24","Available","https://global.hisense.com/","ATV7319",178197,138.783,8230.118400000001,79.6,305,5.5,5.5085111517081975,54.63897637795275,"2. 44–55 inches"
"HISENSE","65S7SAU","Australia,New Zealand","LCD (LED)","0.33","2031-03-22","Available","https://global.hisense.com/","ATV7307",178199,163.896,11478.122496000002,88.52,359,6,6.168136962204355,64.5259842519685,"3. 56–65 inches"
"HISENSE","55S7SNZ","Australia,New Zealand","LCD (LED)","0.39","2031-03-24","Available","https://global.hisense.com/","ATV7319",178197,138.783,8230.118400000001,79.6,305,5.5,5.5085111517081975,54.63897637795275,"2. 44–55 inches"
"HISENSE","55S7S","Australia,New Zealand","LCD (LED)","0.39","2031-03-24","Available","https://global.hisense.com/","ATV7319",178197,138.783,8230.118400000001,79.6,305,5.5,5.5085111517081975,54.63897637795275,"2. 44–55 inches"
"HISENSE","65S7SNZ","Australia,New Zealand","LCD (LED)","0.33","2031-03-22","Available","https://global.hisense.com/","ATV7307",178199,163.896,11478.122496000002,88.52,359,6,6.168136962204355,64.5259842519685,"3. 56–65 inches"
"HISENSE","65S7S","Australia,New Zealand","LCD (LED)","0.33","2031-03-22","Available","https://global.hisense.com/","ATV7307",178199,163.896,11478.122496000002,88.52,359,6,6.168136962204355,64.5259842519685,"3. 56–65 inches"
"HISENSE","65UR9SAU","Australia,New Zealand","LCD (LED)","0.33","2031-03-22","Available","https://global.hisense.com/","ATV7308",178201,163.896,11478.122496000002,138.43,520,4.5,4.507742024035239,64.5259842519685,"3. 56–65 inches"
"HISENSE","65UR9SNZ","Australia,New Zealand","LCD (LED)","0.33","2031-03-22","Available","https://global.hisense.com/","ATV7308",178201,163.896,11478.122496000002,138.43,520,4.5,4.507742024035239,64.5259842519685,"3. 56–65 inches"
"HISENSE","75UR9SAU","Australia,New Zealand","LCD (LED)","0.36","2031-03-22","Available","https://global.hisense.com/","ATV7316",178202,189.34,15318.517823999999,135.5,520,5.5,5.736090270069463,74.54330708661418,"4. >65 inches"
"HISENSE","75UR9SNZ","Australia,New Zealand","LCD (LED)","0.36","2031-03-22","Available","https://global.hisense.com/","ATV7316",178202,189.34,15318.517823999999,135.5,520,5.5,5.736090270069463,74.54330708661418,"4. >65 inches"
"HISENSE","85UR9SAU","Australia,New Zealand","LCD (LED)","0.43","2031-03-22","Available","https://global.hisense.com/","ATV7309",178203,214.783,19712.16,182.87,698,5.5,5.503015094115111,84.56023622047243,"4. >65 inches"
"HISENSE","85UR9SNZ","Australia,New Zealand","LCD (LED)","0.43","2031-03-22","Available","https://global.hisense.com/","ATV7309",178203,214.783,19712.16,182.87,698,5.5,5.503015094115111,84.56023622047243,"4. >65 inches"
"HISENSE","75U85AU","Australia,New Zealand","LCD (LED)","0.43","2031-03-22","Available","https://global.hisense.com/","ATV7317",178204,189.34,15318.517823999999,141.6,548,5.5,5.501055580231206,74.54330708661418,"4. >65 inches"
"HISENSE","75U85NZ","Australia,New Zealand","LCD (LED)","0.43","2031-03-22","Available","https://global.hisense.com/","ATV7317",178204,189.34,15318.517823999999,141.6,548,5.5,5.501055580231206,74.54330708661418,"4. >65 inches"
"HISENSE","85U85AU","Australia,New Zealand","LCD (LED)","0.41","2031-03-22","Available","https://global.hisense.com/","ATV7310",178205,214.783,19712.16,187.48,777,5,5.0225116380493064,84.56023622047243,"4. >65 inches"
"HISENSE","85U85NZ","Australia,New Zealand","LCD (LED)","0.41","2031-03-22","Available","https://global.hisense.com/","ATV7310",178205,214.783,19712.16,187.48,777,5,5.0225116380493064,84.56023622047243,"4. >65 inches"
"HISENSE","75U85 Series","Australia,New Zealand","LCD (LED)","0.43","2031-03-22","Available","https://global.hisense.com/","ATV7317",178204,189.34,15318.517823999999,141.6,548,5.5,5.501055580231206,74.54330708661418,"4. >65 inches"
"HISENSE","85U85","Australia,New Zealand","LCD (LED)","0.41","2031-03-22","Available","https://global.hisense.com/","ATV7310",178205,214.783,19712.16,187.48,777,5,5.0225116380493064,84.56023622047243,"4. >65 inches"
"HISENSE","65UR9S Series","Australia,New Zealand","LCD (LED)","0.33","2031-03-22","Available","https://global.hisense.com/","ATV7308",178201,163.896,11478.122496000002,138.43,520,4.5,4.507742024035239,64.5259842519685,"3. 56–65 inches"
"HISENSE","75UR9S Series","Australia,New Zealand","LCD (LED)","0.36","2031-03-22","Available","https://global.hisense.com/","ATV7316",178202,189.34,15318.517823999999,135.5,520,5.5,5.736090270069463,74.54330708661418,"4. >65 inches"
"HISENSE","85UR9S","Australia,New Zealand","LCD (LED)","0.43","2031-03-22","Available","https://global.hisense.com/","ATV7309",178203,214.783,19712.16,182.87,698,5.5,5.503015094115111,84.56023622047243,"4. >65 inches"
"HISENSE","32Q6SAU","Australia,New Zealand","LCD (LED)","0.39","2030-12-08","Available","https://global.hisense.com/","ATV7016",175073,80.131,2743.6644,24.82,99,6,6.280909501006662,31.54763779527559,"1. ≤43 inches"
"HISENSE","32Q6SNZ","Australia,New Zealand","LCD (LED)","0.39","2030-12-08","Available","https://global.hisense.com/","ATV7016",175073,80.131,2743.6644,24.82,99,6,6.280909501006662,31.54763779527559,"1. ≤43 inches"
"HISENSE","32Q6","Australia,New Zealand","LCD (LED)","0.39","2030-12-08","Available","https://global.hisense.com/","ATV7016",175073,80.131,2743.6644,24.82,99,6,6.280909501006662,31.54763779527559,"1. ≤43 inches"
"HISENSE","32Q6QNZ","Australia,New Zealand","LCD (LED)","0.39","2030-12-08","Available","https://global.hisense.com/","ATV7016",175073,80.131,2743.6644,24.82,99,6,6.280909501006662,31.54763779527559,"1. ≤43 inches"
"HISENSE","32Q6QAU","Australia,New Zealand","LCD (LED)","0.39","2030-12-08","Available","https://global.hisense.com/","ATV7016",175073,80.131,2743.6644,24.82,99,6,6.280909501006662,31.54763779527559,"1. ≤43 inches"
"HISENSE","75S7QAU","Australia,New Zealand","LCD (LED)","0.39","2030-05-14","Available","https://global.hisense.com/","ATV6769",169505,189.34,15318.517823999999,123.02,489,6,6.011546682493634,74.54330708661418,"4. >65 inches"
"HISENSE","75S7QNZ","Australia,New Zealand","LCD (LED)","0.39","2030-05-14","Available","https://global.hisense.com/","ATV6769",169505,189.34,15318.517823999999,123.02,489,6,6.011546682493634,74.54330708661418,"4. >65 inches"
"HISENSE","75S7SAU","Australia,New Zealand","LCD (LED)","0.39","2030-05-14","Available","https://global.hisense.com/","ATV6769",169505,189.34,15318.517823999999,123.02,489,6,6.011546682493634,74.54330708661418,"4. >65 inches"
"HISENSE","75S7SNZ","Australia,New Zealand","LCD (LED)","0.39","2030-05-14","Available","https://global.hisense.com/","ATV6769",169505,189.34,15318.517823999999,123.02,489,6,6.011546682493634,74.54330708661418,"4. >65 inches"
"HISENSE","75S7 Series","Australia,New Zealand","LCD (LED)","0.39","2030-05-14","Available","https://global.hisense.com/","ATV6769",169505,189.34,15318.517823999999,123.02,489,6,6.011546682493634,74.54330708661418,"4. >65 inches"
"TCL","98P8LS","Australia,Fiji,New Zealand","LCD (LED)","0.323","2031-04-08","Available","https://www.tcl.com/au","ATV7339",178239,247.604,26198.120000000003,186.4,866,5.5,5.773047517354137,97.48188976377953,"4. >65 inches"
"BAUHN","ATV40FHDW-0426","Australia","LCD (LED)","-","2031-03-24","Available",,"ATV7322",178250,100.333,4262.2974,40.5,150,6,6.055891551844101,39.5011811023622,"1. ≤43 inches"
"LG","OLED77W6PSA","Australia,New Zealand","OLED","0.4","2031-04-08","Available",,"ATV7338",178264,194.738,16204.123099999999,165,605,5,5.298754972715972,76.66850393700787,"4. >65 inches"
"LG","OLED77W66LA","Australia,New Zealand","OLED","0.4","2031-05-04","Available",,"ATV7396",178265,194.738,16204.123099999999,165,605,5,5.298754972715972,76.66850393700787,"4. >65 inches"
"LG","OLED83W6PSA","Australia,New Zealand","OLED","0.4","2031-05-03","Available",,"ATV7394",178266,209.585,18769.3425,180,660,5.5,5.541959876092789,82.51377952755905,"4. >65 inches"
"LG","OLED83W66LA","Australia,New Zealand","OLED","0.4","2031-05-04","Available",,"ATV7397",178267,209.585,18769.3425,180,660,5.5,5.541959876092789,82.51377952755905,"4. >65 inches"
"DGTEC","DG49FHDT-23899","Australia","LCD","0.395","2031-03-30","Available",,"ATV7328",178407,125.774,6762.32,52.6,195,6,6.708438262575533,49.51732283464567,"2. 44–55 inches"
"TOSHIBA","55Z670SP","Australia","LCD (LED)","0.35","2031-03-30","Available","https://global.hisense.com/","ATV7329",178436,138.783,8230.118400000001,63.69,245,6,6.490182209520817,54.63897637795275,"2. 44–55 inches"
"TOSHIBA","65Z670SP","Australia","LCD (LED)","0.32","2031-03-30","Available","https://global.hisense.com/","ATV7332",178437,163.896,11478.122496000002,95.12,369,6,6.045013280653004,64.5259842519685,"3. 56–65 inches"
"TOSHIBA","75Z670SP","Australia","LCD (LED)","0.43","2031-03-30","Available","https://global.hisense.com/","ATV7330",178438,189.34,15318.517823999999,117.42,450,6,6.384019497508897,74.54330708661418,"4. >65 inches"
"TOSHIBA","85Z670SP","Australia","LCD (LED)","0.36","2031-03-30","Available","https://global.hisense.com/","ATV7333",178439,214.783,19712.16,155.83,599,6,6.18848193259678,84.56023622047243,"4. >65 inches"
"SKYWORTH","32E5500H","Australia,Fiji,New Zealand","LCD (LED)","-","2031-03-30","Available",,"ATV7331",178442,80.043,2737.0770999999995,18.4,90,6,6.6994546526913235,31.512992125984255,"1. ≤43 inches"
"TOSHIBA","50C350RP","Australia","LCD (LED)","0.3","2030-06-18","Available","https://global.hisense.com/","ATV6820",170349,125.731,6754.867344,54.86,228,6,6.003308177326366,49.5003937007874,"2. 44–55 inches"
"TOSHIBA","50C350SP","Australia","LCD (LED)","0.3","2030-06-18","Available","https://global.hisense.com/","ATV6820",170349,125.731,6754.867344,54.86,228,6,6.003308177326366,49.5003937007874,"2. 44–55 inches"
"TOSHIBA","50C350","Australia","LCD (LED)","0.3","2030-06-18","Available","https://global.hisense.com/","ATV6820",170349,125.731,6754.867344,54.86,228,6,6.003308177326366,49.5003937007874,"2. 44–55 inches"
"TOSHIBA","65C350RP","Australia","LCD (LED)","0.32","2030-06-18","Available","https://global.hisense.com/","ATV6818",169327,163.896,11478.122496000002,81.08,321,6,6.669523915577353,64.5259842519685,"3. 56–65 inches"
"TOSHIBA","65C350SP","Australia","LCD (LED)","0.32","2030-06-18","Available","https://global.hisense.com/","ATV6818",169327,163.896,11478.122496000002,81.08,321,6,6.669523915577353,64.5259842519685,"3. 56–65 inches"
"TOSHIBA","65C350","Australia","LCD (LED)","0.32","2030-06-18","Available","https://global.hisense.com/","ATV6818",169327,163.896,11478.122496000002,81.08,321,6,6.669523915577353,64.5259842519685,"3. 56–65 inches"
"TOSHIBA","85C350RP","Australia","LCD (LED)","0.33","2030-06-18","Available","https://global.hisense.com/","ATV6819",169329,214.783,19712.16,155.84,624,6,6.005242174991583,84.56023622047243,"4. >65 inches"
"TOSHIBA","85C350SP","Australia","LCD (LED)","0.33","2030-06-18","Available","https://global.hisense.com/","ATV6819",169329,214.783,19712.16,155.84,624,6,6.005242174991583,84.56023622047243,"4. >65 inches"
"TOSHIBA","85C350","Australia","LCD (LED)","0.33","2030-06-18","Available","https://global.hisense.com/","ATV6819",169329,214.783,19712.16,155.84,624,6,6.005242174991583,84.56023622047243,"4. >65 inches"
"TOSHIBA","75Z770RP","Australia","LCD (LED)","0.33","2030-05-14","Available","https://global.hisense.com/","ATV6759",169093,189.34,15318.517823999999,137.3,548,5.5,5.501055580231206,74.54330708661418,"4. >65 inches"
"TOSHIBA","75Z770SP","Australia","LCD (LED)","0.33","2030-05-14","Available","https://global.hisense.com/","ATV6759",169093,189.34,15318.517823999999,137.3,548,5.5,5.501055580231206,74.54330708661418,"4. >65 inches"
"TOSHIBA","75Z770","Australia","LCD (LED)","0.33","2030-05-14","Available","https://global.hisense.com/","ATV6759",169093,189.34,15318.517823999999,137.3,548,5.5,5.501055580231206,74.54330708661418,"4. >65 inches"
"TOSHIBA","43C350SP","Australia","LCD (LED)","0.23","2030-08-19","Available","https://global.hisense.com/","ATV6889",170785,107.986,4982.795156,50.56,194,5.5,5.510696888148748,42.51417322834646,"1. ≤43 inches"
"TOSHIBA","43C350RP","Australia","LCD (LED)","0.23","2030-08-19","Available","https://global.hisense.com/","ATV6889",170785,107.986,4982.795156,50.56,194,5.5,5.510696888148748,42.51417322834646,"1. ≤43 inches"
"TOSHIBA","43C350","Australia","LCD (LED)","0.23","2030-08-19","Available","https://global.hisense.com/","ATV6889",170785,107.986,4982.795156,50.56,194,5.5,5.510696888148748,42.51417322834646,"1. ≤43 inches"
"TOSHIBA","55C350RP","Australia,New Zealand","LCD (LED)","0.31","2030-06-18","Available","https://global.hisense.com/","ATV6816",169326,138.783,8230.118400000001,63.29,259,6,6.241150360616689,54.63897637795275,"2. 44–55 inches"
"TOSHIBA","55C350SP","Australia,New Zealand","LCD (LED)","0.31","2030-06-18","Available","https://global.hisense.com/","ATV6816",169326,138.783,8230.118400000001,63.29,259,6,6.241150360616689,54.63897637795275,"2. 44–55 inches"
"TOSHIBA","55C350","Australia,New Zealand","LCD (LED)","0.31","2030-06-18","Available","https://global.hisense.com/","ATV6816",169326,138.783,8230.118400000001,63.29,259,6,6.241150360616689,54.63897637795275,"2. 44–55 inches"
"TOSHIBA","75C350RP","Australia","LCD (LED)","0.29","2030-06-18","Available","https://global.hisense.com/","ATV6817",169328,189.34,15318.517823999999,87.19,345,7,7.574747009767889,74.54330708661418,"4. >65 inches"
"TOSHIBA","75C350SP","Australia","LCD (LED)","0.29","2030-06-18","Available","https://global.hisense.com/","ATV6817",169328,189.34,15318.517823999999,87.19,345,7,7.574747009767889,74.54330708661418,"4. >65 inches"
"TOSHIBA","75C350","Australia","LCD (LED)","0.29","2030-06-18","Available","https://global.hisense.com/","ATV6817",169328,189.34,15318.517823999999,87.19,345,7,7.574747009767889,74.54330708661418,"4. >65 inches"
"TOSHIBA","65Z770RP","Australia,New Zealand","LCD (LED)","0.36","2030-05-14","Available","https://global.hisense.com/","ATV6758",169092,163.896,11478.122496000002,128.56,520,4.5,4.507742024035239,64.5259842519685,"3. 56–65 inches"
"TOSHIBA","65Z770SP","Australia,New Zealand","LCD (LED)","0.36","2030-05-14","Available","https://global.hisense.com/","ATV6758",169092,163.896,11478.122496000002,128.56,520,4.5,4.507742024035239,64.5259842519685,"3. 56–65 inches"
"TOSHIBA","65Z770","Australia,New Zealand","LCD (LED)","0.36","2030-05-14","Available","https://global.hisense.com/","ATV6758",169092,163.896,11478.122496000002,128.56,520,4.5,4.507742024035239,64.5259842519685,"3. 56–65 inches"
"TOSHIBA","85Z770RP","Australia,New Zealand","LCD (LED)","0.35","2030-05-14","Available","https://global.hisense.com/","ATV6760",169094,214.783,19712.16,167.13,666,5.5,5.713325595788098,84.56023622047243,"4. >65 inches"
"TOSHIBA","85Z770SP","Australia,New Zealand","LCD (LED)","0.35","2030-05-14","Available","https://global.hisense.com/","ATV6760",169094,214.783,19712.16,167.13,666,5.5,5.713325595788098,84.56023622047243,"4. >65 inches"
"TOSHIBA","85Z770","Australia,New Zealand","LCD (LED)","0.35","2030-05-14","Available","https://global.hisense.com/","ATV6760",169094,214.783,19712.16,167.13,666,5.5,5.713325595788098,84.56023622047243,"4. >65 inches"
"XIAOMI","L85MC-SAU","Australia,Fiji,New Zealand","LCD (LED)","-","2031-04-19","Available",,"ATV7366",178545,214.783,19712.16,135,595,6,6.218508310371797,84.56023622047243,"4. >65 inches"
"XIAOMI","L98MC-SAU","Australia,Fiji,New Zealand","LCD (LED)","-","2031-04-19","Available",,"ATV7362",178546,247.693,26216.4672,189.8,808,6,6.086768029019206,97.51692913385827,"4. >65 inches"
"SONY","K-115XR90M2","Australia,New Zealand","LCD (LED)","0.5","2031-04-06","Available","https://www.sony.com.au/","ATV7337",178572,290.768,36134.84,351.3,1288,5,5.4029876245966495,114.47559055118109,"4. >65 inches"
"LG","43UJ660H5LD","Australia,New Zealand","LCD (LED)","0.4","2031-05-07","Available",,"ATV7400",178692,107.987,4982.7128,40,149,6,6.6933318337413885,42.514566929133856,"1. ≤43 inches"
"LG","55UJ660H5LD","Australia,New Zealand","LCD (LED)","0.4","2031-05-07","Available",,"ATV7399",178693,138.783,8230.118400000001,46,170,8,8.12796099067797,54.63897637795275,"2. 44–55 inches"
"LG","65UJ660H5LD","Australia,New Zealand","LCD (LED)","0.4","2031-05-07","Available",,"ATV7401",178694,163.897,11477.9975,50,185,9,9.139122660621185,64.52637795275591,"3. 56–65 inches"
"LG","43NU830B6LA","Australia,New Zealand","LCD (LED)","0.4","2031-05-10","Available",,"ATV7403",178696,107.987,4982.7128,62,229,4.5,4.767326376368296,42.514566929133856,"1. ≤43 inches"
"LG","50NU830B6LA","Australia,New Zealand","LCD (LED)","0.4","2031-05-10","Available",,"ATV7410",178697,125.727,6754.5112,76,280,5,5.082413329865411,49.4988188976378,"2. 44–55 inches"
"LG","55NU830B6LA","Australia,New Zealand","LCD (LED)","0.4","2031-05-10","Available",,"ATV7404",178698,138.783,8230.118400000001,80,295,5.5,5.657905656148303,54.63897637795275,"2. 44–55 inches"
"LG","65NU830B6LA","Australia,New Zealand","LCD (LED)","0.4","2031-05-10","Available",,"ATV7411",178699,163.897,11477.9975,100,368,6,6.0571285405123145,64.52637795275591,"3. 56–65 inches"
"LG","75NU830B6LA","Australia,New Zealand","LCD (LED)","0.4","2031-05-10","Available",,"ATV7405",178700,189.275,15307.5663,130,477,6,6.119827201301709,74.51771653543307,"4. >65 inches"
"LG","32LK660H0LD","Australia,New Zealand","LCD (LED)","0.4","2031-04-22","Available",,"ATV7384",178701,80.043,2737.0770999999995,24,90,6,6.6994546526913235,31.512992125984255,"1. ≤43 inches"
"AIWA","AWB505DW","Australia","LCD","-","2031-04-08","Available",,"ATV7340",178727,125.731,6754.867344,49.08,200,6,6.5905008684649165,49.5003937007874,"2. 44–55 inches"
"SAMSUNG","QA85QN990HW","Australia,Fiji,New Zealand","LCD (LED)","0.5","2031-04-08","Available",,"ATV7343",178742,214.783,19712.16,329,1204,3,3.059809722973934,84.56023622047243,"4. >65 inches"
"SAMSUNG","QA85QN990HS","Australia,Fiji,New Zealand","LCD (LED)","0.5","2031-04-08","Available",,"ATV7343",178742,214.783,19712.16,329,1204,3,3.059809722973934,84.56023622047243,"4. >65 inches"
"SAMSUNG","QA85QN990H*","Australia,Fiji,New Zealand","LCD (LED)","0.5","2031-04-08","Available",,"ATV7343",178742,214.783,19712.16,329,1204,3,3.059809722973934,84.56023622047243,"4. >65 inches"
"SAMSUNG","UA100M90HW","Australia,Fiji,New Zealand","LCD (LED)","0.5","2031-04-08","Available",,"ATV7341",178743,252.784,27304.2576,181,664,7,7.143924899602363,99.52125984251968,"4. >65 inches"
"SAMSUNG","UA100M90HS","Australia,Fiji,New Zealand","LCD (LED)","0.5","2031-04-08","Available",,"ATV7341",178743,252.784,27304.2576,181,664,7,7.143924899602363,99.52125984251968,"4. >65 inches"
"SAMSUNG","UA100M90H*","Australia,Fiji,New Zealand","LCD (LED)","0.5","2031-04-08","Available",,"ATV7341",178743,252.784,27304.2576,181,664,7,7.143924899602363,99.52125984251968,"4. >65 inches"
"HISENSE","55U6SAU","Australia,New Zealand","LCD (LED)","0.33","2031-04-20","Available","https://global.hisense.com/","ATV7367",178753,138.783,8230.118400000001,81.93,311,5,5.421207998840513,54.63897637795275,"2. 44–55 inches"
"HISENSE","55U6SNZ","Australia,New Zealand","LCD (LED)","0.33","2031-04-20","Available","https://global.hisense.com/","ATV7367",178753,138.783,8230.118400000001,81.93,311,5,5.421207998840513,54.63897637795275,"2. 44–55 inches"
"HISENSE","65U6SAU","Australia,New Zealand","LCD (LED)","0.37","2031-04-19","Available","https://global.hisense.com/","ATV7363",178754,163.896,11478.122496000002,110,416,5.5,5.50774202403524,64.5259842519685,"3. 56–65 inches"
"HISENSE","65U6SNZ","Australia,New Zealand","LCD (LED)","0.37","2031-04-19","Available","https://global.hisense.com/","ATV7363",178754,163.896,11478.122496000002,110,416,5.5,5.50774202403524,64.5259842519685,"3. 56–65 inches"
"HISENSE","75U6SAU","Australia,New Zealand","LCD (LED)","0.33","2031-04-20","Available","https://global.hisense.com/","ATV7368",178755,189.34,15318.517823999999,142.6,546,5.5,5.517441046813487,74.54330708661418,"4. >65 inches"
"HISENSE","75U6SNZ","Australia,New Zealand","LCD (LED)","0.33","2031-04-20","Available","https://global.hisense.com/","ATV7368",178755,189.34,15318.517823999999,142.6,546,5.5,5.517441046813487,74.54330708661418,"4. >65 inches"
"HISENSE","85U6SAU","Australia,New Zealand","LCD (LED)","0.33","2031-04-19","Available","https://global.hisense.com/","ATV7364",178756,214.783,19712.16,161.54,623,6,6.012429698774048,84.56023622047243,"4. >65 inches"
"HISENSE","85U6SNZ","Australia,New Zealand","LCD (LED)","0.33","2031-04-19","Available","https://global.hisense.com/","ATV7364",178756,214.783,19712.16,161.54,623,6,6.012429698774048,84.56023622047243,"4. >65 inches"
"AIWA","AWB323DWC","Australia","LCD","0.44","2031-04-14","Available",,"ATV7352",178762,80.039,2736.7112736,37,138,4.5,4.7834214832514,31.511417322834646,"1. ≤43 inches"
"TECO","LED58BQUSRC","Australia,Fiji,New Zealand","LCD (LED)","0.4","2031-06-03","Available","https://www.teco.com.au/","ATV7439",178824,146.068,9162.865152,85.2,335,5.5,5.533270548071191,57.50708661417323,"3. 56–65 inches"
"AIWA","AWB557QW","Australia","LCD (LED)","0.45","2031-04-14","Available",,"ATV7353",178827,138.783,8230.118400000001,86.96,320,5,5.293361671010193,54.63897637795275,"2. 44–55 inches"
"KOGAN","KAQL32Q9VA","Australia,Fiji,New Zealand","LCD (LED)","0.42","2031-04-20","Available",,"ATV7369",178829,79.967,2732.2400000000002,36.3,152,4,4.3445623134294555,31.48307086614173,"1. ≤43 inches"
"KOGAN","KAQL32Q9VB","Australia,Fiji,New Zealand","LCD (LED)","0.42","2031-04-20","Available",,"ATV7369",178829,79.967,2732.2400000000002,36.3,152,4,4.3445623134294555,31.48307086614173,"1. ≤43 inches"
"KOGAN","KAQL32Q9VC","Australia,Fiji,New Zealand","LCD (LED)","0.42","2031-04-20","Available",,"ATV7369",178829,79.967,2732.2400000000002,36.3,152,4,4.3445623134294555,31.48307086614173,"1. ≤43 inches"
"KOGAN","*********32*********","Australia,Fiji,New Zealand","LCD (LED)","0.42","2031-04-20","Available",,"ATV7369",178829,79.967,2732.2400000000002,36.3,152,4,4.3445623134294555,31.48307086614173,"1. ≤43 inches"
"SYLVOX","RT40G3KOFA","Australia,New Zealand","LCD","0.36","2029-04-09","Available",,"ATV6155",160817,100.353,4267.08,24.48,92,8,8.250935841299443,39.50905511811023,"1. ≤43 inches"
"SYLVOX","RT40G3KOCA","Australia,New Zealand","LCD","0.36","2029-04-09","Available",,"ATV6155",160817,100.353,4267.08,24.48,92,8,8.250935841299443,39.50905511811023,"1. ≤43 inches"
"SYLVOX","RQ40G3KOCA","Australia,New Zealand","LCD","0.36","2029-04-09","Available",,"ATV6155",160817,100.353,4267.08,24.48,92,8,8.250935841299443,39.50905511811023,"1. ≤43 inches"
"SYLVOX","R*40G3KO**","Australia,New Zealand","LCD","0.36","2029-04-09","Available",,"ATV6155",160817,100.353,4267.08,24.48,92,8,8.250935841299443,39.50905511811023,"1. ≤43 inches"
"LG","50UJ660H5LD","Australia,New Zealand","LCD (LED)","0.4","2031-05-10","Available",,"ATV7406",178894,125.727,6754.5112,38,141,8,8.156800686124159,49.4988188976378,"2. 44–55 inches"
"CHIQ","U75QM10","Australia,Fiji,New Zealand","LCD (LED)","0.32","2031-04-15","Available",,"ATV7358",178932,189.34,15318.517823999999,140.8,546,5.5,5.517441046813487,74.54330708661418,"4. >65 inches"
"HISENSE","55U6S series","Australia,New Zealand","LCD (LED)","0.33","2031-04-20","Available","https://global.hisense.com/","ATV7367",178753,138.783,8230.118400000001,81.93,311,5,5.421207998840513,54.63897637795275,"2. 44–55 inches"
"HISENSE","65U6S series","Australia,New Zealand","LCD (LED)","0.37","2031-04-19","Available","https://global.hisense.com/","ATV7363",178754,163.896,11478.122496000002,110,416,5.5,5.50774202403524,64.5259842519685,"3. 56–65 inches"
"HISENSE","75U6S series","Australia,New Zealand","LCD (LED)","0.33","2031-04-20","Available","https://global.hisense.com/","ATV7368",178755,189.34,15318.517823999999,142.6,546,5.5,5.517441046813487,74.54330708661418,"4. >65 inches"
"HISENSE","85U6S series","Australia,New Zealand","LCD (LED)","0.33","2031-04-19","Available","https://global.hisense.com/","ATV7364",178756,214.783,19712.16,161.54,623,6,6.012429698774048,84.56023622047243,"4. >65 inches"
"LG","115QNED90BS","Australia,Fiji,New Zealand","LCD (LED)","0.46","2031-04-22","Available",,"ATV7374",178947,290.784,36130.4064,513.9,2065,3,3.2870404396926785,114.48188976377952,"4. >65 inches"
"LG","115QNED93B6","Australia,Fiji,New Zealand","LCD (LED)","0.46","2031-04-22","Available",,"ATV7374",178947,290.784,36130.4064,513.9,2065,3,3.2870404396926785,114.48188976377952,"4. >65 inches"
"LG","115QNED92BU","Australia,Fiji,New Zealand","LCD (LED)","0.46","2031-04-22","Available",,"ATV7374",178947,290.784,36130.4064,513.9,2065,3,3.2870404396926785,114.48188976377952,"4. >65 inches"
"LG","115QNED90BK","Australia,Fiji,New Zealand","LCD (LED)","0.46","2031-04-22","Available",,"ATV7374",178947,290.784,36130.4064,513.9,2065,3,3.2870404396926785,114.48188976377952,"4. >65 inches"
"LG","115QNED93B1","Australia,Fiji,New Zealand","LCD (LED)","0.46","2031-04-22","Available",,"ATV7374",178947,290.784,36130.4064,513.9,2065,3,3.2870404396926785,114.48188976377952,"4. >65 inches"
"LG","115QNED93B2","Australia,Fiji,New Zealand","LCD (LED)","0.46","2031-04-22","Available",,"ATV7374",178947,290.784,36130.4064,513.9,2065,3,3.2870404396926785,114.48188976377952,"4. >65 inches"
"LG","115QNED93B3","Australia,Fiji,New Zealand","LCD (LED)","0.46","2031-04-22","Available",,"ATV7374",178947,290.784,36130.4064,513.9,2065,3,3.2870404396926785,114.48188976377952,"4. >65 inches"
"LG","115QNED93B4","Australia,Fiji,New Zealand","LCD (LED)","0.46","2031-04-22","Available",,"ATV7374",178947,290.784,36130.4064,513.9,2065,3,3.2870404396926785,114.48188976377952,"4. >65 inches"
"LG","115QNED93B5","Australia,Fiji,New Zealand","LCD (LED)","0.46","2031-04-22","Available",,"ATV7374",178947,290.784,36130.4064,513.9,2065,3,3.2870404396926785,114.48188976377952,"4. >65 inches"
"LG","115QNED93B7","Australia,Fiji,New Zealand","LCD (LED)","0.46","2031-04-22","Available",,"ATV7374",178947,290.784,36130.4064,513.9,2065,3,3.2870404396926785,114.48188976377952,"4. >65 inches"
"LG","115QNED9###","Australia,Fiji,New Zealand","LCD (LED)","0.46","2031-04-22","Available",,"ATV7374",178947,290.784,36130.4064,513.9,2065,3,3.2870404396926785,114.48188976377952,"4. >65 inches"
"KOGAN","KAQL55Q9VA","Australia,Fiji,New Zealand","LCD (LED)","0.45","2031-04-22","Available",,"ATV7381",178952,138.798,8228,80.58,335,5,5.0870067256567815,54.64488188976378,"2. 44–55 inches"
"KOGAN","KAQL55Q9VB","Australia,Fiji,New Zealand","LCD (LED)","0.45","2031-04-22","Available",,"ATV7381",178952,138.798,8228,80.58,335,5,5.0870067256567815,54.64488188976378,"2. 44–55 inches"
"KOGAN","KAQL55Q9VC","Australia,Fiji,New Zealand","LCD (LED)","0.45","2031-04-22","Available",,"ATV7381",178952,138.798,8228,80.58,335,5,5.0870067256567815,54.64488188976378,"2. 44–55 inches"
"KOGAN","*********55*********","Australia,Fiji,New Zealand","LCD (LED)","0.45","2031-04-22","Available",,"ATV7381",178952,138.798,8228,80.58,335,5,5.0870067256567815,54.64488188976378,"2. 44–55 inches"
"KOGAN","KAQL65Q9VA","Australia,Fiji,New Zealand","LCD (LED)","0.45","2031-04-22","Available",,"ATV7378",178955,163.878,11481.120000000003,102.66,506,4.5,4.6311524644559965,64.51889763779526,"3. 56–65 inches"
"KOGAN","KAQL65Q9VB","Australia,Fiji,New Zealand","LCD (LED)","0.45","2031-04-22","Available",,"ATV7378",178955,163.878,11481.120000000003,102.66,506,4.5,4.6311524644559965,64.51889763779526,"3. 56–65 inches"
"KOGAN","KAQL65Q9VC","Australia,Fiji,New Zealand","LCD (LED)","0.45","2031-04-22","Available",,"ATV7378",178955,163.878,11481.120000000003,102.66,506,4.5,4.6311524644559965,64.51889763779526,"3. 56–65 inches"
"KOGAN","*********65*********","Australia,Fiji,New Zealand","LCD (LED)","0.45","2031-04-22","Available",,"ATV7378",178955,163.878,11481.120000000003,102.66,506,4.5,4.6311524644559965,64.51889763779526,"3. 56–65 inches"
"KOGAN","KAQL50Q9VA","Australia,Fiji,New Zealand","LCD (LED)","0.45","2031-04-22","Available",,"ATV7375",178956,125.725,6751.36,65.04,247,5.5,5.642494366309377,49.49803149606299,"2. 44–55 inches"
"KOGAN","KAQL50Q9VB","Australia,Fiji,New Zealand","LCD (LED)","0.45","2031-04-22","Available",,"ATV7375",178956,125.725,6751.36,65.04,247,5.5,5.642494366309377,49.49803149606299,"2. 44–55 inches"
"KOGAN","KAQL50Q9VC","Australia,Fiji,New Zealand","LCD (LED)","0.45","2031-04-22","Available",,"ATV7375",178956,125.725,6751.36,65.04,247,5.5,5.642494366309377,49.49803149606299,"2. 44–55 inches"
"KOGAN","*********50*********","Australia,Fiji,New Zealand","LCD (LED)","0.45","2031-04-22","Available",,"ATV7375",178956,125.725,6751.36,65.04,247,5.5,5.642494366309377,49.49803149606299,"2. 44–55 inches"
"KOGAN","KAQL43Q9VA","Australia,Fiji,New Zealand","LCD (LED)","0.39","2031-04-22","Available",,"ATV7379",178957,107.95,4977.889999999999,62.52,269,4,4.04206066023001,42.5,"1. ≤43 inches"
"KOGAN","KAQL43Q9VB","Australia,Fiji,New Zealand","LCD (LED)","0.39","2031-04-22","Available",,"ATV7379",178957,107.95,4977.889999999999,62.52,269,4,4.04206066023001,42.5,"1. ≤43 inches"
"KOGAN","KAQL43Q9VC","Australia,Fiji,New Zealand","LCD (LED)","0.39","2031-04-22","Available",,"ATV7379",178957,107.95,4977.889999999999,62.52,269,4,4.04206066023001,42.5,"1. ≤43 inches"
"KOGAN","*********43*********","Australia,Fiji,New Zealand","LCD (LED)","0.39","2031-04-22","Available",,"ATV7379",178957,107.95,4977.889999999999,62.52,269,4,4.04206066023001,42.5,"1. ≤43 inches"
"KOGAN","KAQL40Q9VA","Australia,Fiji,New Zealand","LCD (LED)","0.45","2031-04-22","Available",,"ATV7376",178958,100.305,4258.3,45.18,210,4.5,4.544406853380655,39.49015748031496,"1. ≤43 inches"
"KOGAN","KAQL40Q9VB","Australia,Fiji,New Zealand","LCD (LED)","0.45","2031-04-22","Available",,"ATV7376",178958,100.305,4258.3,45.18,210,4.5,4.544406853380655,39.49015748031496,"1. ≤43 inches"
"KOGAN","KAQL40Q9VC","Australia,Fiji,New Zealand","LCD (LED)","0.45","2031-04-22","Available",,"ATV7376",178958,100.305,4258.3,45.18,210,4.5,4.544406853380655,39.49015748031496,"1. ≤43 inches"
"KOGAN","*********40*********","Australia,Fiji,New Zealand","LCD (LED)","0.45","2031-04-22","Available",,"ATV7376",178958,100.305,4258.3,45.18,210,4.5,4.544406853380655,39.49015748031496,"1. ≤43 inches"
"KOGAN","KAQL75Q9VA","Australia,Fiji,New Zealand","LCD (LED)","0.43","2031-04-22","Available",,"ATV7382",178959,189.306,15312,130.8,542,5.5,5.5485690204715645,74.52992125984252,"4. >65 inches"
"KOGAN","KAQL75Q9VB","Australia,Fiji,New Zealand","LCD (LED)","0.43","2031-04-22","Available",,"ATV7382",178959,189.306,15312,130.8,542,5.5,5.5485690204715645,74.52992125984252,"4. >65 inches"
"KOGAN","*********75*********","Australia,Fiji,New Zealand","LCD (LED)","0.43","2031-04-22","Available",,"ATV7382",178959,189.306,15312,130.8,542,5.5,5.5485690204715645,74.52992125984252,"4. >65 inches"
"KOGAN","KAQL85Q9VA","Australia,Fiji,New Zealand","LCD (LED)","0.45","2031-04-22","Available",,"ATV7383",178960,214.783,19712.16,216.3,863,4.5,4.552077515720736,84.56023622047243,"4. >65 inches"
"TECO","LED65BQUSRC","Australia,Fiji,New Zealand","LCD (LED)","0.3","2031-06-04","Available","https://www.teco.com.au/","ATV7441",179003,163.896,11478.122496000002,136.6,520,4.5,4.507742024035239,64.5259842519685,"3. 56–65 inches"
"SAMSUNG","MRA100R85HW","Australia,Fiji,New Zealand","LCD (LED)","0.5","2031-04-21","Available",,"ATV7370",179042,252.784,27304.2576,300,1098,4.5,4.889934275043304,99.52125984251968,"4. >65 inches"
"SAMSUNG","MRA100R85HS","Australia,Fiji,New Zealand","LCD (LED)","0.5","2031-04-21","Available",,"ATV7370",179042,252.784,27304.2576,300,1098,4.5,4.889934275043304,99.52125984251968,"4. >65 inches"
"SAMSUNG","MRA100R85H*","Australia,Fiji,New Zealand","LCD (LED)","0.5","2031-04-21","Available",,"ATV7370",179042,252.784,27304.2576,300,1098,4.5,4.889934275043304,99.52125984251968,"4. >65 inches"
"HISENSE","50U6QAU PRO","Australia,New Zealand","LCD (LED)","0.3","2030-05-21","Available","https://global.hisense.com/","ATV6785",169499,125.731,6754.867344,71.19,285,5,5.003308177326365,49.5003937007874,"2. 44–55 inches"
"HISENSE","50U6QNZ PRO","Australia,New Zealand","LCD (LED)","0.3","2030-05-21","Available","https://global.hisense.com/","ATV6785",169499,125.731,6754.867344,71.19,285,5,5.003308177326365,49.5003937007874,"2. 44–55 inches"
"HISENSE","50U6SAU","Australia,New Zealand","LCD (LED)","0.3","2030-05-21","Available","https://global.hisense.com/","ATV6785",169499,125.731,6754.867344,71.19,285,5,5.003308177326365,49.5003937007874,"2. 44–55 inches"
"HISENSE","50U6SNZ","Australia,New Zealand","LCD (LED)","0.3","2030-05-21","Available","https://global.hisense.com/","ATV6785",169499,125.731,6754.867344,71.19,285,5,5.003308177326365,49.5003937007874,"2. 44–55 inches"
"HISENSE","50U6 Series","Australia,New Zealand","LCD (LED)","0.3","2030-05-21","Available","https://global.hisense.com/","ATV6785",169499,125.731,6754.867344,71.19,285,5,5.003308177326365,49.5003937007874,"2. 44–55 inches"
"DGTEC","DG70UHDT-23857","Australia,Fiji,New Zealand","LCD","-","2031-04-21","Available",,"ATV7371",179062,176.563,13320.853056,110.35,405,6,6.259273257201325,69.51299212598424,"4. >65 inches"
"LG","55QNED90BSA","Australia,Fiji,New Zealand","LCD (LED)","0.39","2031-04-22","Available",,"ATV7377",179081,138.783,8230.118400000001,102.6,422,4,4.053423000980519,54.63897637795275,"2. 44–55 inches"
"LG","65QNED90BSA","Australia,Fiji,New Zealand","LCD (LED)","0.38","2031-04-21","Available",,"ATV7372",179082,163.896,11478.122496000002,126.7,514,4.5,4.559751351895967,64.5259842519685,"3. 56–65 inches"
"LG","75QNED90BSA","Australia,Fiji,New Zealand","LCD (LED)","0.38","2031-04-21","Available",,"ATV7373",179083,189.34,15318.517823999999,157.2,641,4.5,4.798574289378539,74.54330708661418,"4. >65 inches"
"LG","85QNED90BSA","Australia,Fiji,New Zealand","LCD (LED)","0.38","2031-04-22","Available",,"ATV7380",179085,214.783,19712.16,199.5,824,4.5,4.759317029933,84.56023622047243,"4. >65 inches"
"KOGAN","KAQL75Q9VAC","Australia,Fiji,New Zealand","LCD (LED)","0.43","2031-04-22","Available",,"ATV7382",178959,189.306,15312,130.8,542,5.5,5.5485690204715645,74.52992125984252,"4. >65 inches"
"KOGAN","KAL75U96VA","Australia,Fiji,New Zealand","LCD (LED)","0.43","2031-04-22","Available",,"ATV7382",178959,189.306,15312,130.8,542,5.5,5.5485690204715645,74.52992125984252,"4. >65 inches"
"KOGAN","KAL75U96VB","Australia,Fiji,New Zealand","LCD (LED)","0.43","2031-04-22","Available",,"ATV7382",178959,189.306,15312,130.8,542,5.5,5.5485690204715645,74.52992125984252,"4. >65 inches"
"KOGAN","KAL75U96VC","Australia,Fiji,New Zealand","LCD (LED)","0.43","2031-04-22","Available",,"ATV7382",178959,189.306,15312,130.8,542,5.5,5.5485690204715645,74.52992125984252,"4. >65 inches"
"KOGAN","KAL40F98VB","Australia,Fiji,New Zealand","LCD (LED)","0.45","2031-04-22","Available",,"ATV7376",178958,100.305,4258.3,45.18,210,4.5,4.544406853380655,39.49015748031496,"1. ≤43 inches"
"HISENSE","55UR8SAU","Australia,New Zealand","LCD (LED)","0.36","2031-04-27","Available","https://global.hisense.com/","ATV7385",179173,138.783,8230.118400000001,74.52,288,5.5,5.765526405493009,54.63897637795275,"2. 44–55 inches"
"HISENSE","55UR8SNZ","Australia,New Zealand","LCD (LED)","0.36","2031-04-27","Available","https://global.hisense.com/","ATV7385",179173,138.783,8230.118400000001,74.52,288,5.5,5.765526405493009,54.63897637795275,"2. 44–55 inches"
"HISENSE","65UR8SAU","Australia,New Zealand","LCD (LED)","0.36","2031-04-27","Available","https://global.hisense.com/","ATV7387",179174,163.896,11478.122496000002,110.35,416,5.5,5.50774202403524,64.5259842519685,"3. 56–65 inches"
"HISENSE","65UR8SNZ","Australia,New Zealand","LCD (LED)","0.36","2031-04-27","Available","https://global.hisense.com/","ATV7387",179174,163.896,11478.122496000002,110.35,416,5.5,5.50774202403524,64.5259842519685,"3. 56–65 inches"
"HISENSE","75UR8SAU","Australia,New Zealand","LCD (LED)","0.36","2031-04-27","Available","https://global.hisense.com/","ATV7386",179175,189.34,15318.517823999999,135.5,527,5.5,5.676165899021606,74.54330708661418,"4. >65 inches"
"HISENSE","75UR8SNZ","Australia,New Zealand","LCD (LED)","0.36","2031-04-27","Available","https://global.hisense.com/","ATV7386",179175,189.34,15318.517823999999,135.5,527,5.5,5.676165899021606,74.54330708661418,"4. >65 inches"
"HISENSE","85UR8SAU","Australia,New Zealand","LCD (LED)","0.36","2031-04-27","Available","https://global.hisense.com/","ATV7388",179176,214.783,19712.16,176.98,677,5.5,5.639912753358164,84.56023622047243,"4. >65 inches"
"HISENSE","85UR8SNZ","Australia,New Zealand","LCD (LED)","0.36","2031-04-27","Available","https://global.hisense.com/","ATV7388",179176,214.783,19712.16,176.98,677,5.5,5.639912753358164,84.56023622047243,"4. >65 inches"
"HISENSE","100UR8SAU","Australia,New Zealand","LCD (LED)","0.36","2031-04-28","Available","https://global.hisense.com/","ATV7390",179177,252.784,27304.2576,224.57,855,6,6.010935315223428,99.52125984251968,"4. >65 inches"
"HISENSE","100UR8SNZ","Australia,New Zealand","LCD (LED)","0.36","2031-04-28","Available","https://global.hisense.com/","ATV7390",179177,252.784,27304.2576,224.57,855,6,6.010935315223428,99.52125984251968,"4. >65 inches"
"HISENSE","55UR8S series","Australia,New Zealand","LCD (LED)","0.36","2031-04-27","Available","https://global.hisense.com/","ATV7385",179173,138.783,8230.118400000001,74.52,288,5.5,5.765526405493009,54.63897637795275,"2. 44–55 inches"
"HISENSE","65UR8S series","Australia,New Zealand","LCD (LED)","0.36","2031-04-27","Available","https://global.hisense.com/","ATV7387",179174,163.896,11478.122496000002,110.35,416,5.5,5.50774202403524,64.5259842519685,"3. 56–65 inches"
"HISENSE","75UR8S series","Australia,New Zealand","LCD (LED)","0.36","2031-04-27","Available","https://global.hisense.com/","ATV7386",179175,189.34,15318.517823999999,135.5,527,5.5,5.676165899021606,74.54330708661418,"4. >65 inches"
"HISENSE","85UR8S series","Australia,New Zealand","LCD (LED)","0.36","2031-04-27","Available","https://global.hisense.com/","ATV7388",179176,214.783,19712.16,176.98,677,5.5,5.639912753358164,84.56023622047243,"4. >65 inches"
"HISENSE","100UR8S series","Australia,New Zealand","LCD (LED)","0.36","2031-04-28","Available","https://global.hisense.com/","ATV7390",179177,252.784,27304.2576,224.57,855,6,6.010935315223428,99.52125984251968,"4. >65 inches"
"AIWA","AWB243DWC","Australia","LCD","0.0271","2031-05-14","Available",,"ATV7416",179189,59.824,1528.845746,18.35,76,5.5,5.51631224604639,23.55275590551181,"1. ≤43 inches"
"COOCAA","55Q66CK","Australia,Fiji,New Zealand","LCD (LED)","-","2031-04-27","Available",,"ATV7389",179214,138.649,8214.7032,45.6,180,7,7.864067876930443,54.58622047244094,"2. 44–55 inches"
"LG","75UK762H0LB","Australia,New Zealand","LCD (LED)","0.4","2031-05-10","Available",,"ATV7407",179216,189.275,15307.5663,150,550,5,5.481664966724477,74.51771653543307,"4. >65 inches"
"SAMSUNG","UA50M60HAW","Australia,Fiji,New Zealand","LCD (LED)","0.5","2031-05-25","Available",,"ATV7426",179298,125.727,6754.5112,60,222,6,6.122605707955387,49.4988188976378,"2. 44–55 inches"
"SAMSUNG","UA50M60HAS","Australia,Fiji,New Zealand","LCD (LED)","0.5","2031-05-25","Available",,"ATV7426",179298,125.727,6754.5112,60,222,6,6.122605707955387,49.4988188976378,"2. 44–55 inches"
"SAMSUNG","UA50M60HA*","Australia,Fiji,New Zealand","LCD (LED)","0.5","2031-05-25","Available",,"ATV7426",179298,125.727,6754.5112,60,222,6,6.122605707955387,49.4988188976378,"2. 44–55 inches"
"COOCAA","50Q66CK","Australia,Fiji,New Zealand","LCD (LED)","-","2031-05-06","Available",,"ATV7398",179306,125.7,6751.0872,45.3,175,7,7.186638262992585,49.488188976377955,"2. 44–55 inches"
"SONY","K-48A60","Australia,New Zealand","OLED","0.5","2031-05-03","Available","https://www.sony.com.au/","ATV7391",179327,120.713,6227.84,71.4,267,4.5,4.9671194636148535,47.5248031496063,"2. 44–55 inches"
"CHIQ","55M810N","Australia,Fiji,New Zealand","LCD (LED)","0.35","2031-05-03","Available",,"ATV7392",179341,138.783,8230.118400000001,94.4,378,4.5,4.546877182237033,54.63897637795275,"2. 44–55 inches"
"CHIQ","65M810N","Australia,Fiji,New Zealand","LCD (LED)","0.36","2031-05-03","Available",,"ATV7395",179342,163.896,11478.122496000002,129.3,517,4.5,4.533671238807377,64.5259842519685,"3. 56–65 inches"
"CHIQ","75M810N","Australia,Fiji,New Zealand","LCD (LED)","0.4","2031-05-03","Available",,"ATV7393",179343,189.34,15318.517823999999,171.6,681,4.5,4.527301161061217,74.54330708661418,"4. >65 inches"
"DREAME","65S100","Australia,Fiji,New Zealand","LCD (LED)","-","2031-05-10","Available",,"ATV7408",179425,163.896,11478.122496000002,118.12,485,4.5,4.820007022183777,64.5259842519685,"3. 56–65 inches"
"DREAME","55S100","Australia,Fiji,New Zealand","LCD (LED)","-","2031-05-10","Available",,"ATV7409",179427,138.783,8230.118400000001,84.71,340,5,5.02167727117258,54.63897637795275,"2. 44–55 inches"
"KOGAN","KALED19PRIZF","Australia,Fiji,New Zealand","LCD (LED)","-","2031-05-10","Available",,"ATV7402",179458,47.013,944.1791999999999,14.76,56,5.5,5.521646616800624,18.509055118110236,"1. ≤43 inches"
"COOCAA","32Q56CH","Australia,Fiji,New Zealand","LCD (LED)","-","2031-05-13","Available",,"ATV7413",179531,80.043,2737.0770999999995,20.8,90,6,6.6994546526913235,31.512992125984255,"1. ≤43 inches"
"COOCAA","40Q56CH","Australia,Fiji,New Zealand","LCD (LED)","-","2031-05-13","Available",,"ATV7412",179532,100.301,4264.164,34.1,140,6,6.366762882999291,39.488582677165354,"1. ≤43 inches"
"DREAME","75S100","Australia,Fiji,New Zealand","LCD (LED)","-","2031-05-19","Available",,"ATV7421",179677,189.34,15318.517823999999,172.374,655,4.5,4.701749717987907,74.54330708661418,"4. >65 inches"
"DREAME","86S100","Australia,Fiji,New Zealand","LCD (LED)","-","2031-05-18","Available",,"ATV7420",179682,217.427,20200.368384,209.292,817,4.5,4.903471097775646,85.6011811023622,"4. >65 inches"
"HISENSE","75Q6Q series","Australia,New Zealand","LCD (LED)","0.26","2030-04-13","Available","https://global.hisense.com/","ATV6702",167838,189.34,15318.517823999999,117.04,479,6,6.104141301259303,74.54330708661418,"4. >65 inches"
"BAUHN","ATV75QLEDW-0826","Australia","LCD (LED)","0.38","2031-07-20","Available",,"ATV7497",179692,189.34,15318.517823999999,132.1,485,6,6.0483552682180015,74.54330708661418,"4. >65 inches"
"LPT","24DN4","Australia,Fiji,New Zealand","LCD","-","2031-05-25","Available",,"ATV7427",179718,60.106,1538.3511072000001,24.4,90,4.5,4.777678717114031,23.663779527559054,"1. ≤43 inches"
"LPT","32DN4","Australia,Fiji,New Zealand","LCD","-","2031-05-20","Available",,"ATV7422",179730,80.131,2743.6644,35,130,5,5.060105230766275,31.54763779527559,"1. ≤43 inches"
"SYLVOX","OT50A2K3GD","Australia,Fiji,New Zealand","LCD (LED)","-","2031-06-01","Available",,"ATV7436",179717,143.126,8382,71,262,6,6.265115810739885,56.3488188976378,"3. 56–65 inches"
"SONY","K-55A60","Australia,New Zealand","OLED","0.5","2031-05-22","Available","https://www.sony.com.au/","ATV7423",179759,138.798,8228,78.4,292,5.5,5.702649565199762,54.64488188976378,"2. 44–55 inches"
"SONY","K-65A60","Australia,New Zealand","OLED","0.5","2031-05-22","Available","https://www.sony.com.au/","ATV7424",179761,163.878,11481.120000000003,98.8,366,6,6.082699390094055,64.51889763779526,"3. 56–65 inches"
"SONY","K-77A60","Australia,New Zealand","OLED","0.5","2031-05-25","Available","https://www.sony.com.au/","ATV7425",179762,194.726,16206.349999999999,119.1,440,6,6.726470249064653,76.66377952755906,"4. >65 inches"
"VDT","LEW22BA16","Australia,Fiji,New Zealand","LCD (LED)","0.45","2031-05-26","Available",,"ATV7430",179779,54.687,1277.919504,27.8,110,3,3.3241491512901344,21.53031496062992,"1. ≤43 inches"
"TCL","43G60K-IU","Australia,Fiji,New Zealand","LCD (LED)","0.347","2031-08-20","Available","https://www.tcl.com/au","ATV7547",179820,107.95,4977.889999999999,42.7,175,5.5,5.968737022357746,42.5,"1. ≤43 inches"
"TCL","50G60K-IU","Australia,Fiji,New Zealand","LCD (LED)","0.367","2031-08-20","Available","https://www.tcl.com/au","ATV7548",179822,125.638,6745.2,50,205,6,6.474027948326812,49.463779527559055,"2. 44–55 inches"
"TCL","55G60K-IU","Australia,Fiji,New Zealand","LCD (LED)","0.379","2031-08-24","Available","https://www.tcl.com/au","ATV7549",179823,138.711,8221.2,64.3,261,6,6.202200113549564,54.61062992125985,"2. 44–55 inches"
"VDT","LEW24BA16","Australia,Fiji,New Zealand","LCD (LED)","0.45","2031-05-26","Available",,"ATV7431",179843,60.47,1562.462784,26.9,115,3.5,3.7271911709489993,23.807086614173226,"1. ≤43 inches"
"VDT","LEW32EA16","Australia,Fiji,New Zealand","LCD (LED)","0.46","2031-05-25","Available",,"ATV7428",179844,80.131,2743.6644,38.4,155,4,4.27186525955603,31.54763779527559,"1. ≤43 inches"
"SKYWORTH","32Q5600H","Australia,Fiji,New Zealand","LCD (LED)","-","2031-05-27","Available",,"ATV7435",179849,80.043,2737.0770999999995,22.4,90,6,6.6994546526913235,31.512992125984255,"1. ≤43 inches"
"CHIQ","32S510M","Australia,Fiji,New Zealand","LCD (LED)","0.45","2031-05-26","Available",,"ATV7434",179878,80.039,2736.6498,21.9,112,5.5,5.718859351884015,31.511417322834646,"1. ≤43 inches"
"CHIQ","L24D6CH","Australia,Fiji,New Zealand","LCD (LED)","0.23","2031-05-26","Available",,"ATV7433",179887,59.824,1528.86807072,20,82,5,5.17583235427181,23.55275590551181,"1. ≤43 inches"
"AOA","LTD19FT","Australia,Fiji,New Zealand","LCD (LED)","0.28","2031-06-01","Available","https://www.macc-tv.com/","ATV7437",179970,47.013,944.1791999999999,17,66,4.5,4.785335617340371,18.509055118110236,"1. ≤43 inches"
"AOA","LTD19FTD","Australia,Fiji,New Zealand","LCD (LED)","0.35","2031-06-03","Available","https://www.macc-tv.com/","ATV7440",180074,47.013,944.1791999999999,17.1,67,4.5,4.717944571191044,18.509055118110236,"1. ≤43 inches"
"SKYWORTH","40Q5600H","Australia,Fiji,New Zealand","LCD (LED)","-","2031-06-03","Available",,"ATV7438",180110,100.342,4262.7828,32.8,140,6,6.3655159060378335,39.50472440944882,"1. ≤43 inches"
"HISENSE","100Q7SAU","Australia,New Zealand","LCD (LED)","0.35","2031-06-08","Available","https://global.hisense.com/","ATV7443",180173,252.784,27304.2576,238.44,899,5.5,5.786050637896593,99.52125984251968,"4. >65 inches"
"HISENSE","100Q7SNZ","Australia,New Zealand","LCD (LED)","0.35","2031-06-08","Available","https://global.hisense.com/","ATV7443",180173,252.784,27304.2576,238.44,899,5.5,5.786050637896593,99.52125984251968,"4. >65 inches"
"HISENSE","100Q7S series","Australia,New Zealand","LCD (LED)","0.35","2031-06-08","Available","https://global.hisense.com/","ATV7443",180173,252.784,27304.2576,238.44,899,5.5,5.786050637896593,99.52125984251968,"4. >65 inches"
"HISENSE","100U6SAU","Australia,New Zealand","LCD (LED)","0.35","2031-06-08","Available","https://global.hisense.com/","ATV7442",180174,252.784,27304.2576,248.33,956,5.5,5.510555880294488,99.52125984251968,"4. >65 inches"
"HISENSE","100U6SNZ","Australia,New Zealand","LCD (LED)","0.35","2031-06-08","Available","https://global.hisense.com/","ATV7442",180174,252.784,27304.2576,248.33,956,5.5,5.510555880294488,99.52125984251968,"4. >65 inches"
"HISENSE","100U6S series","Australia,New Zealand","LCD (LED)","0.35","2031-06-08","Available","https://global.hisense.com/","ATV7442",180174,252.784,27304.2576,248.33,956,5.5,5.510555880294488,99.52125984251968,"4. >65 inches"
"LG","43UK762H5LB","Australia,New Zealand","LCD (LED)","0.4","2031-06-28","Available",,"ATV7460",180253,107.987,4982.7128,65,240,4.5,4.557071948169797,42.514566929133856,"1. ≤43 inches"
"LG","50UK762H5LB","Australia,New Zealand","LCD (LED)","0.4","2031-06-28","Available",,"ATV7461",180255,125.727,6754.5112,68,251,5.5,5.572396855687801,49.4988188976378,"2. 44–55 inches"
"LG","55UK762H5LB","Australia,New Zealand","LCD (LED)","0.4","2031-06-25","Available",,"ATV7452",180256,138.783,8230.118400000001,95,349,4.5,4.904594324171205,54.63897637795275,"2. 44–55 inches"
"LG","65UK762H5LB","Australia,New Zealand","LCD (LED)","0.4","2031-06-28","Available",,"ATV7465",180257,163.897,11477.9975,106,389,5.5,5.808425832669458,64.52637795275591,"3. 56–65 inches"
"FFALCON","FF40S55A","Australia,Fiji,New Zealand","LCD (LED)","0.337","2031-06-15","Available","https://www.tcl.com/au","ATV7446",180275,100.305,4258.3,30.3,140,6,6.361466345891943,39.49015748031496,"1. ≤43 inches"
"FFALCON","FF32S55A","Australia,Fiji,New Zealand","LCD (LED)","0.416","2031-06-15","Available","https://www.tcl.com/au","ATV7445",180276,79.967,2732.2400000000002,25.4,130,5,5.04521473860549,31.48307086614173,"1. ≤43 inches"
"TENET","T-185J201-MB2","Australia","LCD (LED)","0.2","2031-06-15","Available",,"ATV7444",180314,47.013,944.1791999999999,13.7,51,5.5,5.940776174701802,18.509055118110236,"1. ≤43 inches"
"MONSTER","MT50QLDZEN","Australia","LCD (LED)","0.432","2031-06-15","Available",,"ATV7447",180327,125.725,6751.36,56.59,220,6,6.1612671006942135,49.49803149606299,"2. 44–55 inches"
"MONSTER","MT55QLDZEN","Australia","LCD","0.41","2031-06-28","Available",,"ATV7466",180330,138.87,8274.8,68.1,252,6,6.386302624524183,54.673228346456696,"2. 44–55 inches"
"DGTEC","DG50UHDW-23791","Australia","LCD","-","2031-06-16","Available",,"ATV7448",180339,125.727,6754.5112,61.7,227,6,6.022792670661913,49.4988188976378,"2. 44–55 inches"
"FPD","****32**********","Australia","LCD (LED)","0.3","2030-10-26","Available",,"ATV6960",173787,80.039,2736.70931232,31.68,130,5,5.051045905816841,31.511417322834646,"1. ≤43 inches"
"FPD","OG32-P1","Australia","LCD (LED)","0.3","2030-10-26","Available",,"ATV6960",173787,80.039,2736.70931232,31.68,130,5,5.051045905816841,31.511417322834646,"1. ≤43 inches"
"FPD","OG32-P2","Australia","LCD (LED)","0.3","2030-10-26","Available",,"ATV6960",173787,80.039,2736.70931232,31.68,130,5,5.051045905816841,31.511417322834646,"1. ≤43 inches"
"FPD","CG32-P3","Australia","LCD (LED)","0.3","2030-10-26","Available",,"ATV6960",173787,80.039,2736.70931232,31.68,130,5,5.051045905816841,31.511417322834646,"1. ≤43 inches"
"LG","43UK767H5LB","Australia,New Zealand","LCD (LED)","0.4","2031-06-28","Available",,"ATV7467",180426,107.987,4982.7128,62,229,4.5,4.767326376368296,42.514566929133856,"1. ≤43 inches"
"LG","50UK767H5LB","Australia,New Zealand","LCD (LED)","0.4","2031-06-28","Available",,"ATV7462",180427,125.727,6754.5112,54,200,6,6.590286780115491,49.4988188976378,"2. 44–55 inches"
"LG","55UK767H5LB","Australia,New Zealand","LCD (LED)","0.4","2031-06-25","Available",,"ATV7453",180428,138.783,8230.118400000001,55,203,7,7.332923262961085,54.63897637795275,"2. 44–55 inches"
"LG","65UK767H5LB","Australia,New Zealand","LCD (LED)","0.4","2031-06-28","Available",,"ATV7463",180429,163.897,11477.9975,69,254,7,7.718609094025336,64.52637795275591,"3. 56–65 inches"
"LG","75UK767H5LB","Australia,New Zealand","LCD (LED)","0.4","2031-06-25","Available",,"ATV7455",180430,189.275,15307.5663,147,539,5.5,5.5722017857297095,74.51771653543307,"4. >65 inches"
"CHIQ","85M810M","Australia,Fiji,New Zealand","LCD (LED)","0.41","2031-06-24","Available",,"ATV7450",180485,214.783,19712.16,227.8,871,4.5,4.510726171643211,84.56023622047243,"4. >65 inches"
"CHIQ","100M810M","Australia,Fiji,New Zealand","LCD (LED)","0.38","2031-06-24","Available",,"ATV7449",180486,252.784,27304.2576,219.1,955,5.5,5.515246011667352,99.52125984251968,"4. >65 inches"
"SKYWORTH","75X66H","Australia,Fiji,New Zealand","LCD (LED)","-","2031-06-28","Available",,"ATV7458",180495,189.338,15318.8066,105.7,410,6,6.801277579264537,74.54251968503937,"4. >65 inches"
"SKYWORTH","75X6600H","Australia,Fiji,New Zealand","LCD (LED)","-","2031-06-28","Available",,"ATV7458",180495,189.338,15318.8066,105.7,410,6,6.801277579264537,74.54251968503937,"4. >65 inches"
"SKYWORTH","75V75","Australia,Fiji,New Zealand","LCD (LED)","-","2031-06-28","Available",,"ATV7458",180495,189.338,15318.8066,105.7,410,6,6.801277579264537,74.54251968503937,"4. >65 inches"
"SKYWORTH","75X series","Australia,Fiji,New Zealand","LCD (LED)","-","2031-06-28","Available",,"ATV7458",180495,189.338,15318.8066,105.7,410,6,6.801277579264537,74.54251968503937,"4. >65 inches"
"SKYWORTH","65X66H","Australia,Fiji,New Zealand","LCD (LED)","-","2031-06-28","Available",,"ATV7459",180497,163.897,11477.9975,79.1,310,6,6.825739776103138,64.52637795275591,"3. 56–65 inches"
"SKYWORTH","65X6600H","Australia,Fiji,New Zealand","LCD (LED)","-","2031-06-28","Available",,"ATV7459",180497,163.897,11477.9975,79.1,310,6,6.825739776103138,64.52637795275591,"3. 56–65 inches"
"SKYWORTH","65V75","Australia,Fiji,New Zealand","LCD (LED)","-","2031-06-28","Available",,"ATV7459",180497,163.897,11477.9975,79.1,310,6,6.825739776103138,64.52637795275591,"3. 56–65 inches"
"SKYWORTH","65X66CH","Australia,Fiji,New Zealand","LCD (LED)","-","2031-06-28","Available",,"ATV7459",180497,163.897,11477.9975,79.1,310,6,6.825739776103138,64.52637795275591,"3. 56–65 inches"
"SKYWORTH","65X series","Australia,Fiji,New Zealand","LCD (LED)","-","2031-06-28","Available",,"ATV7459",180497,163.897,11477.9975,79.1,310,6,6.825739776103138,64.52637795275591,"3. 56–65 inches"
"DGTEC","DG40FHDW-24166","Australia","LCD (LED)","-","2031-06-24","Available",,"ATV7451",180528,100.333,4262.2974,40.5,150,6,6.055891551844101,39.5011811023622,"1. ≤43 inches"
"SKYWORTH","55X66H","Australia,Fiji,New Zealand","LCD (LED)","0.456","2031-06-25","Available",,"ATV7454",180574,138.439,8183.46,63.2,270,6,6.031275413118816,54.50354330708661,"2. 44–55 inches"
"SKYWORTH","55X6600H","Australia,Fiji,New Zealand","LCD (LED)","0.456","2031-06-25","Available",,"ATV7454",180574,138.439,8183.46,63.2,270,6,6.031275413118816,54.50354330708661,"2. 44–55 inches"
"SKYWORTH","55V75","Australia,Fiji,New Zealand","LCD (LED)","0.456","2031-06-25","Available",,"ATV7454",180574,138.439,8183.46,63.2,270,6,6.031275413118816,54.50354330708661,"2. 44–55 inches"
"MONSTER","MT65QLDZEN","Australia","LCD","0.42","2031-06-28","Available",,"ATV7464",180581,163.897,11477.9975,95.8,352,6,6.256335563565565,64.52637795275591,"3. 56–65 inches"
"MONSTER","MT75QLDZEN","Australia","LCD","0.42","2031-06-25","Available",,"ATV7457",180590,189.34,15318.517823999999,130.5,485,6,6.0483552682180015,74.54330708661418,"4. >65 inches"
"MONSTER","MT85QLDZEN","Australia","LCD (LED)","0.41","2031-06-25","Available",,"ATV7456",180592,214.783,19712.16,163.7,615,6,6.070348697126533,84.56023622047243,"4. >65 inches"
"QBELL","QTF40T","Australia,Fiji,New Zealand","LCD (LED)","-","2031-06-30","Available","https://www.ayonz.com/","ATV7474",180596,100.337,4259.8236358656,42.1,167,5.5,5.572538474564652,39.50275590551181,"1. ≤43 inches"
"PHILIPS","43PUT7231/75","Australia,Fiji,New Zealand","LCD (LED)","-","2031-07-20","Available",,"ATV7492",180601,107.987,4982.7128,53.3,216,5,5.029236682652613,42.514566929133856,"1. ≤43 inches"
"SAMSUNG","BE43HX-H","Australia,Fiji,New Zealand","LCD (LED)","0.5","2031-06-29","Available",,"ATV7468",180610,107.987,4982.7128,67,248,4,4.410126976514222,42.514566929133856,"1. ≤43 inches"
"SAMSUNG","BE50HX-H","Australia,Fiji,New Zealand","LCD (LED)","0.5","2031-06-29","Available",,"ATV7469",180611,125.727,6754.5112,71,262,5,5.380181735077315,49.4988188976378,"2. 44–55 inches"
"SAMSUNG","BE55HX-H","Australia,Fiji,New Zealand","LCD (LED)","0.5","2031-06-29","Available",,"ATV7470",180615,138.783,8230.118400000001,79,291,5.5,5.719086403196216,54.63897637795275,"2. 44–55 inches"
"SAMSUNG","BE65HX-H","Australia,Fiji,New Zealand","LCD (LED)","0.5","2031-06-29","Available",,"ATV7471",180617,163.897,11477.9975,112,412,5.5,5.5509951097435115,64.52637795275591,"3. 56–65 inches"
"PHILIPS","50PUT7231/75","Australia,Fiji,New Zealand","LCD (LED)","-","2031-07-20","Available",,"ATV7493",180622,125.736,6755.127600000001,62.9,254,5.5,5.5195221630815645,49.50236220472441,"2. 44–55 inches"
"PHILIPS","55PUT7231/75","Australia,Fiji,New Zealand","LCD (LED)","-","2031-07-19","Available",,"ATV7491",180623,138.783,8230.118400000001,75.2,304,5.5,5.52322847238293,54.63897637795275,"2. 44–55 inches"
"PHILIPS","65PUT7231/75","Australia,Fiji,New Zealand","LCD (LED)","-","2031-07-20","Available",,"ATV7494",180624,163.897,11477.9975,90.8,366,6,6.081550508951327,64.52637795275591,"3. 56–65 inches"
"SAMSUNG","BE75HX-H","Australia,Fiji,New Zealand","LCD (LED)","0.5","2031-06-29","Available",,"ATV7472",180625,189.338,15318.8066,133,489,6,6.0116274695537575,74.54251968503937,"4. >65 inches"
"PHILIPS","75PUT7231/75","Australia,Fiji,New Zealand","LCD (LED)","-","2031-07-20","Available",,"ATV7495",180626,189.338,15318.8066,94.5,381,7,7.130024630835645,74.54251968503937,"4. >65 inches"
"PHILIPS","85PUT7231/75","Australia,Fiji,New Zealand","LCD (LED)","-","2031-07-20","Available",,"ATV7496",180627,214.783,19712.16,146.7,591,6,6.248737228482154,84.56023622047243,"4. >65 inches"
"SAMSUNG","BE85HX-H","Australia,Fiji,New Zealand","LCD (LED)","0.5","2031-06-29","Available",,"ATV7473",180649,214.783,19712.16,142,521,6,6.813691827932876,84.56023622047243,"4. >65 inches"
"BLAUPUNKT","BP750USTQ","Australia,Fiji,New Zealand","LCD (LED)","-","2031-07-01","Available","https://www.ayonz.com/","ATV7478",180652,189.34,15318.517823999999,133.6,490,6,6.002391582031314,74.54330708661418,"4. >65 inches"
"BLAUPUNKT","BP500USTQ","Australia,Fiji,New Zealand","LCD (LED)","-","2031-06-30","Available","https://www.ayonz.com/","ATV7475",180654,125.731,6754.867344,85.81,317,4.5,4.526428639549403,49.5003937007874,"2. 44–55 inches"
"BLAUPUNKT","BP320HSTQ","Australia,Fiji,New Zealand","LCD (LED)","-","2031-06-30","Available","https://www.ayonz.com/","ATV7476",180657,80.039,2736.7112736,31.6,131,5,5.016707910976807,31.511417322834646,"1. ≤43 inches"
"BLAUPUNKT","BP240HSTQ","Australia,Fiji,New Zealand","LCD (LED)","-","2031-07-01","Available","https://www.ayonz.com/","ATV7479",180667,59.824,1528.845746,17,94,4.5,4.563735123688218,23.55275590551181,"1. ≤43 inches"
"SONY","K-83A60","Australia,New Zealand","OLED","0.5","2031-07-01","Available","https://www.sony.com.au/","ATV7477",180681,209.636,18781.559999999998,131,484,6,6.934705686399479,82.53385826771654,"4. >65 inches"
"BLAUPUNKT","BP850UTSQ","Australia,Fiji,New Zealand","LCD (LED)","-","2031-07-07","Available","https://www.ayonz.com/","ATV7484",180725,214.783,19712.16,161,624,6,6.005242174991583,84.56023622047243,"4. >65 inches"
"TELEFUNKEN","TL320TQ3","Australia,Fiji,New Zealand","LCD (LED)","-","2031-07-07","Available","https://www.ayonz.com/","ATV7485",180726,80.039,2736.7112736,32.52,131,5,5.016707910976807,31.511417322834646,"1. ≤43 inches"
"TELEFUNKEN","TL320TQ4","Australia,Fiji,New Zealand","LCD (LED)","-","2031-07-07","Available","https://www.ayonz.com/","ATV7485",180726,80.039,2736.7112736,32.52,131,5,5.016707910976807,31.511417322834646,"1. ≤43 inches"
"TELEFUNKEN","TL320TQ*","Australia,Fiji,New Zealand","LCD (LED)","-","2031-07-07","Available","https://www.ayonz.com/","ATV7485",180726,80.039,2736.7112736,32.52,131,5,5.016707910976807,31.511417322834646,"1. ≤43 inches"
"BLAUPUNKT","BP550USTQ","Australia,Fiji,New Zealand","LCD (LED)","-","2031-07-07","Available","https://www.ayonz.com/","ATV7480",180751,138.783,8230.118400000001,99.84,379,4.5,4.53503722787905,54.63897637795275,"2. 44–55 inches"
"HISENSE","116U7SAU","Australia,New Zealand","LCD (LED)","0.45","2031-07-07","Available","https://global.hisense.com/","ATV7481",180844,293.371,36814.8585,355.2,1399,5,5.114499425187755,115.5003937007874,"4. >65 inches"
"HISENSE","116U7SNZ","Australia,New Zealand","LCD (LED)","0.45","2031-07-07","Available","https://global.hisense.com/","ATV7481",180844,293.371,36814.8585,355.2,1399,5,5.114499425187755,115.5003937007874,"4. >65 inches"
"HISENSE","116U7S series","Australia,New Zealand","LCD (LED)","0.45","2031-07-07","Available","https://global.hisense.com/","ATV7481",180844,293.371,36814.8585,355.2,1399,5,5.114499425187755,115.5003937007874,"4. >65 inches"
"BLAUPUNKT","COBP550UTS","Australia,Fiji,New Zealand","LCD","-","2030-11-12","Available","https://www.ayonz.com/","ATV6985",174102,138.783,8230.118400000001,82.2,302,5.5,5.552808910591775,54.63897637795275,"2. 44–55 inches"
"BLAUPUNKT","BP550UTS","Australia,Fiji,New Zealand","LCD","-","2030-11-12","Available","https://www.ayonz.com/","ATV6985",174102,138.783,8230.118400000001,82.2,302,5.5,5.552808910591775,54.63897637795275,"2. 44–55 inches"
"FPD","CG40-P1","Australia,Fiji,New Zealand","LCD (LED)","0.43","2031-07-08","Available",,"ATV7486",180857,100.332,4261.934154240001,50.94,211,4.5,4.526400619045754,39.5007874015748,"1. ≤43 inches"
"FPD","CG40-P2","Australia,Fiji,New Zealand","LCD (LED)","0.43","2031-07-08","Available",,"ATV7486",180857,100.332,4261.934154240001,50.94,211,4.5,4.526400619045754,39.5007874015748,"1. ≤43 inches"
"FPD","CG40-P3","Australia,Fiji,New Zealand","LCD (LED)","0.43","2031-07-08","Available",,"ATV7486",180857,100.332,4261.934154240001,50.94,211,4.5,4.526400619045754,39.5007874015748,"1. ≤43 inches"
"FPD","OG40-P3","Australia,Fiji,New Zealand","LCD (LED)","0.43","2031-07-08","Available",,"ATV7486",180857,100.332,4261.934154240001,50.94,211,4.5,4.526400619045754,39.5007874015748,"1. ≤43 inches"
"FPD","AU40-P3","Australia,Fiji,New Zealand","LCD (LED)","0.43","2031-07-08","Available",,"ATV7486",180857,100.332,4261.934154240001,50.94,211,4.5,4.526400619045754,39.5007874015748,"1. ≤43 inches"
"FPD","****40*****","Australia,Fiji,New Zealand","LCD (LED)","0.43","2031-07-08","Available",,"ATV7486",180857,100.332,4261.934154240001,50.94,211,4.5,4.526400619045754,39.5007874015748,"1. ≤43 inches"
"FPD","AU24-P1","Australia,Fiji,New Zealand","LCD (LED)","0.45","2031-07-12","Available",,"ATV7488",180855,59.824,1528.8666048,26.06,106,4,4.025359920995686,23.55275590551181,"1. ≤43 inches"
"FPD","CG24-P1","Australia,Fiji,New Zealand","LCD (LED)","0.45","2031-07-12","Available",,"ATV7488",180855,59.824,1528.8666048,26.06,106,4,4.025359920995686,23.55275590551181,"1. ≤43 inches"
"FPD","CG24-P2","Australia,Fiji,New Zealand","LCD (LED)","0.45","2031-07-12","Available",,"ATV7488",180855,59.824,1528.8666048,26.06,106,4,4.025359920995686,23.55275590551181,"1. ≤43 inches"
"FPD","CG24-P3","Australia,Fiji,New Zealand","LCD (LED)","0.45","2031-07-12","Available",,"ATV7488",180855,59.824,1528.8666048,26.06,106,4,4.025359920995686,23.55275590551181,"1. ≤43 inches"
"FPD","OG24-P1","Australia,Fiji,New Zealand","LCD (LED)","0.45","2031-07-12","Available",,"ATV7488",180855,59.824,1528.8666048,26.06,106,4,4.025359920995686,23.55275590551181,"1. ≤43 inches"
"FPD","****24*****","Australia,Fiji,New Zealand","LCD (LED)","0.45","2031-07-12","Available",,"ATV7488",180855,59.824,1528.8666048,26.06,106,4,4.025359920995686,23.55275590551181,"1. ≤43 inches"
"FPD","AU43-C3","Australia,Fiji,New Zealand","LCD (LED)","0.37","2031-07-12","Available",,"ATV7487",180871,107.986,4982.795156,75.42,301,3.5,3.542223664976664,42.51417322834646,"1. ≤43 inches"
"FPD","CG43-C1","Australia,Fiji,New Zealand","LCD (LED)","0.37","2031-07-12","Available",,"ATV7487",180871,107.986,4982.795156,75.42,301,3.5,3.542223664976664,42.51417322834646,"1. ≤43 inches"
"FPD","CG43-C2","Australia,Fiji,New Zealand","LCD (LED)","0.37","2031-07-12","Available",,"ATV7487",180871,107.986,4982.795156,75.42,301,3.5,3.542223664976664,42.51417322834646,"1. ≤43 inches"
"FPD","CG43-C3","Australia,Fiji,New Zealand","LCD (LED)","0.37","2031-07-12","Available",,"ATV7487",180871,107.986,4982.795156,75.42,301,3.5,3.542223664976664,42.51417322834646,"1. ≤43 inches"
"FPD","OG43-C3","Australia,Fiji,New Zealand","LCD (LED)","0.37","2031-07-12","Available",,"ATV7487",180871,107.986,4982.795156,75.42,301,3.5,3.542223664976664,42.51417322834646,"1. ≤43 inches"
"FPD","****43*****","Australia,Fiji,New Zealand","LCD (LED)","0.37","2031-07-12","Available",,"ATV7487",180871,107.986,4982.795156,75.42,301,3.5,3.542223664976664,42.51417322834646,"1. ≤43 inches"
"AIWA","AWB405DWC","Australia","LCD","-","2031-08-10","Available",,"ATV7514",180903,100.337,4259.8236358656,43.2,160,5.5,5.7644328713811355,39.50275590551181,"1. ≤43 inches"
"AIWA","AWB405DH","Australia","LCD (LED)","-","2031-07-21","Available",,"ATV7498",180904,100.337,4259.8236358656,43.1,167,5.5,5.572538474564652,39.50275590551181,"1. ≤43 inches"
"DGTEC","DG24HDTB-23859","Australia","LCD","0.4237","2031-07-15","Available",,"ATV7490",180935,59.809,1528.497216,17.9,68,6,6.014060320526477,23.546850393700787,"1. ≤43 inches"
"BLAUPUNKT","BP400FSTQ","Australia,Fiji,New Zealand","LCD (LED)","-","2031-07-21","Available","https://www.ayonz.com/","ATV7499",180937,100.337,4259.8236358656,42.9,167,5.5,5.572538474564652,39.50275590551181,"1. ≤43 inches"
"KOGAN","KAQL85Q9VB","Australia,Fiji,New Zealand","LCD (LED)","0.45","2031-07-14","Available",,"ATV7489",180946,214.783,19712.16,216.3,863,4.5,4.552077515720736,84.56023622047243,"4. >65 inches"
"KOGAN","KAQL85Q9VC","Australia,Fiji,New Zealand","LCD (LED)","0.45","2031-07-14","Available",,"ATV7489",180946,214.783,19712.16,216.3,863,4.5,4.552077515720736,84.56023622047243,"4. >65 inches"
"KOGAN","*********85*********","Australia,Fiji,New Zealand","LCD (LED)","0.45","2031-07-14","Available",,"ATV7489",180946,214.783,19712.16,216.3,863,4.5,4.552077515720736,84.56023622047243,"4. >65 inches"
"KOGAN","KAQL43MQ9VA","Australia,Fiji,New Zealand","LCD (LED)","0.39","2031-07-22","Available",,"ATV7501",180958,107.95,4977.889999999999,44.82,300,3.5,3.553267260591146,42.5,"1. ≤43 inches"
"KOGAN","KAQL43MQ9VB","Australia,Fiji,New Zealand","LCD (LED)","0.39","2031-07-22","Available",,"ATV7501",180958,107.95,4977.889999999999,44.82,300,3.5,3.553267260591146,42.5,"1. ≤43 inches"
"KOGAN","KAQL43MQ9VC","Australia,Fiji,New Zealand","LCD (LED)","0.39","2031-07-22","Available",,"ATV7501",180958,107.95,4977.889999999999,44.82,300,3.5,3.553267260591146,42.5,"1. ≤43 inches"
"KOGAN","*********43*********","Australia,Fiji,New Zealand","LCD (LED)","0.39","2031-07-22","Available",,"ATV7501",180958,107.95,4977.889999999999,44.82,300,3.5,3.553267260591146,42.5,"1. ≤43 inches"
"SAMSUNG","HG43HL03HAW","Australia,Fiji,New Zealand","LCD (LED)","0.5","2031-07-27","Available",,"ATV7503",180990,107.987,4982.7128,69,255,4,4.285387548332183,42.514566929133856,"1. ≤43 inches"
"SAMSUNG","HG75HL03HAW","Australia,Fiji,New Zealand","LCD (LED)","0.5","2031-07-28","Available",,"ATV7507",180991,189.338,15318.8066,175,642,4.5,4.7916692291663106,74.54251968503937,"4. >65 inches"
"SAMSUNG","HG65HL03HAW","Australia,Fiji,New Zealand","LCD (LED)","0.5","2031-07-27","Available",,"ATV7504",180992,163.897,11477.9975,147,540,4,4.338565762736138,64.52637795275591,"3. 56–65 inches"
"SAMSUNG","HG55HL03HAW","Australia,Fiji,New Zealand","LCD (LED)","0.5","2031-07-27","Available",,"ATV7505",180993,138.783,8230.118400000001,110,405,4,4.237691139975824,54.63897637795275,"2. 44–55 inches"
"BLAUPUNKT","BP700UTS","Australia,Fiji,New Zealand","LCD","0.472","2031-07-30","Available","https://www.ayonz.com/","ATV7508",181232,176.538,13380.468019200001,142.28,522,5,5.1409897508048665,69.50314960629922,"4. >65 inches"
"QBELL","QTU70T","Australia,Fiji,New Zealand","LCD","0.472","2031-07-30","Available","https://www.ayonz.com/","ATV7509",181234,176.538,13380.468019200001,142.28,522,5,5.1409897508048665,69.50314960629922,"4. >65 inches"
"EKO","K70USTW","Australia,Fiji,New Zealand","LCD","0.472","2031-07-30","Available","https://www.ayonz.com/","ATV7510",181235,176.538,13380.468019200001,142.28,522,5,5.1409897508048665,69.50314960629922,"4. >65 inches"
"BAUHN","ATV50QLEDW-0826","Australia","LCD","0.42","2031-07-26","Available",,"ATV7502",181236,125.736,6767.099999999999,56.2,227,6,6.030353956843012,49.50236220472441,"2. 44–55 inches"
"AOA","LTW24FHD","Australia,Fiji,New Zealand","LCD (LED)","0.3","2031-07-27","Available","https://www.macc-tv.com/","ATV7506",181254,60.47,1562.462784,21.36,80,5,5.353523151201295,23.807086614173226,"1. ≤43 inches"
"COOCAA","65X66CH-A","Australia,Fiji,New Zealand","LCD (LED)","-","2031-08-05","Available",,"ATV7513",181306,163.897,11477.9975,79.1,310,6,6.825739776103138,64.52637795275591,"3. 56–65 inches"
"SAMSUNG","UA43M60HAW","Australia,Fiji","LCD (LED)","0.5","2031-08-04","Available",,"ATV7512",181342,107.987,4982.77868544,47,175,5.5,5.972593664336952,42.514566929133856,"1. ≤43 inches"
"SAMSUNG","UA43M60HAS","Australia,Fiji","LCD (LED)","0.5","2031-08-04","Available",,"ATV7512",181342,107.987,4982.77868544,47,175,5.5,5.972593664336952,42.514566929133856,"1. ≤43 inches"
"SAMSUNG","UA43M60HA*","Australia,Fiji","LCD (LED)","0.5","2031-08-04","Available",,"ATV7512",181342,107.987,4982.77868544,47,175,5.5,5.972593664336952,42.514566929133856,"1. ≤43 inches"
"PHILIPS","32PQT6831/79","Australia,Fiji,New Zealand","LCD (LED)","-","2031-08-16","Available",,"ATV7518",181412,80.054,2736.1600000000003,31.9,130,5,5.050329620054731,31.517322834645668,"1. ≤43 inches"
"PHILIPS","40PQT6831/79","Australia,Fiji,New Zealand","LCD (LED)","-","2031-08-16","Available",,"ATV7522",181413,100.305,4258.3,46.1,187,5,5.064246719599972,39.49015748031496,"1. ≤43 inches"
"PHILIPS","43PQT7931/79","Australia,Fiji,New Zealand","LCD (LED)","-","2031-08-16","Available",,"ATV7519",181414,107.95,4977.889999999999,51.3,208,5,5.1945622601458155,42.5,"1. ≤43 inches"
"PHILIPS","50PQT7931/79","Australia,Fiji,New Zealand","LCD (LED)","-","2031-08-16","Available",,"ATV7523",181415,125.725,6751.36,61.8,250,5.5,5.588392057893258,49.49803149606299,"2. 44–55 inches"
"PHILIPS","55PQT7931/79","Australia,Fiji,New Zealand","LCD (LED)","-","2031-08-16","Available",,"ATV7520",181416,138.624,8214.4,66.4,269,6,6.06348463387501,54.576377952755905,"2. 44–55 inches"
"PHILIPS","65PQT7931/79","Australia,Fiji,New Zealand","LCD (LED)","-","2031-08-16","Available",,"ATV7524",181417,163.878,11481.120000000003,89.3,361,6,6.144343004652812,64.51889763779526,"3. 56–65 inches"
"PHILIPS","75PQT7931/79","Australia,Fiji,New Zealand","LCD (LED)","-","2031-08-16","Available",,"ATV7521",181418,189.306,15312,96,388,7,7.046531474899381,74.52992125984252,"4. >65 inches"
"PHILIPS","85PQT7931/79","Australia,Fiji,New Zealand","LCD (LED)","-","2031-08-16","Available",,"ATV7525",181419,214.783,19712.16,138.8,559,6,6.498202399772786,84.56023622047243,"4. >65 inches"
"EKO","K40FST","Australia,Fiji,New Zealand","LCD (LED)","-","2030-08-31","Available","https://www.ayonz.com/","ATV6914",172319,100.332,4261.934154240001,43.2,167,5.5,5.574444892258945,39.5007874015748,"1. ≤43 inches"
"EKO","K40FSTQ","Australia,Fiji,New Zealand","LCD (LED)","-","2030-08-31","Available","https://www.ayonz.com/","ATV6914",172319,100.332,4261.934154240001,43.2,167,5.5,5.574444892258945,39.5007874015748,"1. ≤43 inches"
"COOCAA","75X66CH-A","Australia,Fiji,New Zealand","LCD (LED)","-","2031-08-04","Available",,"ATV7511",181462,189.338,15318.8066,105.7,410,6,6.801277579264537,74.54251968503937,"4. >65 inches"
"EKO","K32HSTQ12V","Australia,Fiji,New Zealand","LCD (LED)","-","2031-08-10","Available","https://www.ayonz.com/","ATV7515",181583,80.039,2736.7112736,32.52,131,5,5.016707910976807,31.511417322834646,"1. ≤43 inches"
"AIWA","AWB323DH","Australia","LCD","0.48","2031-08-17","Available",,"ATV7533",181648,80.039,2736.70931232,27.16,110,5.5,5.799685441574415,31.511417322834646,"1. ≤43 inches"
"AIWA","AWB405DHH","Australia","LCD","0.36","2031-08-16","Available",,"ATV7526",181659,100.332,4261.934154240001,40.11,168,5.5,5.547690065819452,39.5007874015748,"1. ≤43 inches"
"AIWA","AWB505DH","Australia","LCD","0.32","2031-08-17","Available",,"ATV7534",181663,125.731,6754.867344,46.45,225,6,6.062665602947731,49.5003937007874,"2. 44–55 inches"
"AIWA","AWB557DH","Australia","LCD","0.41","2031-08-16","Available",,"ATV7527",181667,138.783,8230.118400000001,79.85,340,5,5.02167727117258,54.63897637795275,"2. 44–55 inches"
"AIWA","AWB657DH","Australia","LCD","0.5","2031-08-17","Available",,"ATV7530",181668,163.896,11478.122496000002,92.61,385,5.5,5.854791829048124,64.5259842519685,"3. 56–65 inches"
"AIWA","AWB757DH","Australia","LCD","0.49","2031-08-16","Available",,"ATV7528",181669,189.34,15318.517823999999,121.7,525,5.5,5.693205539770107,74.54330708661418,"4. >65 inches"
"JVC","LT-32NQ3175A","Australia","LCD","0.45","2031-08-17","Available",,"ATV7535",181685,80.039,2736.70931232,26.95,110,5.5,5.799685441574415,31.511417322834646,"1. ≤43 inches"
"JVC","LT-40NQ5175A","Australia","LCD","0.36","2031-08-17","Available",,"ATV7536",181687,100.332,4261.934154240001,42.09,168,5.5,5.547690065819452,39.5007874015748,"1. ≤43 inches"
"JVC","LT-50NQ5175A","Australia","LCD","0.4","2031-08-17","Available",,"ATV7531",181688,125.731,6754.867344,46.05,225,6,6.062665602947731,49.5003937007874,"2. 44–55 inches"
"JVC","LT-65N7175A","Australia","LCD","0.5","2031-08-16","Available",,"ATV7529",181689,163.896,11478.122496000002,92.61,385,5.5,5.854791829048124,64.5259842519685,"3. 56–65 inches"
"JVC","LT-55N7175A","Australia","LCD","0.41","2031-08-17","Available",,"ATV7532",181692,138.783,8230.118400000001,79.85,340,5,5.02167727117258,54.63897637795275,"2. 44–55 inches"
"EKO","K55USTWQ","Australia,Fiji,New Zealand","LCD","0.4","2029-12-01","Available","https://www.ayonz.com/","ATV6357",165765,138.783,8230.118400000001,92.1,339,5,5.034877339973175,54.63897637795275,"2. 44–55 inches"
"EKO","K55USTW","Australia,Fiji,New Zealand","LCD","0.4","2029-12-01","Available","https://www.ayonz.com/","ATV6357",165765,138.783,8230.118400000001,92.1,339,5,5.034877339973175,54.63897637795275,"2. 44–55 inches"
"EKO","K50USTQ","Australia,Fiji,New Zealand","LCD (LED)","-","2029-12-11","Available","https://www.ayonz.com/","ATV6402",165788,125.731,6754.867344,76.8,284,5,5.0190601095993035,49.5003937007874,"2. 44–55 inches"
"EKO","K50UST","Australia,Fiji,New Zealand","LCD (LED)","-","2029-12-11","Available","https://www.ayonz.com/","ATV6402",165788,125.731,6754.867344,76.8,284,5,5.0190601095993035,49.5003937007874,"2. 44–55 inches"
"EKO","K500UGT","Australia,Fiji,New Zealand","LCD (LED)","-","2029-12-11","Available","https://www.ayonz.com/","ATV6402",165788,125.731,6754.867344,76.8,284,5,5.0190601095993035,49.5003937007874,"2. 44–55 inches"
"EKO","K50***","Australia,Fiji,New Zealand","LCD (LED)","-","2029-12-11","Available","https://www.ayonz.com/","ATV6402",165788,125.731,6754.867344,76.8,284,5,5.0190601095993035,49.5003937007874,"2. 44–55 inches"
"EKO","K32HSTQ","Australia,Fiji,New Zealand","LCD (LED)","-","2029-11-28","Available","https://www.ayonz.com/","ATV6353",165432,80.039,2736.719568,31,131,5,5.0167187257265855,31.511417322834646,"1. ≤43 inches"
"EKO","K32HST","Australia,Fiji,New Zealand","LCD (LED)","-","2029-11-28","Available","https://www.ayonz.com/","ATV6353",165432,80.039,2736.719568,31,131,5,5.0167187257265855,31.511417322834646,"1. ≤43 inches"
"LG","65UJ760H5SD","Australia,New Zealand","LCD (LED)","0.4","2031-08-13","Available",,"ATV7517",181721,163.897,11477.9975,54,200,8,8.789744240270002,64.52637795275591,"3. 56–65 inches"
"TOSHIBA","98Z670SP","Australia","LCD (LED)","0.33","2031-08-12","Available","https://global.hisense.com/","ATV7516",181738,247.695,26215.994974999998,235.66,888,5.5,5.663599947520351,97.51771653543307,"4. >65 inches"
"PHILIPS","32HFL5114/12","Australia,Fiji,New Zealand","LCD (LED)","-","2031-08-18","Available",,"ATV7537",181775,80.103,2743.14,27.8,114,5.5,5.647994615200048,31.536614173228344,"1. ≤43 inches"
"KOGAN","KAQL65MQ9VA","Australia,Fiji,New Zealand","LCD (LED)","0.4","2031-08-19","Available",,"ATV7543",181823,163.878,11481.120000000003,128.52,515,4.5,4.55214399088624,64.51889763779526,"3. 56–65 inches"
"KOGAN","KAQL65MQ9VB","Australia,Fiji,New Zealand","LCD (LED)","0.4","2031-08-19","Available",,"ATV7543",181823,163.878,11481.120000000003,128.52,515,4.5,4.55214399088624,64.51889763779526,"3. 56–65 inches"
"KOGAN","KAQL65MQ9VC","Australia,Fiji,New Zealand","LCD (LED)","0.4","2031-08-19","Available",,"ATV7543",181823,163.878,11481.120000000003,128.52,515,4.5,4.55214399088624,64.51889763779526,"3. 56–65 inches"
"KOGAN","*********65*********","Australia,Fiji,New Zealand","LCD (LED)","0.4","2031-08-19","Available",,"ATV7543",181823,163.878,11481.120000000003,128.52,515,4.5,4.55214399088624,64.51889763779526,"3. 56–65 inches"
"KOGAN","KAQL50MQ9VA","Australia,Fiji,New Zealand","LCD (LED)","0.45","2031-08-19","Available",,"ATV7538",181824,125.725,6751.36,105,440,3,3.054983381188823,49.49803149606299,"2. 44–55 inches"
"KOGAN","KAQL50MQ9VB","Australia,Fiji,New Zealand","LCD (LED)","0.45","2031-08-19","Available",,"ATV7538",181824,125.725,6751.36,105,440,3,3.054983381188823,49.49803149606299,"2. 44–55 inches"
"KOGAN","KAQL50MQ9VC","Australia,Fiji,New Zealand","LCD (LED)","0.45","2031-08-19","Available",,"ATV7538",181824,125.725,6751.36,105,440,3,3.054983381188823,49.49803149606299,"2. 44–55 inches"
"KOGAN","*********50*********","Australia,Fiji,New Zealand","LCD (LED)","0.45","2031-08-19","Available",,"ATV7538",181824,125.725,6751.36,105,440,3,3.054983381188823,49.49803149606299,"2. 44–55 inches"
"KOGAN","KAQL55MQ9VA","Australia,Fiji,New Zealand","LCD (LED)","0.45","2031-08-19","Available",,"ATV7539",181825,138.798,8228,104.88,460,3.5,3.6659665217587554,54.64488188976378,"2. 44–55 inches"
"KOGAN","KAQL55MQ9VB","Australia,Fiji,New Zealand","LCD (LED)","0.45","2031-08-19","Available",,"ATV7539",181825,138.798,8228,104.88,460,3.5,3.6659665217587554,54.64488188976378,"2. 44–55 inches"
"KOGAN","KAQL55MQ9VC","Australia,Fiji,New Zealand","LCD (LED)","0.45","2031-08-19","Available",,"ATV7539",181825,138.798,8228,104.88,460,3.5,3.6659665217587554,54.64488188976378,"2. 44–55 inches"
"KOGAN","*********55*********","Australia,Fiji,New Zealand","LCD (LED)","0.45","2031-08-19","Available",,"ATV7539",181825,138.798,8228,104.88,460,3.5,3.6659665217587554,54.64488188976378,"2. 44–55 inches"
"KOGAN","KAL43F9QA","Australia,Fiji,New Zealand","LCD","-","2031-08-19","Available",,"ATV7540",181840,107.953,4979.729715840001,57.66,217,5,5.006184283739305,42.5011811023622,"1. ≤43 inches"
"KOGAN","KAL43F9QB","Australia,Fiji,New Zealand","LCD","-","2031-08-19","Available",,"ATV7540",181840,107.953,4979.729715840001,57.66,217,5,5.006184283739305,42.5011811023622,"1. ≤43 inches"
"KOGAN","KAL43F9QC","Australia,Fiji,New Zealand","LCD","-","2031-08-19","Available",,"ATV7540",181840,107.953,4979.729715840001,57.66,217,5,5.006184283739305,42.5011811023622,"1. ≤43 inches"
"KOGAN","KAL43F9QD","Australia,Fiji,New Zealand","LCD","-","2031-08-19","Available",,"ATV7540",181840,107.953,4979.729715840001,57.66,217,5,5.006184283739305,42.5011811023622,"1. ≤43 inches"
"KOGAN","KAL43F9Q*","Australia,Fiji,New Zealand","LCD","-","2031-08-19","Available",,"ATV7540",181840,107.953,4979.729715840001,57.66,217,5,5.006184283739305,42.5011811023622,"1. ≤43 inches"
"KOGAN","KAQL55XQ98GSVA","Australia,Fiji,New Zealand","LCD (LED)","0.45","2031-08-19","Available",,"ATV7541",181842,138.798,8228,123.84,475,3.5,3.5221653033837876,54.64488188976378,"2. 44–55 inches"
"KOGAN","KAQL55XQ98GSVB","Australia,Fiji,New Zealand","LCD (LED)","0.45","2031-08-19","Available",,"ATV7541",181842,138.798,8228,123.84,475,3.5,3.5221653033837876,54.64488188976378,"2. 44–55 inches"
"KOGAN","KAQL55XQ98GSVC","Australia,Fiji,New Zealand","LCD (LED)","0.45","2031-08-19","Available",,"ATV7541",181842,138.798,8228,123.84,475,3.5,3.5221653033837876,54.64488188976378,"2. 44–55 inches"
"KOGAN","*********55*********","Australia,Fiji,New Zealand","LCD (LED)","0.45","2031-08-19","Available",,"ATV7541",181842,138.798,8228,123.84,475,3.5,3.5221653033837876,54.64488188976378,"2. 44–55 inches"
"KOGAN","KAQL65XQ98GSVA","Australia,Fiji,New Zealand","LCD (LED)","0.4","2031-08-19","Available",,"ATV7544",181843,163.878,11481.120000000003,151.62,634,3.5,3.6205371729918245,64.51889763779526,"3. 56–65 inches"
"KOGAN","KAQL65XQ98GSVB","Australia,Fiji,New Zealand","LCD (LED)","0.4","2031-08-19","Available",,"ATV7544",181843,163.878,11481.120000000003,151.62,634,3.5,3.6205371729918245,64.51889763779526,"3. 56–65 inches"
"KOGAN","KAQL65XQ98GSVC","Australia,Fiji,New Zealand","LCD (LED)","0.4","2031-08-19","Available",,"ATV7544",181843,163.878,11481.120000000003,151.62,634,3.5,3.6205371729918245,64.51889763779526,"3. 56–65 inches"
"KOGAN","*********65*********","Australia,Fiji,New Zealand","LCD (LED)","0.4","2031-08-19","Available",,"ATV7544",181843,163.878,11481.120000000003,151.62,634,3.5,3.6205371729918245,64.51889763779526,"3. 56–65 inches"
"KOGAN","KAL50F9QA","Australia,Fiji,New Zealand","LCD","-","2031-08-19","Available",,"ATV7545",181845,125.731,6754.867344,55.47,227,6,6.023006759011338,49.5003937007874,"2. 44–55 inches"
"KOGAN","KAL50F9QB","Australia,Fiji,New Zealand","LCD","-","2031-08-19","Available",,"ATV7545",181845,125.731,6754.867344,55.47,227,6,6.023006759011338,49.5003937007874,"2. 44–55 inches"
"KOGAN","KAL50F9QC","Australia,Fiji,New Zealand","LCD","-","2031-08-19","Available",,"ATV7545",181845,125.731,6754.867344,55.47,227,6,6.023006759011338,49.5003937007874,"2. 44–55 inches"
"KOGAN","KAL50F9QD","Australia,Fiji,New Zealand","LCD","-","2031-08-19","Available",,"ATV7545",181845,125.731,6754.867344,55.47,227,6,6.023006759011338,49.5003937007874,"2. 44–55 inches"
"KOGAN","KAL50F9Q*","Australia,Fiji,New Zealand","LCD","-","2031-08-19","Available",,"ATV7545",181845,125.731,6754.867344,55.47,227,6,6.023006759011338,49.5003937007874,"2. 44–55 inches"
"KOGAN","KAL65U9QA","Australia,Fiji,New Zealand","LCD","-","2031-08-19","Available",,"ATV7546",181849,163.896,11478.122496000002,104.15,465,5,5.008726279819099,64.5259842519685,"3. 56–65 inches"
"KOGAN","KAL65U9QB","Australia,Fiji,New Zealand","LCD","-","2031-08-19","Available",,"ATV7546",181849,163.896,11478.122496000002,104.15,465,5,5.008726279819099,64.5259842519685,"3. 56–65 inches"
"KOGAN","KAL65U9QC","Australia,Fiji,New Zealand","LCD","-","2031-08-19","Available",,"ATV7546",181849,163.896,11478.122496000002,104.15,465,5,5.008726279819099,64.5259842519685,"3. 56–65 inches"
"KOGAN","KAL65U9QD","Australia,Fiji,New Zealand","LCD","-","2031-08-19","Available",,"ATV7546",181849,163.896,11478.122496000002,104.15,465,5,5.008726279819099,64.5259842519685,"3. 56–65 inches"
"KOGAN","KAL65U9Q*","Australia,Fiji,New Zealand","LCD","-","2031-08-19","Available",,"ATV7546",181849,163.896,11478.122496000002,104.15,465,5,5.008726279819099,64.5259842519685,"3. 56–65 inches"
"KOGAN","KAL50U9QA","Australia,Fiji,New Zealand","LCD","-","2031-08-19","Available",,"ATV7542",181850,125.731,6754.867344,84.99,356,4,4.0064541375241625,49.5003937007874,"2. 44–55 inches"
"KOGAN","KAL50U9QB","Australia,Fiji,New Zealand","LCD","-","2031-08-19","Available",,"ATV7542",181850,125.731,6754.867344,84.99,356,4,4.0064541375241625,49.5003937007874,"2. 44–55 inches"
"KOGAN","KAL50U9QC","Australia,Fiji,New Zealand","LCD","-","2031-08-19","Available",,"ATV7542",181850,125.731,6754.867344,84.99,356,4,4.0064541375241625,49.5003937007874,"2. 44–55 inches"
"KOGAN","KAL50U9QD","Australia,Fiji,New Zealand","LCD","-","2031-08-19","Available",,"ATV7542",181850,125.731,6754.867344,84.99,356,4,4.0064541375241625,49.5003937007874,"2. 44–55 inches"
"KOGAN","KAL50U9Q*","Australia,Fiji,New Zealand","LCD","-","2031-08-19","Available",,"ATV7542",181850,125.731,6754.867344,84.99,356,4,4.0064541375241625,49.5003937007874,"2. 44–55 inches"
"TCL","65G60K-IU","Australia,Fiji,New Zealand","LCD (LED)","0.344","2031-08-26","Available","https://www.tcl.com/au","ATV7550",181873,163.829,11466.84,77.1,320,6,6.679352863107162,64.4996062992126,"3. 56–65 inches"
"BAUHN","ATV58UHDW-0926","Australia","LCD","0.412","2031-08-27","Available",,"ATV7551",181934,145.964,9167.64,80.7,297,6,6.074995295333323,57.46614173228346,"3. 56–65 inches"
"EKO","K32HST","Australia,Fiji,New Zealand","LCD","0.25","2031-08-31","Available","https://www.ayonz.com/","ATV7554",181975,80.039,2736.7112736,30.1,112,5.5,5.718939505764904,31.511417322834646,"1. ≤43 inches"
"BLAUPUNKT","BP650USTQ","Australia,Fiji,New Zealand","LCD (LED)","-","2031-08-30","Available","https://www.ayonz.com/","ATV7553",182062,163.896,11478.122496000002,104.98,416,5.5,5.50774202403524,64.5259842519685,"3. 56–65 inches"
"EKO","K65USTWQ","Australia,Fiji,New Zealand","LCD (LED)","-","2031-08-31","Available","https://www.ayonz.com/","ATV7555",182063,163.896,11478.122496000002,104.98,416,5.5,5.50774202403524,64.5259842519685,"3. 56–65 inches"
"PHILIPS","55MLED601/79","Australia,Fiji,New Zealand","LCD (LED)","0.39","2031-09-08","Available",,"ATV7559",182093,138.624,8214.4,103,380,4.5,4.51533380861478,54.576377952755905,"2. 44–55 inches"
"PHILIPS","65MLED601/79","Australia,Fiji,New Zealand","LCD (LED)","0.38","2031-09-08","Available",,"ATV7560",182097,163.878,11481.120000000003,125,463,5,5.029145660666171,64.51889763779526,"3. 56–65 inches"
"PHILIPS","75MLED601/79","Australia,Fiji,New Zealand","LCD (LED)","0.26","2031-09-08","Available",,"ATV7558",182098,189.338,15318.8066,148.2,548,5.5,5.50113636729133,74.54251968503937,"4. >65 inches"
"BAUHN","ATV58UHDW-0926","Australia","LCD","0.412","2031-09-01","Available",,"ATV7556",182115,145.964,9167.64,80.7,298,6,6.059931684115753,57.46614173228346,"3. 56–65 inches"
"HISENSE","58Q6SAU","Australia,New Zealand","LCD (LED)","0.29","2031-09-07","Available","https://global.hisense.com/","ATV7557",182312,146.068,9162.865152,70.86,277,6,6.3852468858055875,57.50708661417323,"3. 56–65 inches"
"HISENSE","58Q6SNZ","Australia,New Zealand","LCD (LED)","0.29","2031-09-07","Available","https://global.hisense.com/","ATV7557",182312,146.068,9162.865152,70.86,277,6,6.3852468858055875,57.50708661417323,"3. 56–65 inches"
"HISENSE","58Q6S","Australia,New Zealand","LCD (LED)","0.29","2031-09-07","Available","https://global.hisense.com/","ATV7557",182312,146.068,9162.865152,70.86,277,6,6.3852468858055875,57.50708661417323,"3. 56–65 inches"
"CHIQ","32S49M","Australia,Fiji,New Zealand","LCD (LED)","-","2031-09-08","Available",,"ATV7561",182327,80.039,2736.7112736,25.47,112,5.5,5.718939505764904,31.511417322834646,"1. ≤43 inches"
"BAUHN","ATV50UHDW-1026","Australia","LCD","0.418","2031-09-13","Available",,"ATV7562",182476,125.736,6767.099999999999,58.5,216,6,6.252953308268117,49.50236220472441,"2. 44–55 inches"
"DGTEC","DG75QUHDW-25251","Australia","LCD (LED)","0.38","2031-09-15","Available",,"ATV7564",182527,189.34,15318.517823999999,132.1,485,6,6.0483552682180015,74.54330708661418,"4. >65 inches"
"SONIQ","G55UZ26A-AU","Australia,New Zealand","LCD","0.86","2031-09-15","Available",,"ATV7565",182537,138.809,8245.380000000001,87.44,324,5,5.245343088867614,54.649212598425194,"2. 44–55 inches"
"SYLVOX","OQHTA3KOHK","Australia,Fiji,New Zealand","LCD","0.47124","2031-09-17","Available",,"ATV7567",182538,279.549,33392.445695999995,637.8,2500,2,2.0841925757286406,110.05866141732282,"4. >65 inches"
"SYLVOX","OQHTA4K8RK","Australia,Fiji,New Zealand","LCD","0.47124","2031-09-17","Available",,"ATV7567",182538,279.549,33392.445695999995,637.8,2500,2,2.0841925757286406,110.05866141732282,"4. >65 inches"
"SYLVOX","OTHTA3KOHK","Australia,Fiji,New Zealand","LCD","0.47124","2031-09-17","Available",,"ATV7567",182538,279.549,33392.445695999995,637.8,2500,2,2.0841925757286406,110.05866141732282,"4. >65 inches"
"SYLVOX","OTHTA4K8RK","Australia,Fiji,New Zealand","LCD","0.47124","2031-09-17","Available",,"ATV7567",182538,279.549,33392.445695999995,637.8,2500,2,2.0841925757286406,110.05866141732282,"4. >65 inches"
"SYLVOX","OQHTA3KHHK","Australia,Fiji,New Zealand","LCD","0.47124","2031-09-17","Available",,"ATV7567",182538,279.549,33392.445695999995,637.8,2500,2,2.0841925757286406,110.05866141732282,"4. >65 inches"
"SYLVOX","OTHTA3KHHK","Australia,Fiji,New Zealand","LCD","0.47124","2031-09-17","Available",,"ATV7567",182538,279.549,33392.445695999995,637.8,2500,2,2.0841925757286406,110.05866141732282,"4. >65 inches"
"SONIQ","G65UZ26A-AU","Australia,New Zealand","LCD","0.5","2031-09-15","Available",,"ATV7563",182540,163.829,11466.84,139.34,512,4.5,4.573069143601772,64.4996062992126,"3. 56–65 inches"
"SONIQ","G75UZ26A-AU","Australia,New Zealand","LCD","0.54","2031-09-15","Available",,"ATV7566",182541,188.974,15220.27,186.4,684,4,4.480032196270386,74.3992125984252,"4. >65 inches"
"SONY","KD-32W830K","Australia,New Zealand","LCD (LED)","0.5","2031-11-22","Available","https://www.sony.com.au/","ATV7572",182587,80.054,2736.1600000000003,34.7,132,4.5,4.981909663301017,31.517322834645668,"1. ≤43 inches"
"EKO","K55FT9000","Australia,Fiji,New Zealand","LCD","-","2031-09-23","Available","https://www.ayonz.com/","ATV7570",182777,138.783,8230.118400000001,58.79,238,6,6.620087540427892,54.63897637795275,"2. 44–55 inches"
