"Brand_Reg","Model_No","Screen_Tech","Passive Standby Power (W)","Screen Size (inches)"
"HISENSE","65U9G","LCD (LED)",0.33,64.5259842519685
"HISENSE","70A6G","LCD (LED)",0.32,69.51574803149606
"POLAROID","PL6521OS","LCD (LED)",0.3594,64.5259842519685
"AKAI","AK3221S6WOS","LCD (LED)",0.36,31.517322834645668
"PHILIPS","50HFL5214U/97","LCD (LED)",0.39,49.50433070866141
"PHILIPS","50BFL2214/97","LCD (LED)",0.39,49.50433070866141
"PHILIPS","65HFL5214U/97","LCD (LED)",0.41,64.52637795275591
"PHILIPS","65BFL2214/97","LCD (LED)",0.41,64.52637795275591
"PHILIPS","55HFL5214U/97","LCD (LED)",0.4,54.63897637795275
"PHILIPS","55BFL2214/97","LCD (LED)",0.4,54.63897637795275
"POLAROID","PL3221OS","LCD (LED)",0.36,31.517322834645668
"SAMSUNG","QA55Q95TDW","LCD (LED)",0.5,54.63897637795275
"SAMSUNG","QA55Q95TDS","LCD (LED)",0.5,54.63897637795275
"SAMSUNG","QA65Q95TDW","LCD (LED)",0.5,64.52637795275591
"SAMSUNG","QA65Q95TDS","LCD (LED)",0.5,64.52637795275591
"SAMSUNG","QA75Q95TDW","LCD (LED)",0.5,74.54251968503937
"SHARETV","ST1922G","LCD",0.25,21.414173228346456
"KOGAN","KAQLED55XQ9610STA","LCD",0.4,54.61062992125985
"PHILIPS","55OLED706/75","LCD (LED)",0.29,54.63897637795275
"PHILIPS","55OLED706/79","LCD (LED)",0.29,54.63897637795275
"BLAUPUNKT","BP4000F","LCD (LED)",0.28,39.5007874015748
"VEON","VN40WOS2021","LCD (LED)",0.408,39.50905511811023
"PHILIPS","75PUT7906/79","LCD (LED)",0.41,74.51771653543307
"PHILIPS","75PUT7906/75","LCD (LED)",0.41,74.51771653543307
"EKO","K32HSW","LCD (LED)",0.39,31.511417322834646
"KOGAN","KALED43XT9610STA","LCD",0.45,42.5
"PHILIPS","65PML9506/79","LCD (LED)",0.28,64.52637795275591
"PHILIPS","65PML9506/75","LCD (LED)",0.28,64.52637795275591
"SAMSUNG","HG43AJ690YK","LCD (LED)",0.5,42.514566929133856
"SAMSUNG","HG55AJ690YK","LCD (LED)",0.5,54.63897637795275
"SAMSUNG","HG50AJ690YK","LCD (LED)",0.5,49.4988188976378
"SAMSUNG","HG65AJ690YK","LCD (LED)",0.5,64.52637795275591
"SAMSUNG","HG75AJ690YK","LCD (LED)",0.5,74.54055118110236
"SAMSUNG","UA50AU7002S","LCD (LED)",0.5,49.4988188976378
"KOGAN","KAQLED75XQ9610STA","LCD",0.45,74.52992125984252
"PHILIPS","43HFL6214U/12","LCD (LED)",0.31,42.514566929133856
"PHILIPS","50HFL6214U/12","LCD (LED)",0.28,49.50433070866141
"PHILIPS","75HFL6214U/12","LCD (LED)",0.28,74.51771653543307
"PHILIPS","75PML9506/79","LCD (LED)",0.28,74.51732283464567
"PHILIPS","75PML9506/75","LCD (LED)",0.28,74.51732283464567
"PHILIPS","58HFL6214U/12","LCD (LED)",0.28,57.50708661417323
"PHILIPS","65HFL6214U/12","LCD (LED)",0.28,64.52637795275591
"KOGAN","KALED24EH7520SVA","LCD (LED)",0.6,23.55275590551181
"MYVI","UR-LED2402NS","LCD (LED)",0.32,23.659448818897637
"SAMSUNG","UA55AU7002S","LCD (LED)",0.5,54.63897637795275
"CAIXUN","LE-40V1","LCD (LED)",0.34,39.5007874015748
"STAN CASH","TV185CLEARA","LCD (LED)",0.26,18.42007874015748
"KOGAN","KAQLED65XQ9610STA","LCD",0.43,64.4996062992126
"EKO","K58USG","LCD",0.35,57.50708661417323
"EKO","K75USW","LCD",0.34,74.51732283464567
"EKO","K700USG","LCD",0.31,69.50314960629922
"EKO","K70USW","LCD",0.29,69.50314960629922
"LG","50UR767H3VC","LCD (LED)",0.4,49.4988188976378
"LG","55UR767H3VC","LCD (LED)",0.4,54.63897637795275
"LG","65UR767H3VC","LCD (LED)",0.4,64.52637795275591
"KOGAN","KALED40RF9220STB","LCD (LED)",0.3,39.49015748031496
"KOGAN","KALED40RF9210STB","LCD (LED)",0.3,39.49015748031496
"AKAI","AK6521S6WOS","LCD (LED)",0.3594,64.5259842519685
"LINSAR","LS65UHDNF","LCD (LED)",0.3594,64.5259842519685
"PHILIPS","19HFL5214W/12","LCD (LED)",0.32,18.509055118110236
"JVC","LT-32N3115AM","LCD",0.31,31.39527559055118
"SONY","KD-43X75K","LCD (LED)",0.5,42.5
"SONY","KD-50X75K","LCD (LED)",0.5,49.49803149606299
"JVC","LT-42N5125A","LCD",0.36,41.494488188976376
"JVC","LT-55NQ7105AM","LCD",0.374,54.64488188976378
"JVC","LT-50NQ7115A","LCD",0.411,49.35629921259842
"BLAUPUNKT","BP3200HDV7100","LCD",0.27,31.511417322834646
"LG","55UP801C0TB","LCD (LED)",0.4,54.63897637795275
"LG","65UP801C0TB","LCD (LED)",0.4,64.52637795275591
"BLAUPUNKT","BP2400HDV7100","LCD (LED)",0.49,23.55275590551181
"SAMSUNG","UA65AU7002S","LCD (LED)",0.5,64.5259842519685
"EKO","K430USGQ","LCD",0.41,42.514566929133856
"EKO","K75QHZ","LCD",0.35,74.54330708661418
"EKO","K750USG","LCD",0.26,74.51732283464567
"EKO","K500USG","LCD",0.41,49.5003937007874
"LG","65QNED91SQA","LCD (LED)",0.4,64.52637795275591
"LG","75QNED91SQA","LCD (LED)",0.4,74.51771653543307
"LG","75QNED916QA","LCD (LED)",0.4,74.51771653543307
"LG","86QNED91SQA","LCD (LED)",0.4,85.60039370078741
"LG","86QNED916QA","LCD (LED)",0.4,85.60039370078741
"LG","OLED48A2PSA","OLED",0.4,47.52795275590551
"LG","OLED55A2PSA","OLED",0.4,54.63897637795275
"LG","OLED55A26LA","OLED",0.4,54.63897637795275
"LG","OLED55B2PSA","OLED",0.4,54.63897637795275
"LG","OLED55C2PSC","OLED",0.4,54.63897637795275
"LG","OLED55C24LA","OLED",0.4,54.63897637795275
"LG","OLED65A2PSA","OLED",0.4,64.52637795275591
"LG","OLED65A26LA","OLED",0.4,64.52637795275591
"LG","OLED65B2PSA","OLED",0.4,64.52637795275591
"LG","OLED65C2PSC","OLED",0.4,64.52637795275591
"LG","OLED65C24LA","OLED",0.4,64.52637795275591
"LG","OLED77C2PSC","OLED",0.4,76.66850393700787
"LG","OLED77C24LA","OLED",0.4,76.66850393700787
"LG","OLED83C2PSA","OLED",0.4,82.51377952755905
"LG","OLED83C24LA","OLED",0.4,82.51377952755905
"BAUHN","ATV42FHDW-1221","LCD",0.4,41.494488188976376
"LG","OLED42C2PSA","OLED",0.4,41.54330708661417
"LG","OLED42C24LA","OLED",0.4,41.54330708661417
"LG","OLED48C2PSA","OLED",0.4,47.52795275590551
"LG","OLED48C24LA","OLED",0.4,47.52795275590551
"LG","43NANO75SQA","LCD (LED)",0.4,42.514566929133856
"LG","43NANO756QA","LCD (LED)",0.4,42.514566929133856
"LG","43UQ75006LF","LCD (LED)",0.4,42.514566929133856
"LG","50NANO75SQA","LCD (LED)",0.4,49.4988188976378
"LG","50NANO756QA","LCD (LED)",0.4,49.4988188976378
"LG","50QNED80SQA","LCD (LED)",0.4,49.4988188976378
"LG","50QNED806QA","LCD (LED)",0.4,49.4988188976378
"LG","50UQ80006LB","LCD (LED)",0.4,49.4988188976378
"LG","55NANO75SQA","LCD (LED)",0.4,54.63897637795275
"LG","55NANO756QA","LCD (LED)",0.4,54.63897637795275
"LG","55QNED80SQA","LCD (LED)",0.4,54.63897637795275
"LG","55QNED806QA","LCD (LED)",0.4,54.63897637795275
"LG","55UQ80006LB","LCD (LED)",0.4,54.63897637795275
"LG","65NANO75SQA","LCD (LED)",0.4,64.52637795275591
"LG","65NANO756QA","LCD (LED)",0.4,64.52637795275591
"LG","65QNED80SQA","LCD (LED)",0.4,64.52637795275591
"LG","65QNED806QA","LCD (LED)",0.4,64.52637795275591
"LG","65UQ91006LA","LCD (LED)",0.4,64.52637795275591
"LG","75NANO75SQA","LCD (LED)",0.4,74.51771653543307
"LG","75NANO756QA","LCD (LED)",0.4,74.51771653543307
"LG","75QNED80SQA","LCD (LED)",0.4,74.51771653543307
"LG","75QNED806QA","LCD (LED)",0.4,74.51771653543307
"LG","75QNED96SQA","LCD (LED)",0.4,74.51771653543307
"LG","86NANO75SQA","LCD (LED)",0.4,85.60039370078741
"LG","86NANO756QA","LCD (LED)",0.4,85.60039370078741
"LG","86UQ9000PSD","LCD (LED)",0.4,85.60039370078741
"METZ","86MUC8500A","LCD (LED)",0.41,85.6011811023622
"SAMSUNG","QA55Q70BAW","LCD (LED)",0.5,54.63897637795275
"SAMSUNG","QA55Q70BAS","LCD (LED)",0.5,54.63897637795275
"SAMSUNG","QA55Q70BA*","LCD (LED)",0.5,54.63897637795275
"SAMSUNG","UA75BU8000W","LCD (LED)",0.5,74.54251968503937
"SAMSUNG","UA75BU8000S","LCD (LED)",0.5,74.54251968503937
"SAMSUNG","UA75BU8000*","LCD (LED)",0.5,74.54251968503937
"SAMSUNG","UA85BU8000W","LCD (LED)",0.5,84.56023622047243
"SAMSUNG","UA85BU8000S","LCD (LED)",0.5,84.56023622047243
"SAMSUNG","UA85BU8000*","LCD (LED)",0.5,84.56023622047243
"SAMSUNG","UA60BU8000S","LCD (LED)",0.5,60.10354330708662
"SAMSUNG","UA65BU8000W","LCD (LED)",0.5,64.52637795275591
"SAMSUNG","UA65BU8000S","LCD (LED)",0.5,64.52637795275591
"SAMSUNG","UA65BU8000*","LCD (LED)",0.5,64.52637795275591
"SAMSUNG","UA65BU8500S","LCD (LED)",0.5,64.52637795275591
"SAMSUNG","QA75QN85BAW","LCD (LED)",0.5,74.54251968503937
"SAMSUNG","QA75QN85BAS","LCD (LED)",0.5,74.54251968503937
"SAMSUNG","QA75QN85BA*","LCD (LED)",0.5,74.54251968503937
"SAMSUNG","QA75QN90BAW","LCD (LED)",0.5,74.54251968503937
"SAMSUNG","QA75QN90BAS","LCD (LED)",0.5,74.54251968503937
"SAMSUNG","QA75QN90BA*","LCD (LED)",0.5,74.54251968503937
"LG","43UQ9000PSD","LCD (LED)",0.4,42.514566929133856
"LG","43UQ91006LA","LCD (LED)",0.4,42.514566929133856
"LG","50UQ9000PSD","LCD (LED)",0.4,49.4988188976378
"LG","50UQ91006LA","LCD (LED)",0.4,49.4988188976378
"LG","55NANO806QA","LCD (LED)",0.4,54.63897637795275
"LG","55UQ9000PSD","LCD (LED)",0.4,54.63897637795275
"LG","55UQ91006LA","LCD (LED)",0.4,54.63897637795275
"LG","65UQ9000PSD","LCD (LED)",0.4,64.52637795275591
"LG","75UQ9000PSD","LCD (LED)",0.4,74.51771653543307
"LG","75UQ91006LA","LCD (LED)",0.4,74.51771653543307
"LG","86QNED80SQA","LCD (LED)",0.4,85.60039370078741
"LG","86QNED806QA","LCD (LED)",0.4,85.60039370078741
"METZ","32MTD6500A","LCD (LED)",0.37,31.517322834645668
"SAMSUNG","QA85Q60BAW","LCD (LED)",0.5,84.56023622047243
"SAMSUNG","QA85Q60BAS","LCD (LED)",0.5,84.56023622047243
"SAMSUNG","QA85Q60BA*","LCD (LED)",0.5,84.56023622047243
"SAMSUNG","UA43BU8000S","LCD (LED)",0.5,42.514566929133856
"SAMSUNG","UA43BU8500S","LCD (LED)",0.5,42.514566929133856
"SAMSUNG","UA43BU8*00*","LCD (LED)",0.5,42.514566929133856
"KOGAN","KALED65RT9220SVA","LCD (LED)",0.35,64.5259842519685
"TEAC","LE65GA522","LCD (LED)",0.35,64.5259842519685
"KOGAN","KAQLED65RQ9510SVA","LCD (LED)",0.35,64.5259842519685
"POLAROID","PL6521UHDG","LCD",0.39,64.44173228346456
"SAMSUNG","UA50BU8000W","LCD (LED)",0.5,49.4988188976378
"SAMSUNG","UA50BU8000S","LCD (LED)",0.5,49.4988188976378
"SAMSUNG","UA50BU8500S","LCD (LED)",0.5,49.4988188976378
"SAMSUNG","UA50BU8*00*","LCD (LED)",0.5,49.4988188976378
"SAMSUNG","UA55BU8000W","LCD (LED)",0.5,54.63897637795275
"SAMSUNG","UA55BU8000S","LCD (LED)",0.5,54.63897637795275
"SAMSUNG","UA55BU8500S","LCD (LED)",0.5,54.63897637795275
"SAMSUNG","UA55BU8*00*","LCD (LED)",0.5,54.63897637795275
"SAMSUNG","QA65Q70BAW","LCD (LED)",0.5,64.52637795275591
"SAMSUNG","QA65Q70BAS","LCD (LED)",0.5,64.52637795275591
"SAMSUNG","QA65Q70BA*","LCD (LED)",0.5,64.52637795275591
"SAMSUNG","QA75Q70BAW","LCD (LED)",0.5,74.54251968503937
"SAMSUNG","QA75Q70BAS","LCD (LED)",0.5,74.54251968503937
"SAMSUNG","QA75Q70BA*","LCD (LED)",0.5,74.54251968503937
"SAMSUNG","QA85Q70BAW","LCD (LED)",0.5,84.56023622047243
"SAMSUNG","QA85Q70BAS","LCD (LED)",0.5,84.56023622047243
"SAMSUNG","QA85Q70BA*","LCD (LED)",0.5,84.56023622047243
"SAMSUNG","UA43BU8000W","LCD (LED)",0.5,42.514566929133856
"SAMSUNG","QA65QN800BW","LCD (LED)",0.5,64.52637795275591
"SAMSUNG","QA65QN800BS","LCD (LED)",0.5,64.52637795275591
"SAMSUNG","QA65QN800B*","LCD (LED)",0.5,64.52637795275591
"MYVI","UR-LED2403DVDNS","LCD (LED)",0.46,23.727952755905513
"SAMSUNG","QA50QN90BAW","LCD (LED)",0.5,49.4988188976378
"SAMSUNG","QA50QN90BAS","LCD (LED)",0.5,49.4988188976378
"SAMSUNG","QA50QN90BA*","LCD (LED)",0.5,49.4988188976378
"SAMSUNG","QA75QN95BAW","LCD (LED)",0.5,74.54251968503937
"SAMSUNG","QA75QN95BAS","LCD (LED)",0.5,74.54251968503937
"SAMSUNG","QA75QN95BA*","LCD (LED)",0.5,74.54251968503937
"EKO","K550USG","LCD",0.36,54.63897637795275
"BLAUPUNKT","BP550USG9500","LCD",0.36,54.63897637795275
"LG","65UQ75006LF","LCD (LED)",0.4,64.52637795275591
"LG","OLED55G2PSA","OLED",0.4,54.63897637795275
"LG","OLED55G26LA","OLED",0.4,54.63897637795275
"LG","OLED77G2PSA","OLED",0.4,76.66850393700787
"LG","OLED77G26LA","OLED",0.4,76.66850393700787
"LG","OLED65G2PSA","OLED",0.4,64.52637795275591
"LG","OLED65G26LA","OLED",0.4,64.52637795275591
"LG","OLED77A2PSA","OLED",0.4,76.66850393700787
"SAMSUNG","QA75QN800BW","LCD (LED)",0.5,74.54251968503937
"SAMSUNG","QA75QN800BS","LCD (LED)",0.5,74.54251968503937
"SAMSUNG","QA75QN800B*","LCD (LED)",0.5,74.54251968503937
"SAMSUNG","QA85QN800BW","LCD (LED)",0.5,84.56023622047243
"SAMSUNG","QA85QN800BS","LCD (LED)",0.5,84.56023622047243
"SAMSUNG","QA85QN800B*","LCD (LED)",0.5,84.56023622047243
"SAMSUNG","QA55QN90BAW","LCD (LED)",0.5,54.63897637795275
"SAMSUNG","QA55QN90BAS","LCD (LED)",0.5,54.63897637795275
"SAMSUNG","QA55QN90BA*","LCD (LED)",0.5,54.63897637795275
"SAMSUNG","QA85QN90BAW","LCD (LED)",0.5,84.56023622047243
"SAMSUNG","QA85QN90BAS","LCD (LED)",0.5,84.56023622047243
"SAMSUNG","QA85QN90BA*","LCD (LED)",0.5,84.56023622047243
"AKAI","AK5021S6WOS","LCD (LED)",0.35,49.51732283464567
"SAMSUNG","QA43QN90BAW","LCD (LED)",0.5,42.514566929133856
"SAMSUNG","QA43QN90BAS","LCD (LED)",0.5,42.514566929133856
"SAMSUNG","QA43QN90BA*","LCD (LED)",0.5,42.514566929133856
"SAMSUNG","QA50LS03BAW","LCD (LED)",0.5,49.4988188976378
"SAMSUNG","QA50LS03BAS","LCD (LED)",0.5,49.4988188976378
"SAMSUNG","QA50LS03BA*","LCD (LED)",0.5,49.4988188976378
"SAMSUNG","QA55LS03BAW","LCD (LED)",0.5,54.63897637795275
"SAMSUNG","QA55LS03BAS","LCD (LED)",0.5,54.63897637795275
"SAMSUNG","QA55LS03BA*","LCD (LED)",0.5,54.63897637795275
"SAMSUNG","QA55QN85BAW","LCD (LED)",0.5,54.63897637795275
"SAMSUNG","QA55QN85BAS","LCD (LED)",0.5,54.63897637795275
"SAMSUNG","QA55QN85BA*","LCD (LED)",0.5,54.63897637795275
"SAMSUNG","QA65LS03BAW","LCD (LED)",0.5,64.52637795275591
"SAMSUNG","QA65LS03BAS","LCD (LED)",0.5,64.52637795275591
"SAMSUNG","QA65LS03BA*","LCD (LED)",0.5,64.52637795275591
"SAMSUNG","QA65QN85BAW","LCD (LED)",0.5,64.52637795275591
"SAMSUNG","QA65QN85BAS","LCD (LED)",0.5,64.52637795275591
"SAMSUNG","QA65QN85BA*","LCD (LED)",0.5,64.52637795275591
"SAMSUNG","QA75LS03BAW","LCD (LED)",0.5,74.54251968503937
"SAMSUNG","QA75LS03BAS","LCD (LED)",0.5,74.54251968503937
"SAMSUNG","QA75LS03BA*","LCD (LED)",0.5,74.54251968503937
"SAMSUNG","QA85LS03BAW","LCD (LED)",0.5,84.56023622047243
"SAMSUNG","QA85LS03BAS","LCD (LED)",0.5,84.56023622047243
"SAMSUNG","QA85LS03BA*","LCD (LED)",0.5,84.56023622047243
"LG","43UP801C0TB","LCD (LED)",0.4,42.514566929133856
"LG","50UP801C0TB","LCD (LED)",0.4,49.4988188976378
"LG","75UP801C0TB","LCD (LED)",0.4,74.51771653543307
"LG","86UP801C0TB","LCD (LED)",0.4,85.60039370078741
"METZ","40MTD6500A","LCD (LED)",0.26,39.624015748031496
"EKO","K500USG","LCD",0.36,49.463779527559055
"EKO","K550USG","LCD",0.36,54.63897637795275
"BLAUPUNKT","BP550USG9500","LCD",0.36,54.63897637795275
"BLAUPUNKT","BP2400HDV7100","LCD",0.23,23.807086614173226
"SONY","KD-65X75K","LCD (LED)",0.5,64.51889763779526
"SONY","KD-55X75K","LCD (LED)",0.5,54.64488188976378
"SONY","XR-85X90K","LCD (LED)",0.5,84.56023622047243
"SONY","KD-55X80K","LCD (LED)",0.5,54.64488188976378
"SONY","KD-75X80K","LCD (LED)",0.5,74.52992125984252
"KOGAN","KAQLED85XQ9610STA","LCD (LED)",0.32,84.56023622047243
"SAMSUNG","QA65QN900BW","LCD (LED)",0.5,64.52637795275591
"SAMSUNG","QA65QN900BS","LCD (LED)",0.5,64.52637795275591
"SAMSUNG","QA65QN900B*","LCD (LED)",0.5,64.52637795275591
"SAMSUNG","QA85QN900BW","LCD (LED)",0.5,84.56023622047243
"SAMSUNG","QA85QN900BS","LCD (LED)",0.5,84.56023622047243
"SAMSUNG","QA85QN900B*","LCD (LED)",0.5,84.56023622047243
"SONY","KD-65X80K","LCD (LED)",0.5,64.51889763779526
"SAMSUNG","QA75QN900BW","LCD (LED)",0.5,74.54251968503937
"SAMSUNG","QA75QN900BS","LCD (LED)",0.5,74.54251968503937
"SAMSUNG","QA75QN900B*","LCD (LED)",0.5,74.54251968503937
"SAMSUNG","QA43LS03BAW","LCD (LED)",0.5,42.514566929133856
"SAMSUNG","QA43LS03BAS","LCD (LED)",0.5,42.514566929133856
"SAMSUNG","QA43LS03BA*","LCD (LED)",0.5,42.514566929133856
"SAMSUNG","QA65QN90BAW","LCD (LED)",0.5,64.52637795275591
"SAMSUNG","QA65QN90BAS","LCD (LED)",0.5,64.52637795275591
"SAMSUNG","QA65QN90BA*","LCD (LED)",0.5,64.52637795275591
"SAMSUNG","QA65QN95BAW","LCD (LED)",0.5,64.52637795275591
"SAMSUNG","QA65QN95BAS","LCD (LED)",0.5,64.52637795275591
"SAMSUNG","QA65QN95BA*","LCD (LED)",0.5,64.52637795275591
"SAMSUNG","QA85QN85BAW","LCD (LED)",0.5,84.56023622047243
"SAMSUNG","QA85QN85BAS","LCD (LED)",0.5,84.56023622047243
"SAMSUNG","QA85QN85BA*","LCD (LED)",0.5,84.56023622047243
"SAMSUNG","QA65Q80BAW","LCD (LED)",0.5,64.52637795275591
"SAMSUNG","QA65Q80BAS","LCD (LED)",0.5,64.52637795275591
"SAMSUNG","QA65Q80BA*","LCD (LED)",0.5,64.52637795275591
"SAMSUNG","QA55QN95BAW","LCD (LED)",0.5,54.63897637795275
"SAMSUNG","QA55QN95BAS","LCD (LED)",0.5,54.63897637795275
"SAMSUNG","QA55QN95BA*","LCD (LED)",0.5,54.63897637795275
"SAMSUNG","QA55QN700BS","LCD (LED)",0.5,54.63897637795275
"SAMSUNG","QA75Q80BAW","LCD (LED)",0.5,74.54251968503937
"SAMSUNG","QA75Q80BAS","LCD (LED)",0.5,74.54251968503937
"SAMSUNG","QA75Q80BA*","LCD (LED)",0.5,74.54251968503937
"SAMSUNG","QA85Q80BAW","LCD (LED)",0.5,84.56023622047243
"SAMSUNG","QA85Q80BAS","LCD (LED)",0.5,84.56023622047243
"SAMSUNG","QA85Q80BA*","LCD (LED)",0.5,84.56023622047243
"SAMSUNG","QA65QN700BW","LCD (LED)",0.5,64.52637795275591
"SAMSUNG","QA65QN700BS","LCD (LED)",0.5,64.52637795275591
"SAMSUNG","QA65QN700B*","LCD (LED)",0.5,64.52637795275591
"SAMSUNG","QA65LS01BAW","LCD (LED)",0.5,64.52637795275591
"SAMSUNG","QA65LS01BBW","LCD (LED)",0.5,64.52637795275591
"SAMSUNG","QA55LS01BAW","LCD (LED)",0.5,54.63897637795275
"SAMSUNG","QA55LS01BBW","LCD (LED)",0.5,54.63897637795275
"SONY","XR-55A80K","OLED",0.5,54.64488188976378
"SONY","XR-65A80K","OLED",0.5,64.51889763779526
"SONY","XR-77A80K","OLED",0.5,76.66377952755906
"SONY","XR-75X90K","LCD (LED)",0.5,74.52992125984252
"SONY","XR-65X90K","LCD (LED)",0.5,64.51889763779526
"LG","43UQ80006LB","LCD (LED)",0.4,42.514566929133856
"LG","50NANO806QA","LCD (LED)",0.4,49.4988188976378
"LG","50UQ75006LF","LCD (LED)",0.4,49.4988188976378
"LG","55UQ75006LF","LCD (LED)",0.4,54.63897637795275
"LG","65NANO806QA","LCD (LED)",0.4,64.52637795275591
"LG","65QNED96SQA","LCD (LED)",0.4,64.52637795275591
"LG","65QNED99SQB","LCD (LED)",0.4,64.52637795275591
"LG","65QNED996QB","LCD (LED)",0.4,64.52637795275591
"LG","65UQ80006LB","LCD (LED)",0.4,64.52637795275591
"LG","75NANO816QA","LCD (LED)",0.4,74.51771653543307
"LG","75QNED99SQB","LCD (LED)",0.4,74.51771653543307
"LG","75QNED996QB","LCD (LED)",0.4,74.51771653543307
"LG","75UQ80006LB","LCD (LED)",0.4,74.51771653543307
"LG","86QNED99SQB","LCD (LED)",0.4,85.60039370078741
"LG","86QNED996QB","LCD (LED)",0.4,85.60039370078741
"LG","OLED77Z2PSA","OLED",0.4,76.66850393700787
"LG","OLED88Z2PSA","OLED",0.4,87.59606299212598
"LG","OLED88Z26LA","OLED",0.4,87.59606299212598
"EKO","K65USW","LCD",0.18,64.5259842519685
"SAMSUNG","QA55LS01BAS","LCD (LED)",0.5,54.63897637795275
"SAMSUNG","QA55LS01B**","LCD (LED)",0.5,54.63897637795275
"SAMSUNG","QA65LS01BAS","LCD (LED)",0.5,64.52637795275591
"SAMSUNG","QA65LS01B**","LCD (LED)",0.5,64.52637795275591
"SAMSUNG","QA50Q80BAS","LCD (LED)",0.5,49.4988188976378
"SAMSUNG","QA75QN700BW","LCD (LED)",0.5,74.54251968503937
"SAMSUNG","QA75QN700BS","LCD (LED)",0.5,74.54251968503937
"SAMSUNG","QA75QN700B*","LCD (LED)",0.5,74.54251968503937
"LINSAR","LS32C12V","LCD",0.29,31.517322834645668
"SAMSUNG","QA43LS01BAW","LCD (LED)",0.5,42.514566929133856
"SAMSUNG","QA43LS01BBW","LCD (LED)",0.5,42.514566929133856
"SAMSUNG","QA43LS01BAS","LCD (LED)",0.5,42.514566929133856
"SAMSUNG","QA43LS01B**","LCD (LED)",0.5,42.514566929133856
"SAMSUNG","QA50LS01BAS","LCD (LED)",0.5,49.50236220472441
"SAMSUNG","HG43AU800AW","LCD (LED)",0.5,42.514566929133856
"SAMSUNG","HG50AU800AW","LCD (LED)",0.5,49.4988188976378
"SAMSUNG","QA55Q80BAW","LCD (LED)",0.5,54.63897637795275
"SAMSUNG","QA55Q80BAS","LCD (LED)",0.5,54.63897637795275
"SAMSUNG","QA55Q80BA*","LCD (LED)",0.5,54.63897637795275
"SAMSUNG","HG55AU800AW","LCD (LED)",0.5,54.63897637795275
"SAMSUNG","HG65AU800AW","LCD (LED)",0.5,64.52637795275591
"SAMSUNG","HG75AU800AW","LCD (LED)",0.5,74.54251968503937
"SONY","XR-55X90K","LCD (LED)",0.5,54.64488188976378
"SAMSUNG","QA55Q6*BA*","LCD (LED)",0.5,54.63897637795275
"SAMSUNG","QA55Q63BAS","LCD (LED)",0.5,54.63897637795275
"SAMSUNG","QA55Q60BAW","LCD (LED)",0.5,54.63897637795275
"SAMSUNG","QA55Q60BAS","LCD (LED)",0.5,54.63897637795275
"SAMSUNG","QA43Q6*BAS","LCD (LED)",0.5,42.514566929133856
"SAMSUNG","QA43Q63BAS","LCD (LED)",0.5,42.514566929133856
"SAMSUNG","QA43Q60BAS","LCD (LED)",0.5,42.514566929133856
"SAMSUNG","QA50Q6*BAS","LCD (LED)",0.5,49.4988188976378
"SAMSUNG","QA50Q63BAS","LCD (LED)",0.5,49.4988188976378
"SAMSUNG","QA50Q60BAS","LCD (LED)",0.5,49.4988188976378
"SAMSUNG","QA75Q63BAS","LCD (LED)",0.5,74.54251968503937
"SAMSUNG","QA75Q6*BA*","LCD (LED)",0.5,74.54251968503937
"SAMSUNG","QA75Q63BAK","LCD (LED)",0.5,74.54251968503937
"SAMSUNG","QA75Q60BAW","LCD (LED)",0.5,74.54251968503937
"SAMSUNG","QA75Q60BAS","LCD (LED)",0.5,74.54251968503937
"SAMSUNG","QA65Q63BAS","LCD (LED)",0.5,64.52637795275591
"SAMSUNG","QA65Q6*BA*","LCD (LED)",0.5,64.52637795275591
"SAMSUNG","QA65Q63BAK","LCD (LED)",0.5,64.52637795275591
"SAMSUNG","QA65Q60BAW","LCD (LED)",0.5,64.52637795275591
"SAMSUNG","QA65Q60BAS","LCD (LED)",0.5,64.52637795275591
"LG","65QNED966QA","LCD (LED)",0.4,64.52637795275591
"LG","75QNED966QA","LCD (LED)",0.4,74.51771653543307
"LG","86UQ91006LA","LCD (LED)",0.4,85.60039370078741
"POLAROID","PL5021WOS","LCD (LED)",0.35,49.51732283464567
"EKO","K240HSG","LCD",0.227,23.53307086614173
"BLAUPUNKT","BP240HSG9200","LCD",0.227,23.53307086614173
"EKO","K58USG","LCD",0.35,57.42716535433071
"BLAUPUNKT","BP4000F","LCD (LED)",0.33,39.5007874015748
"EKO","K400FSG","LCD",0.38,39.49015748031496
"SONY","XR-65X95K","LCD (LED)",0.5,64.51889763779526
"SONY","XR-75X95K","LCD (LED)",0.5,74.52992125984252
"SONY","XR-85X95K","LCD (LED)",0.5,84.56023622047243
"LG","OLED83G2PSA","OLED",0.4,82.51377952755905
"LG","OLED83G26LA","OLED",0.4,82.51377952755905
"SONY","XR-65A95K","OLED",0.5,64.51889763779526
"SAMSUNG","QA43LS05BAW","LCD (LED)",0.5,42.514566929133856
"SAMSUNG","QA43LS05BBW","LCD (LED)",0.5,42.514566929133856
"SAMSUNG","QA43LS05BAS","LCD (LED)",0.5,42.514566929133856
"SAMSUNG","QA43LS05B**","LCD (LED)",0.5,42.514566929133856
"KOGAN","KAQLED50XQ9610STA","LCD (LED)",0.4,49.463779527559055
"DGTEC","DG5521WOS","LCD",0.33,54.64488188976378
"AKAI","AK4021S6WOS","LCD",0.33,39.49015748031496
"JVC","LT-40N5115AM","LCD (LED)",0.37,39.50551181102362
"JVC","LT-55N7115AM","LCD (LED)",0.34,54.67952755905512
"LG","55UP751C0VG","LCD (LED)",0.4,54.63897637795275
"LG","65UP751C0VG","LCD (LED)",0.4,64.52637795275591
"LG","75UP751C0VC","LCD (LED)",0.4,74.51771653543307
"POLAROID","PL3221HDC","LCD",0.29,31.517322834645668
"EKO","K55USW","LCD",0.4,54.64488188976378
"SONY","XR-48A90K","OLED",0.5,47.5248031496063
"SONY","KD-50X85K","LCD (LED)",0.5,49.49803149606299
"SONY","KD-55X85K","LCD (LED)",0.5,54.64488188976378
"SONY","KD-65X85K","LCD (LED)",0.5,64.51889763779526
"SONY","KD-75X85K","LCD (LED)",0.5,74.52992125984252
"SONY","KD-85X85K","LCD (LED)",0.5,84.56023622047243
"JVC","LT-75N7125A","LCD (LED)",0.85,74.3992125984252
"JVC","LT-65N7115AM","LCD (LED)",0.39,64.44173228346456
"AKAI","AK8521S6WOS","LCD",0.33,84.56023622047243
"LINSAR","LS85UHDNF","LCD",0.33,84.56023622047243
"KOGAN","KALED50XU9220STD","LCD (LED)",0.4,49.463779527559055
"KOGAN","KALED75XU9220STA","LCD (LED)",0.45,74.52992125984252
"KOGAN","KAQLED65XQ9610STB","LCD (LED)",0.43,64.4996062992126
"KOGAN","KALED32RH9310STA","LCD (LED)",0.35,31.48307086614173
"SAMSUNG","QA32LS03BBK","LCD (LED)",0.5,31.499212598425196
"SAMSUNG","QA32LS03BBW","LCD (LED)",0.5,31.499212598425196
"SAMSUNG","QA32LS03BBS","LCD (LED)",0.5,31.499212598425196
"SAMSUNG","QA32LS03B**","LCD (LED)",0.5,31.499212598425196
"SONY","KD-43X85K","LCD (LED)",0.5,42.5
"LG","55QNED85SQA","LCD (LED)",0.4,54.63897637795275
"LG","55QNED866QA","LCD (LED)",0.4,54.63897637795275
"LG","65QNED85SQA","LCD (LED)",0.4,64.52637795275591
"LG","65QNED866QA","LCD (LED)",0.4,64.52637795275591
"LG","75QNED85SQA","LCD (LED)",0.4,74.51771653543307
"LG","75QNED866QA","LCD (LED)",0.4,74.51771653543307
"LG","86QNED85SQA","LCD (LED)",0.4,85.60039370078741
"LG","86QNED866QA","LCD (LED)",0.4,85.60039370078741
"SONY","XR-42A90K","OLED",0.5,41.54763779527559
"EKO","K40FSW","LCD",0.44,39.5007874015748
"EKO","K650USG","LCD",0.44,64.5259842519685
"KOGAN","KALED58XU9230STA","LCD (LED)",0.4,57.49566929133858
"KOGAN","KALED24RH9310STA","LCD (LED)",0.4,23.53307086614173
"POLAROID","PL2421FHDC","LCD (LED)",0.33,23.53307086614173
"CHIQ","L24G5W","LCD (LED)",0.3,23.53307086614173
"CHIQ","L32G5W","LCD (LED)",0.45,31.48307086614173
"CHIQ","L40G5W","LCD (LED)",0.44,39.49015748031496
"EKO","K400DVD","LCD",0.27,39.5007874015748
"JVC","LT-43N7125A","LCD",0.365,42.44645669291338
"JVC","LT-50NQ7115A","LCD",0.313,49.44448818897638
"LG","65ART90ESQA","OLED",0.4,64.52637795275591
"LG","65ART90ESQB","OLED",0.4,64.52637795275591
"LG","65ART90ESQC","OLED",0.4,64.52637795275591
"LG","65ART90E6QA","OLED",0.4,64.52637795275591
"LG","65ART90E6QB","OLED",0.4,64.52637795275591
"LG","65ART90E6QC","OLED",0.4,64.52637795275591
"LG","65ART90E","OLED",0.4,64.52637795275591
"KOGAN","KALED70UN8920SNA","LCD (LED)",0.3,69.50275590551182
"KOGAN","KALED70UN8920SNB","LCD (LED)",0.3,69.50275590551182
"KOGAN","KALED70UN8920SNC","LCD (LED)",0.3,69.50275590551182
"KOGAN","KALED70UN8920SND","LCD (LED)",0.3,69.50275590551182
"KOGAN","D70S218-U-T2C-S-I","LCD (LED)",0.3,69.50275590551182
"KOGAN","KALED70*","LCD (LED)",0.3,69.50275590551182
"KOGAN","KALED19PRIZC","LCD (LED)",0.241926,18.509055118110236
"KOGAN","KALED24EH6300NA","LCD (LED)",0.16,23.553937007874016
"KOGAN","KALED24EH6300NB","LCD (LED)",0.16,23.553937007874016
"KOGAN","KALED24EH6300NC","LCD (LED)",0.16,23.553937007874016
"KOGAN","KALED24EH6300ND","LCD (LED)",0.16,23.553937007874016
"KOGAN","D236GD064C-T2C","LCD (LED)",0.16,23.553937007874016
"KOGAN","KALED24*","LCD (LED)",0.16,23.553937007874016
"BAUHN","ATV50UHDW-0422","LCD",0.33,49.49803149606299
"EKO","K70USW","LCD",0.32,69.5035433070866
"LINSAR","LS50UHDNF","LCD",0.33,49.49803149606299
"SAMSUNG","QA65S95BAW","LCD (LED)",0.5,64.52637795275591
"SAMSUNG","QA65S95BAS","LCD (LED)",0.5,64.52637795275591
"SAMSUNG","QA65S95BA*","LCD (LED)",0.5,64.52637795275591
"SAMSUNG","QA55S95BA*","LCD (LED)",0.5,54.63897637795275
"SAMSUNG","QA55S95BAS","LCD (LED)",0.5,54.63897637795275
"SAMSUNG","QA55S95BAW","LCD (LED)",0.5,54.63897637795275
"LINSAR","LS24C12V","LCD",0.27,24.499212598425196
"LSP TV","Prison TV","LCD (LED)",0.07,19.020866141732284
"CHIQ","L40G7P","LCD (LED)",0.4,39.49015748031496
"CHIQ","U43G7P","LCD (LED)",0.4,42.46574803149606
"CHIQ","U65G7P","LCD (LED)",0.4,64.4996062992126
"PRISM+","Q55 PRO QE","LCD (LED)",0.461,54.61062992125985
"PHILIPS","65PUT8507/79","LCD (LED)",0.33,64.52637795275591
"PHILIPS","65PUT8507/75","LCD (LED)",0.33,64.52637795275591
"PHILIPS","50PUT8507/79","LCD (LED)",0.38,49.49803149606299
"PHILIPS","50PUT8507/75","LCD (LED)",0.38,49.49803149606299
"TOSHIBA","75C350LP","LCD (LED)",0.33,74.51732283464567
"BLAUPUNKT","BP750USG9300","LCD",0.36,74.51417322834645
"EKO","K55DVAQ","LCD",0.383,54.572047244094485
"EKO","K32FSG11","LCD",0.251,31.42952755905512
"BLAUPUNKT","BP550USG9800","LCD",0.375,54.64488188976378
"HISENSE","50A6HAU","LCD (LED)",0.32,49.5003937007874
"BLAUPUNKT","BP3200HDV7100","LCD (LED)",0.36,31.512992125984255
"EKO","K65DVAQ","LCD",0.367,64.42677165354331
"SAMSUNG","HG50BU800AW","LCD (LED)",0.5,49.4988188976378
"SAMSUNG","HG55BU800AW","LCD (LED)",0.5,54.63897637795275
"PHILIPS","55PUT8507/79","LCD (LED)",0.38,54.64488188976378
"PHILIPS","55PUT8507/75","LCD (LED)",0.38,54.64488188976378
"SAMSUNG","HG43BU800AW","LCD (LED)",0.5,42.514566929133856
"SAMSUNG","HG65BU800AW","LCD (LED)",0.5,64.52637795275591
"SAMSUNG","HG75BU800AW","LCD (LED)",0.5,74.54251968503937
"HISENSE","58A6HAU","LCD (LED)",0.32,57.50708661417323
"TOSHIBA","43C350LP","LCD (LED)",0.38,42.51417322834646
"TOSHIBA","50C350LP","LCD (LED)",0.33,49.5003937007874
"TOSHIBA","55C350LP","LCD (LED)",0.347,54.63897637795275
"TOSHIBA","65C350LP","LCD (LED)",0.297,64.5259842519685
"PHILIPS","50PUT8217/79","LCD (LED)",0.4,49.49803149606299
"PHILIPS","50PUT8217/75","LCD (LED)",0.4,49.49803149606299
"PHILIPS","75PUT8507/79","LCD (LED)",0.31,74.52992125984252
"PHILIPS","75PUT8507/75","LCD (LED)",0.31,74.52992125984252
"PHILIPS","55PUT8217/79","LCD (LED)",0.38,54.64488188976378
"PHILIPS","55PUT8217/75","LCD (LED)",0.38,54.64488188976378
"LG","43UQ751C0LF","LCD (LED)",0.4,42.514566929133856
"LG","50UQ751C0LF","LCD (LED)",0.4,49.4988188976378
"LG","55UQ751C0LF","LCD (LED)",0.4,54.63897637795275
"LG","65UQ751C0LF","LCD (LED)",0.4,64.52637795275591
"LG","75UQ801C0LB","LCD (LED)",0.4,74.51771653543307
"LG","42LX1Q6LA","OLED",0.4,41.54330708661417
"LG","42LX1QPSA","OLED",0.4,41.54330708661417
"LG","48LX1Q6LA","OLED",0.4,47.52795275590551
"LG","48LX1QPSA","OLED",0.4,47.52795275590551
"LG","55LX1Q6LA","OLED",0.4,54.63897637795275
"LG","55LX1QPSA","OLED",0.4,54.63897637795275
"CAIXUN","LE-24T1","LCD (LED)",0.31,23.53307086614173
"CAIXUN","LE-24T2","LCD (LED)",0.31,23.53307086614173
"CAIXUN","LE-24T3","LCD (LED)",0.31,23.53307086614173
"CAIXUN","LE-24V1","LCD (LED)",0.31,23.53307086614173
"CAIXUN","LE-24V2","LCD (LED)",0.31,23.53307086614173
"CAIXUN","LE-24V3","LCD (LED)",0.31,23.53307086614173
"PRISM+","Q65 PRO QE","LCD (LED)",0.41,64.5259842519685
"KOGAN","KALED50XU9220STE","LCD (LED)",0.4,49.463779527559055
"POLAROID","PL3222HDG","LCD",0.253,31.888582677165353
"TEAC","LE32GA322","LCD (LED)",0.31,31.48307086614173
"CAIXUN","LE-39T1","LCD (LED)",0.31,38.346850393700784
"CAIXUN","LE-39T2","LCD (LED)",0.31,38.346850393700784
"CAIXUN","LE-39T3","LCD (LED)",0.31,38.346850393700784
"CAIXUN","LE-39V1","LCD (LED)",0.31,38.346850393700784
"CAIXUN","LE-39V2","LCD (LED)",0.31,38.346850393700784
"CAIXUN","LE-39V3","LCD (LED)",0.31,38.346850393700784
"LG","50UR765H0VC","LCD (LED)",0.4,49.4988188976378
"LG","55UR765H0VC","LCD (LED)",0.4,54.63897637795275
"LG","65UR765H0VC","LCD (LED)",0.4,64.52637795275591
"CAIXUN","LE-40T1","LCD (LED)",0.34,39.49015748031496
"CAIXUN","LE-40T2","LCD (LED)",0.34,39.49015748031496
"CAIXUN","LE-40T3","LCD (LED)",0.34,39.49015748031496
"CAIXUN","LE-40V1","LCD (LED)",0.34,39.49015748031496
"CAIXUN","LE-40V2","LCD (LED)",0.34,39.49015748031496
"CAIXUN","LE-40V3","LCD (LED)",0.34,39.49015748031496
"LG","75UR765H0VC","LCD (LED)",0.4,74.51771653543307
"CAIXUN","LE-42T1","LCD (LED)",0.34,41.4755905511811
"CAIXUN","LE-42T2","LCD (LED)",0.34,41.4755905511811
"CAIXUN","LE-42T3","LCD (LED)",0.34,41.4755905511811
"CAIXUN","LE-42V1","LCD (LED)",0.34,41.4755905511811
"CAIXUN","LE-42V2","LCD (LED)",0.34,41.4755905511811
"CAIXUN","LE-42V3","LCD (LED)",0.34,41.4755905511811
"CAIXUN","LE-43T1","LCD (LED)",0.34,42.5
"CAIXUN","LE-43T2","LCD (LED)",0.34,42.5
"CAIXUN","LE-43T3","LCD (LED)",0.34,42.5
"CAIXUN","LE-43V1","LCD (LED)",0.34,42.5
"CAIXUN","LE-43V2","LCD (LED)",0.34,42.5
"CAIXUN","LE-43V3","LCD (LED)",0.34,42.5
"TCL","65C935","LCD (LED)",0.299,64.4996062992126
"TCL","75C935","LCD (LED)",0.398,74.52992125984252
"BAUHN","ATV75UHDW-0622","LCD (LED)",0.51,74.52992125984252
"HISENSE","55U7HAU","LCD (LED)",0.33,54.63897637795275
"HISENSE","55U7HNZ","LCD (LED)",0.33,54.63897637795275
"HISENSE","65U7HAU","LCD (LED)",0.324,64.5259842519685
"HISENSE","65U7HNZ","LCD (LED)",0.324,64.5259842519685
"HISENSE","75U7HAU","LCD (LED)",0.356,74.51732283464567
"HISENSE","75U7HNZ","LCD (LED)",0.356,74.51732283464567
"HISENSE","85U7HAU","LCD (LED)",0.251,84.56023622047243
"HISENSE","85U7HNZ","LCD (LED)",0.251,84.56023622047243
"HISENSE","32A4HAU","LCD (LED)",0.31,31.511811023622048
"SAMSUNG","QA98QN100BW","LCD (LED)",0.5,97.52047244094489
"SAMSUNG","QA98QN100BS","LCD (LED)",0.5,97.52047244094489
"SAMSUNG","QA98QN100B*","LCD (LED)",0.5,97.52047244094489
"HISENSE","55U7H series","LCD (LED)",0.33,54.63897637795275
"HISENSE","65U7H series","LCD (LED)",0.324,64.5259842519685
"HISENSE","75U7H series","LCD (LED)",0.356,74.51732283464567
"HISENSE","85U7H series","LCD (LED)",0.251,84.56023622047243
"SAMSUNG","HG43Q60BAAW","LCD (LED)",0.5,42.514566929133856
"SAMSUNG","HG50Q60BAAW","LCD (LED)",0.5,49.4988188976378
"SAMSUNG","HG55Q60BAAW","LCD (LED)",0.5,54.63897637795275
"SAMSUNG","HG65Q60BAAW","LCD (LED)",0.5,64.52637795275591
"SAMSUNG","HG75Q60BAAW","LCD (LED)",0.5,74.54251968503937
"BAUHN","ATV40FHDG-1122","LCD (LED)",0.35,39.49015748031496
"BAUHN","ATV40FHDG-0822","LCD (LED)",0.35,39.49015748031496
"KOGAN","LE-40T1","LCD (LED)",0.274308,39.5007874015748
"KOGAN","KALED40GF7600VA","LCD (LED)",0.274308,39.5007874015748
"LG","OLED55CS6LA","OLED",0.4,54.63897637795275
"LG","OLED55CSPSA","OLED",0.4,54.63897637795275
"LG","OLED65CS6LA","OLED",0.4,64.52637795275591
"LG","OLED65CSPSA","OLED",0.4,64.52637795275591
"LG","OLED77CS6LA","OLED",0.4,76.66850393700787
"LG","OLED77CSPSA","OLED",0.4,76.66850393700787
"LG","42LX3Q6LA","OLED",0.4,41.54330708661417
"LG","42LX3QPSA","OLED",0.4,41.54330708661417
"LG","50QNED7SSQA","LCD (LED)",0.4,49.4988188976378
"LG","55QNED7SSQA","LCD (LED)",0.4,54.63897637795275
"LG","65QNED7SSQA","LCD (LED)",0.4,64.52637795275591
"LG","75QNED7SSQA","LCD (LED)",0.4,74.51771653543307
"EKO","K32DVD","LCD",0.36,31.512992125984255
"SMARTTECH","SMT-U65T1","LCD (LED)",0.35,64.5259842519685
"KOGAN","LE-32T1","LCD (LED)",0.22998,31.511417322834646
"KOGAN","KALED32QH6200VA","LCD (LED)",0.22998,31.511417322834646
"KOGAN","LE-24T1","LCD (LED)",0.22998,23.55275590551181
"KOGAN","KALED24DH5200VA","LCD (LED)",0.22998,23.55275590551181
"LG","OLED97G2PSA","OLED",0.4,96.51377952755905
"LG","OLED97G26LA","OLED",0.4,96.51377952755905
"BAUHN","ATV70UHDT-1022","LCD",0.32,69.50590551181102
"BLAUPUNKT","BP550USG9700","LCD",0.375,54.64488188976378
"HISENSE","55U8HAU","LCD (LED)",0.27,54.63897637795275
"HISENSE","55U8HNZ","LCD (LED)",0.27,54.63897637795275
"HISENSE","65U8HAU","LCD (LED)",0.305,64.5259842519685
"HISENSE","65U8HNZ","LCD (LED)",0.305,64.5259842519685
"SMARTTECH","SMT-H32T1","LCD (LED)",0.31,31.48307086614173
"SMARTTECH","SMT-F40T1","LCD (LED)",0.34,39.49015748031496
"SIGNIFY","EA2277","LCD (LED)",0.31776,54.63897637795275
"JVC","AV-H323115A11","LCD",0.251,31.5507874015748
"JVC","LT-32N3115A11","LCD",0.251,31.5507874015748
"HISENSE","55U8H series","LCD (LED)",0.27,54.63897637795275
"JVC","NA","LCD",0.251,31.5507874015748
"JVC","LT-40N5115A11","LCD",0.25,39.681496062992125
"JVC","AV-H657115A11","LCD",0.34,64.2251968503937
"JVC","LT-65N7115A11","LCD",0.34,64.2251968503937
"JVC","NA","LCD",0.34,64.2251968503937
"JVC","AV-H557135A11","LCD",0.378,54.492913385826775
"JVC","LT-55N7115A11","LCD",0.378,54.492913385826775
"JVC","NA","LCD",0.378,54.492913385826775
"JVC","AV-H437115A11","LCD",0.312,42.485039370078745
"HISENSE","65U8H series","LCD (LED)",0.305,64.5259842519685
"LINSAR","LS98UHDNF","LCD",0.307698,97.51771653543307
"AKAI","AK5021S6WOS","LCD (LED)",0.33,49.49803149606299
"BLAUPUNKT","BP400FSG9700","LCD",0.25,39.681496062992125
"BLAUPUNKT","BP320HSG9700","LCD",0.251,31.5507874015748
"EKO","K320HSG","LCD",0.251,31.5507874015748
"CHIQ","L32D6C","LCD (LED)",0.3,31.48307086614173
"EKO","K650USG","LCD",0.34,64.2251968503937
"EKO","K550USG","LCD",0.375,54.64488188976378
"EKO","K55USW","LCD",0.37,54.63897637795275
"EKO","K65USW","LCD",0.36,64.5259842519685
"EKO","K75USW","LCD",0.33,74.54330708661418
"BLAUPUNKT","BP650USG9700","LCD",0.34,64.2251968503937
"LG","55AN960H0SD","OLED",0.4,54.63897637795275
"LG","65AN960H0SD","OLED",0.4,64.52637795275591
"EKO","K400DVD","LCD",0.27,39.5007874015748
"BLAUPUNKT","BP750USG9700","LCD",0.392,74.18267716535433
"EKO","K500USG","LCD",0.38,49.31141732283465
"HISENSE","75U80HAU","LCD (LED)",0.336,74.51732283464567
"HISENSE","55X8HAU","OLED",0.298,54.63897637795275
"HISENSE","65X8HAU","OLED",0.309,64.5259842519685
"HISENSE","65U9HAU","LCD (LED)",0.387,64.5259842519685
"HISENSE","65X9HAU","OLED",0.314,64.5259842519685
"HISENSE","98U7HNZ","LCD (LED)",0.296,97.51771653543307
"HISENSE","98U7HAU","LCD (LED)",0.296,97.51771653543307
"HISENSE","98U7H series","LCD (LED)",0.296,97.51771653543307
"BLAUPUNKT","BP85WOS","LCD",0.12,84.56023622047243
"LINSAR","LS82UHDNF2","LCD",0.36,81.58149606299213
"KOGAN","KAOLED55X2SKA","OLED",0.325,54.548818897637794
"KOGAN","KAOLED65X2SKA","OLED",0.393,64.66496062992125
"LG","43UQ901C0SD","LCD (LED)",0.4,42.514566929133856
"LG","50UQ901C0SD","LCD (LED)",0.4,49.4988188976378
"LG","55UQ901C0SD","LCD (LED)",0.4,54.63897637795275
"LG","65UQ901C0SD","LCD (LED)",0.4,64.52637795275591
"LG","75UQ901C0SD","LCD (LED)",0.4,74.51771653543307
"LG","86UQ901C0SD","LCD (LED)",0.4,85.60039370078741
"LINSAR","LSK55WSFW","LCD",0.32,54.63897637795275
"BAUHN","ATV60UHDW-1023","LCD",0.26,60.01732283464566
"ILUMA","ILU-SMARTTV32-DVD","LCD",0.24,31.644094488188976
"ILUMA","VK3201D","LCD",0.24,31.644094488188976
"ILUMA","VK3202D","LCD",0.24,31.644094488188976
"ILUMA","VK3203D","LCD",0.24,31.644094488188976
"ILUMA","VK3204D","LCD",0.24,31.644094488188976
"ILUMA","VK3205D","LCD",0.24,31.644094488188976
"BLAUPUNKT","BP430FSG9700","LCD",0.245,42.46574803149606
"EKO","K43FSG11","LCD",0.245,42.46574803149606
"KOGAN","KALED75XU9420STA","LCD (LED)",0.4,74.52992125984252
"KOGAN","KALED32RH9510STA","LCD (LED)",0.3,31.48307086614173
"TCL","58P635","LCD (LED)",0.38,57.49566929133858
"EKO","K750USG","LCD",0.41,74.54330708661418
"BLAUPUNKT","BP750USG9700","LCD",0.41,74.54330708661418
"EKO","K40FSW","LCD",0.33,39.5007874015748
"ILUMA","ILU-SMARTTV24-DVD","LCD",0.26,23.816141732283466
"ILUMA","VK2401D","LCD",0.26,23.816141732283466
"ILUMA","VK2402D","LCD",0.26,23.816141732283466
"ILUMA","VK2403D","LCD",0.26,23.816141732283466
"ILUMA","VK2404D","LCD",0.26,23.816141732283466
"ILUMA","VK2405D","LCD",0.26,23.816141732283466
"EKO","K70USW","LCD",0.48,69.50314960629922
"EKO","K700USG","LCD",0.27,69.50314960629922
"JVC","LT-75N7125A11","LCD",0.392,74.18267716535433
"EKO","K55USW","LCD (LED)",0.3489,54.63897637795275
"ILUMA","ILU-SMARTTV32-DVD, VK3201D, VK3202D; VK3203D, VK3204D, VK3205D","LCD",0.24,31.644094488188976
"ILUMA","ILU-SMARTTV24-DVD, VK2401D, VK2402D, VK2403D, VK2404D, VK2405D","LCD",0.26,23.816141732283466
"KOGAN","KALED58TU9420SKA","LCD (LED)",0.4,57.51653543307087
"JVC","AV-HQ507115A11","LCD",0.329,49.6503937007874
"JVC","LT-50NQ7115A11","LCD",0.45,49.249212598425196
"JVC","LT-32N3135A","LCD (LED)",0.41662,31.511417322834646
"KOGAN","KALED70TX9520SKA","LCD (LED)",0.58,69.5035433070866
"LINSAR","LS85UHDZEN","LCD",0.45,84.56023622047243
"AKAI","AK4022S7WOS","LCD",0.3,39.45551181102362
"KOGAN","KAQLED85XQ98JSTA","LCD (LED)",0.45,84.56023622047243
"KOGAN","KAQLED85XQ98JSTB","LCD (LED)",0.45,84.56023622047243
"KOGAN","KAQLED85XQ98JSTC","LCD (LED)",0.45,84.56023622047243
"KOGAN","KAQLED85XQ98JSTD","LCD (LED)",0.45,84.56023622047243
"BAUHN","ATV43UHDT-0123","LCD (LED)",0.4,42.514566929133856
"EKO","K55USW","LCD (LED)",0.7069,54.63897637795275
"JVC","LT-55NQ7105A11","LCD",0.4,54.63897637795275
"AKAI","AK6522S7TZN","LCD",0.42,64.51889763779526
"BAUHN","Tizen TV","LCD (LED)",0.42,64.51889763779526
"BAUHN","ATV65UHDT-0123","LCD (LED)",0.42,64.51889763779526
"BAUHN","ATV65UHDT-0922","LCD (LED)",0.42,64.51889763779526
"SONY","KD-55X80L","LCD (LED)",0.5,54.64488188976378
"SONY","KD-65X80L","LCD (LED)",0.5,64.51889763779526
"KODAK","KD40WOS2","LCD",0.3,39.45551181102362
"KOGAN","KALED50RN9220STA","LCD (LED)",0.45,49.463779527559055
"KOGAN","KALED50RN9220STB","LCD (LED)",0.45,49.463779527559055
"KOGAN","KALED50RN9220STC","LCD (LED)",0.45,49.463779527559055
"KOGAN","KALED50RN9220STD","LCD (LED)",0.45,49.463779527559055
"KOGAN","KAQLED65XQ98JSTA","LCD (LED)",0.45,64.4996062992126
"KOGAN","KAQLED65XQ98JSTB","LCD (LED)",0.45,64.4996062992126
"KOGAN","KAQLED65XQ98JSTC","LCD (LED)",0.45,64.4996062992126
"KOGAN","KAQLED65XQ98JSTD","LCD (LED)",0.45,64.4996062992126
"KOGAN","KAQLED75XQ98JSTA","LCD (LED)",0.45,74.52992125984252
"KOGAN","KAQLED75XQ98JSTB","LCD (LED)",0.45,74.52992125984252
"KOGAN","KAQLED75XQ98JSTC","LCD (LED)",0.45,74.52992125984252
"KOGAN","KAQLED75XQ98JSTD","LCD (LED)",0.45,74.52992125984252
"KOGAN","KAQLED55XQ98JSTA","LCD (LED)",0.45,54.61062992125985
"KOGAN","KAQLED55XQ98JSTB","LCD (LED)",0.45,54.61062992125985
"KOGAN","KAQLED55XQ98JSTC","LCD (LED)",0.45,54.61062992125985
"KOGAN","KAQLED55XQ98JSTD","LCD (LED)",0.45,54.61062992125985
"KOGAN","KALED65XU9220STB","LCD (LED)",0.45,64.4996062992126
"KOGAN","KALED65XU9220STC","LCD (LED)",0.45,64.4996062992126
"KOGAN","KALED65XU9220STD","LCD (LED)",0.45,64.4996062992126
"KOGAN","KALED65XU9220STE","LCD (LED)",0.45,64.4996062992126
"KOGAN","KALED65XU9220STF","LCD (LED)",0.45,64.4996062992126
"POLAROID","PL3221HDC","LCD",0.44,31.512992125984255
"DGTEC","DG65UHDOS","LCD (LED)",0.3594,64.5259842519685
"SONY","XR-55A80L","OLED",0.5,54.64488188976378
"SONY","XR-65A80L","OLED",0.5,64.51889763779526
"LINSAR","LS50UHDZEN","LCD",0.39,49.4988188976378
"LINSAR","LS55UHDZEN","LCD",0.43,54.63897637795275
"AKAI","AK7522S7TZN","LCD",0.31,74.49566929133857
"KOGAN","KAQLED50XQ98JSTA","LCD (LED)",0.45,49.463779527559055
"KOGAN","KAQLED50XQ98JSTB","LCD (LED)",0.45,49.463779527559055
"KOGAN","KAQLED50XQ98JSTC","LCD (LED)",0.45,49.463779527559055
"KOGAN","KAQLED50XQ98JSTD","LCD (LED)",0.45,49.463779527559055
"MONSTER","MT24HDW-LT22","LCD (LED)",0.2,23.53307086614173
"MONSTER","MT32HDW-LT22","LCD",0.25,31.517322834645668
"LINSAR","LSK43WSFW","LCD",0.35,42.50236220472441
"POLAROID","PL55M4G11","LCD",0.41,54.492913385826775
"LG","32LN340CBSD","LCD (LED)",0.4,31.512992125984255
"ALTIUS","AT24HDW-BCF","LCD",0.2,23.53307086614173
"KODAK","KD32WOS2","LCD",0.25,31.517322834645668
"ALTIUS","AT32HDW-BCF","LCD",0.25,31.517322834645668
"AKAI","AK5022S7TZN","LCD",0.39,49.4988188976378
"SONY","XR-77A80L","OLED",0.5,76.66377952755906
"KOGAN","KALED43RF9820STA","LCD (LED)",0.4,42.46574803149606
"KOGAN","KALED43RF9820STB","LCD (LED)",0.4,42.46574803149606
"KOGAN","KALED43RF9820STC","LCD (LED)",0.4,42.46574803149606
"KOGAN","KALED43RF9820STD","LCD (LED)",0.4,42.46574803149606
"KOGAN","KALED43RF9820STE","LCD (LED)",0.4,42.46574803149606
"AKAI","AK3221S6WOS","LCD",0.29,31.512992125984255
"POLAROID","PL6521UHDG","LCD",0.41,64.2251968503937
"SHARP","2T-C32EG1X","LCD (LED)",0.34,31.512992125984255
"SHARP","2T-C42EG1X","LCD (LED)",0.44,41.50196850393701
"SHARP","4T-C50DK1X","LCD (LED)",0.46,49.4988188976378
"SHARP","4T-C70DL1X","LCD (LED)",0.49,69.51299212598424
"BLAUPUNKT","BP430FSG9700","LCD",0.25,42.46574803149606
"EKO","K43FSG11","LCD",0.25,42.46574803149606
"BLAUPUNKT","BP430FSG9700C","LCD",0.25,42.46574803149606
"KODAK","KD55WOS2","LCD",0.33,54.63897637795275
"LINSAR","LS75UHDNF","LCD (LED)",0.51,74.52992125984252
"BLAUPUNKT","BP58WOS","LCD (LED)",0.3485,57.50708661417323
"LOEWE","BILD i65","OLED",0.27,64.51062992125983
"LOEWE","BILD i55","OLED",0.26,54.64488188976378
"LOEWE","BILD i48","OLED",0.3,47.5248031496063
"BLAUPUNKT","BP500USG9700","LCD (LED)",0.3706,54.63897637795275
"SHARP","4T-C60DL1X","LCD (LED)",0.43,60.10354330708662
"BAUHN","ATV50UHDT-0323","LCD",0.39,49.4988188976378
"BLAUPUNKT","BP85WOS","LCD",0.34,84.56023622047243
"SONY","XR-55X90L","LCD (LED)",0.5,54.64488188976378
"SONY","XR-65X90L","LCD (LED)",0.5,64.51889763779526
"LG","OLED42C3PSA","OLED",0.4,41.54330708661417
"LG","OLED42C36LA","OLED",0.4,41.54330708661417
"LG","OLED48A3PSA","OLED",0.4,47.52795275590551
"LG","OLED48A36LA","OLED",0.4,47.52795275590551
"LG","OLED48C3PSA","OLED",0.4,47.52795275590551
"LG","OLED48C36LA","OLED",0.4,47.52795275590551
"LG","OLED55A3PSA","OLED",0.4,54.63897637795275
"LG","OLED55A36LA","OLED",0.4,54.63897637795275
"LG","OLED55B3PSA","OLED",0.4,54.63897637795275
"LG","OLED55B36LA","OLED",0.4,54.63897637795275
"LG","OLED55C3PSA","OLED",0.4,54.63897637795275
"LG","OLED55C36LA","OLED",0.4,54.63897637795275
"LG","OLED55G3PSA","OLED",0.4,54.63897637795275
"LG","OLED55G36LA","OLED",0.4,54.63897637795275
"LG","OLED65A3PSA","OLED",0.4,64.52637795275591
"LG","OLED65A36LA","OLED",0.4,64.52637795275591
"LG","OLED65B3PSA","OLED",0.4,64.52637795275591
"LG","OLED65B36LA","OLED",0.4,64.52637795275591
"LG","OLED65C3PSA","OLED",0.4,64.52637795275591
"LG","OLED65C36LA","OLED",0.4,64.52637795275591
"LG","OLED65G3PSA","OLED",0.4,64.52637795275591
"LG","OLED65G36LA","OLED",0.4,64.52637795275591
"LG","OLED77B3PSA","OLED",0.4,76.66850393700787
"LG","OLED77B36LA","OLED",0.4,76.66850393700787
"LG","OLED77C3PSA","OLED",0.4,76.66850393700787
"LG","OLED77C36LA","OLED",0.4,76.66850393700787
"LG","OLED77G3PSA","OLED",0.4,76.66850393700787
"LG","OLED77G36LA","OLED",0.4,76.66850393700787
"LG","OLED77Z3PSA","OLED",0.4,76.66850393700787
"LG","OLED83C3PSA","OLED",0.4,82.51377952755905
"LG","OLED83C36LA","OLED",0.4,82.51377952755905
"LG","OLED83G3PSA","OLED",0.4,82.51377952755905
"LG","OLED83G36LA","OLED",0.4,82.51377952755905
"BAUHN","ATV24HDG-0223","LCD (LED)",0.25,23.53307086614173
"SONY","KD-75X80L","LCD (LED)",0.5,74.52992125984252
"SONY","KD-85X80L","LCD (LED)",0.5,84.56023622047243
"SAMSUNG","QA65Q60CAW","LCD (LED)",0.5,64.52637795275591
"SAMSUNG","QA65Q60CAS","LCD (LED)",0.5,64.52637795275591
"SAMSUNG","QA65Q63CAS","LCD (LED)",0.5,64.52637795275591
"SAMSUNG","QA65Q6*CA*","LCD (LED)",0.5,64.52637795275591
"SAMSUNG","QA50Q60CAS","LCD (LED)",0.5,49.4988188976378
"SAMSUNG","QA50Q63CAS","LCD (LED)",0.5,49.4988188976378
"SAMSUNG","QA50Q6*CA*","LCD (LED)",0.5,49.4988188976378
"LG","50QNED81SRA","LCD (LED)",0.4,49.4988188976378
"LG","50QNED816RA","LCD (LED)",0.4,49.4988188976378
"LG","55QNED81SRA","LCD (LED)",0.4,54.63897637795275
"LG","55QNED816RA","LCD (LED)",0.4,54.63897637795275
"LG","65QNED81SRA","LCD (LED)",0.4,64.52637795275591
"LG","65QNED816RA","LCD (LED)",0.4,64.52637795275591
"LG","75QNED81SRA","LCD (LED)",0.4,74.51771653543307
"LG","75QNED816RA","LCD (LED)",0.4,74.51771653543307
"LG","86QNED81SRA","LCD (LED)",0.4,85.60039370078741
"LG","86QNED816RA","LCD (LED)",0.4,85.60039370078741
"SAMSUNG","QA43Q60CAS","LCD (LED)",0.5,42.514566929133856
"SAMSUNG","QA43Q63CAS","LCD (LED)",0.5,42.514566929133856
"SAMSUNG","QA43Q6*CA*","LCD (LED)",0.5,42.514566929133856
"SAMSUNG","QA55Q60CAW","LCD (LED)",0.5,54.63897637795275
"SAMSUNG","QA55Q60CAS","LCD (LED)",0.5,54.63897637795275
"SAMSUNG","QA55Q63CAS","LCD (LED)",0.5,54.63897637795275
"SAMSUNG","QA55Q6*CA*","LCD (LED)",0.5,54.63897637795275
"SAMSUNG","QA50QN90CAW","LCD (LED)",0.5,49.4988188976378
"SAMSUNG","QA50QN90CAS","LCD (LED)",0.5,49.4988188976378
"SAMSUNG","QA50QN90CA*","LCD (LED)",0.5,49.4988188976378
"SAMSUNG","QA55QN90CAW","LCD (LED)",0.5,54.63897637795275
"SAMSUNG","QA55QN90CAS","LCD (LED)",0.5,54.63897637795275
"SAMSUNG","QA55QN90CA*","LCD (LED)",0.5,54.63897637795275
"SONY","KD-55X85L","LCD (LED)",0.5,54.64488188976378
"SONY","KD-65X85L","LCD (LED)",0.5,64.51889763779526
"SAMSUNG","QA85Q60CAW","LCD (LED)",0.5,84.56023622047243
"SAMSUNG","QA85Q60CAS","LCD (LED)",0.5,84.56023622047243
"SAMSUNG","QA85Q6*CA*","LCD (LED)",0.5,84.56023622047243
"SAMSUNG","QA65QN90CAW","LCD (LED)",0.5,64.52637795275591
"SAMSUNG","QA65QN90CAS","LCD (LED)",0.5,64.52637795275591
"SAMSUNG","QA65QN90CA*","LCD (LED)",0.5,64.52637795275591
"SAMSUNG","QA75QN90CAW","LCD (LED)",0.5,74.54251968503937
"SAMSUNG","QA75QN90CAS","LCD (LED)",0.5,74.54251968503937
"SAMSUNG","QA75QN90CA*","LCD (LED)",0.5,74.54251968503937
"LG","43UR8050PSB","LCD (LED)",0.4,42.514566929133856
"LG","43UR80006LJ","LCD (LED)",0.4,42.514566929133856
"LG","50UR8050PSB","LCD (LED)",0.4,49.4988188976378
"LG","50UR80006LJ","LCD (LED)",0.4,49.4988188976378
"LG","55UR8050PSB","LCD (LED)",0.4,54.63897637795275
"LG","55UR80006LJ","LCD (LED)",0.4,54.63897637795275
"LG","65UR8050PSB","LCD (LED)",0.4,64.52637795275591
"LG","65UR80006LJ","LCD (LED)",0.4,64.52637795275591
"LG","75UR8050PSB","LCD (LED)",0.4,74.51771653543307
"LG","86UR8050PSB","LCD (LED)",0.4,85.60039370078741
"BAUHN","ATV24HDG-0223","LCD (LED)",0.25,23.53307086614173
"SAMSUNG","QA43QN90CAW","LCD (LED)",0.5,42.514566929133856
"SAMSUNG","QA43QN90CAS","LCD (LED)",0.5,42.514566929133856
"SAMSUNG","QA43QN90CA*","LCD (LED)",0.5,42.514566929133856
"SONY","XR-75X90L","LCD (LED)",0.5,74.52992125984252
"SAMSUNG","QA65QN85CAW","LCD (LED)",0.5,64.52637795275591
"SAMSUNG","QA65QN85CAS","LCD (LED)",0.5,64.52637795275591
"SAMSUNG","QA65QN85CA*","LCD (LED)",0.5,64.52637795275591
"SAMSUNG","QA75QN85CAW","LCD (LED)",0.5,74.54251968503937
"SAMSUNG","QA75QN85CAS","LCD (LED)",0.5,74.54251968503937
"SAMSUNG","QA75QN85CA*","LCD (LED)",0.5,74.54251968503937
"SAMSUNG","UA43CU8000W","LCD (LED)",0.5,42.514566929133856
"SAMSUNG","UA43CU8000S","LCD (LED)",0.5,42.514566929133856
"SAMSUNG","UA43CU8500S","LCD (LED)",0.5,42.514566929133856
"SAMSUNG","UA43CU8*00*","LCD (LED)",0.5,42.514566929133856
"SAMSUNG","UA50CU8000W","LCD (LED)",0.5,49.50236220472441
"SAMSUNG","UA50CU8000S","LCD (LED)",0.5,49.50236220472441
"SAMSUNG","UA50CU8500S","LCD (LED)",0.5,49.50236220472441
"SAMSUNG","UA50CU8*00*","LCD (LED)",0.5,49.50236220472441
"SAMSUNG","UA55CU8000W","LCD (LED)",0.5,54.63897637795275
"SAMSUNG","UA55CU8000S","LCD (LED)",0.5,54.63897637795275
"SAMSUNG","UA55CU8500S","LCD (LED)",0.5,54.63897637795275
"SAMSUNG","UA55CU8*00*","LCD (LED)",0.5,54.63897637795275
"SAMSUNG","UA65CU8000W","LCD (LED)",0.5,64.52637795275591
"SAMSUNG","UA65CU8000S","LCD (LED)",0.5,64.52637795275591
"SAMSUNG","UA65CU8500S","LCD (LED)",0.5,64.52637795275591
"SAMSUNG","UA65CU8*00*","LCD (LED)",0.5,64.52637795275591
"EKO","K42FSW2","LCD",0.67,41.50196850393701
"SAMSUNG","QA75Q70CAW","LCD (LED)",0.5,74.54251968503937
"SAMSUNG","QA75Q70CAS","LCD (LED)",0.5,74.54251968503937
"SAMSUNG","QA75Q70CA*","LCD (LED)",0.5,74.54251968503937
"SAMSUNG","QA85QN90CAW","LCD (LED)",0.5,84.56023622047243
"SAMSUNG","QA85QN90CAS","LCD (LED)",0.5,84.56023622047243
"SAMSUNG","QA85QN90CA*","LCD (LED)",0.5,84.56023622047243
"SAMSUNG","QA55Q80CAW","LCD (LED)",0.5,54.63897637795275
"SAMSUNG","QA55Q80CAS","LCD (LED)",0.5,54.63897637795275
"SAMSUNG","QA55Q80CA*","LCD (LED)",0.5,54.63897637795275
"SAMSUNG","QA32LS03CBW","LCD (LED)",0.5,31.499212598425196
"SAMSUNG","QA85QN85CAW","LCD (LED)",0.5,84.56023622047243
"SAMSUNG","QA85QN85CAS","LCD (LED)",0.5,84.56023622047243
"SAMSUNG","QA85QN85CA*","LCD (LED)",0.5,84.56023622047243
"SAMSUNG","QA65QN800CW","LCD (LED)",0.5,64.52637795275591
"SAMSUNG","QA65QN800CS","LCD (LED)",0.5,64.52637795275591
"SAMSUNG","QA65QN800C*","LCD (LED)",0.5,64.52637795275591
"SAMSUNG","QA75QN800CW","LCD (LED)",0.5,74.54251968503937
"SAMSUNG","QA75QN800CS","LCD (LED)",0.5,74.54251968503937
"SAMSUNG","QA75QN800C*","LCD (LED)",0.5,74.54251968503937
"SAMSUNG","UA75CU8000W","LCD (LED)",0.5,74.54251968503937
"SAMSUNG","UA75CU8000S","LCD (LED)",0.5,74.54251968503937
"SAMSUNG","UA75CU8000*","LCD (LED)",0.5,74.54251968503937
"SAMSUNG","QA85Q70CAW","LCD (LED)",0.5,84.56023622047243
"SAMSUNG","QA85Q70CAS","LCD (LED)",0.5,84.56023622047243
"SAMSUNG","QA85Q70CA*","LCD (LED)",0.5,84.56023622047243
"SAMSUNG","QA65Q80CAW","LCD (LED)",0.5,64.52637795275591
"SAMSUNG","QA65Q80CAS","LCD (LED)",0.5,64.52637795275591
"SAMSUNG","QA65Q80CA*","LCD (LED)",0.5,64.52637795275591
"SAMSUNG","QA75Q80CAW","LCD (LED)",0.5,74.54251968503937
"SAMSUNG","QA75Q80CAS","LCD (LED)",0.5,74.54251968503937
"SAMSUNG","QA75Q80CA*","LCD (LED)",0.5,74.54251968503937
"SAMSUNG","QA85Q80CAW","LCD (LED)",0.5,84.56023622047243
"SAMSUNG","QA85Q80CAS","LCD (LED)",0.5,84.56023622047243
"SAMSUNG","QA85Q80CA*","LCD (LED)",0.5,84.56023622047243
"SAMSUNG","QA55Q70CAW","LCD (LED)",0.5,54.63897637795275
"SAMSUNG","QA55Q70CAS","LCD (LED)",0.5,54.63897637795275
"SAMSUNG","QA55Q70CA*","LCD (LED)",0.5,54.63897637795275
"SAMSUNG","QA65Q70CAW","LCD (LED)",0.5,64.52637795275591
"SAMSUNG","QA65Q70CAS","LCD (LED)",0.5,64.52637795275591
"SAMSUNG","QA65Q70CA*","LCD (LED)",0.5,64.52637795275591
"SAMSUNG","QA75QN900CW","LCD (LED)",0.5,74.54251968503937
"SAMSUNG","QA75QN900CS","LCD (LED)",0.5,74.54251968503937
"SAMSUNG","QA75QN900C*","LCD (LED)",0.5,74.54251968503937
"SAMSUNG","QA65QN700CS","LCD (LED)",0.5,64.52637795275591
"SAMSUNG","QA85QN900CW","LCD (LED)",0.5,84.56023622047243
"SAMSUNG","QA85QN900CS","LCD (LED)",0.5,84.56023622047243
"SAMSUNG","QA85QN900C*","LCD (LED)",0.5,84.56023622047243
"LG","43UR78006LL","LCD (LED)",0.4,42.514566929133856
"LG","50UR78006LL","LCD (LED)",0.4,49.4988188976378
"LG","55UR78006LL","LCD (LED)",0.4,54.63897637795275
"LG","65UR78006LL","LCD (LED)",0.4,64.52637795275591
"SAMSUNG","QA65QN95CAW","LCD (LED)",0.5,64.52637795275591
"SAMSUNG","QA65QN95CAS","LCD (LED)",0.5,64.52637795275591
"SAMSUNG","QA65QN95CA*","LCD (LED)",0.5,64.52637795275591
"SAMSUNG","QA50Q80CAS","LCD (LED)",0.5,49.50236220472441
"SAMSUNG","QA75QN700CS","LCD (LED)",0.5,74.54251968503937
"SAMSUNG","QA85QN800CW","LCD (LED)",0.5,84.56023622047243
"SAMSUNG","QA85QN800CS","LCD (LED)",0.5,84.56023622047243
"SAMSUNG","QA85QN800C*","LCD (LED)",0.5,84.56023622047243
"SAMSUNG","QA65QN900CW","LCD (LED)",0.5,64.52637795275591
"SAMSUNG","QA65QN900CS","LCD (LED)",0.5,64.52637795275591
"SAMSUNG","QA65QN900C*","LCD (LED)",0.5,64.52637795275591
"POLAROID","PL6521UHDG","LCD",0.354,64.2251968503937
"SAMSUNG","QA75QN95CAW","LCD (LED)",0.5,74.54251968503937
"SAMSUNG","QA75QN95CAS","LCD (LED)",0.5,74.54251968503937
"SAMSUNG","QA75QN95CA*","LCD (LED)",0.5,74.54251968503937
"SAMSUNG","QA85QN95CAW","LCD (LED)",0.5,84.56023622047243
"SAMSUNG","QA85QN95CAS","LCD (LED)",0.5,84.56023622047243
"SAMSUNG","QA85QN95CA*","LCD (LED)",0.5,84.56023622047243
"SAMSUNG","QA75Q60CAW","LCD (LED)",0.5,74.54251968503937
"SAMSUNG","QA75Q60CAS","LCD (LED)",0.5,74.54251968503937
"SAMSUNG","QA75Q63CAS","LCD (LED)",0.5,74.54251968503937
"SAMSUNG","QA75Q6*CA*","LCD (LED)",0.5,74.54251968503937
"SAMSUNG","QA55QN700CS","LCD (LED)",0.5,54.63897637795275
"SAMSUNG","UA75CU8500S","LCD (LED)",0.5,74.54251968503937
"AKAI","AK5522S7TZN","LCD",0.43,54.63897637795275
"SONY","KD-75X77L","LCD (LED)",0.5,74.52992125984252
"SONY","XR-83A80L","OLED",0.5,82.53385826771654
"POLAROID","PL40S4G11","LCD",0.4,39.49015748031496
"LINSAR","LS32C12V","LCD",0.44,31.512992125984255
"KOGAN","KALED98X98JSTA","LCD (LED)",0.45,97.48188976377953
"EKO","K650USG","LCD",0.354956,64.5259842519685
"EKO","K550USG","LCD",0.361108,54.63897637795275
"EKO","K500USG","LCD",0.361108,49.5003937007874
"KOGAN","KALED32RH9320STA","LCD (LED)",0.35,31.48307086614173
"LG","65QNED86SRA","LCD (LED)",0.4,64.52637795275591
"LG","65QNED866RA","LCD (LED)",0.4,64.52637795275591
"LG","75QNED86SRA","LCD (LED)",0.4,74.51771653543307
"LG","75QNED866RA","LCD (LED)",0.4,74.51771653543307
"LG","86QNED86SRA","LCD (LED)",0.4,85.60039370078741
"LG","86QNED866RA","LCD (LED)",0.4,85.60039370078741
"BLAUPUNKT","BP650USG9800","LCD",0.354956,64.5259842519685
"SONY","KD-55X77L","LCD (LED)",0.5,54.64488188976378
"SONY","KD-65X77L","LCD (LED)",0.5,64.51889763779526
"SONY","KD-75X85L","LCD (LED)",0.5,74.52992125984252
"LG","43UR81006LJ","LCD (LED)",0.4,42.514566929133856
"LG","50UR81006LJ","LCD (LED)",0.4,49.4988188976378
"LG","55UR81006LJ","LCD (LED)",0.4,54.63897637795275
"LG","65UR81006LJ","LCD (LED)",0.4,64.52637795275591
"LG","75UR80006LJ","LCD (LED)",0.4,74.51771653543307
"LG","75UR81006LJ","LCD (LED)",0.4,74.51771653543307
"LG","86UR80006LA","LCD (LED)",0.4,85.60039370078741
"LG","86UR81006LA","LCD (LED)",0.4,85.60039370078741
"SONY","XR-85X95L","LCD (LED)",0.5,84.56023622047243
"SONY","XR-65X95L","LCD (LED)",0.5,64.51889763779526
"SONY","XR-75X95L","LCD (LED)",0.5,74.52992125984252
"SAMSUNG","QA55S90CAW","LCD (LED)",0.5,54.63897637795275
"SAMSUNG","QA55S90CAS","LCD (LED)",0.5,54.63897637795275
"SONY","KD-43X77L","LCD (LED)",0.5,42.5
"SONY","KD-50X77L","LCD (LED)",0.5,49.49803149606299
"SAMSUNG","QA55S90CA*","LCD (LED)",0.5,54.63897637795275
"SAMSUNG","QA65S90CAW","LCD (LED)",0.5,64.52637795275591
"SAMSUNG","QA65S90CAS","LCD (LED)",0.5,64.52637795275591
"SAMSUNG","QA65S90CA*","LCD (LED)",0.5,64.52637795275591
"FFALCON","FF32RS52","LCD (LED)",0.342,31.48307086614173
"SONY","XR-85X90L","LCD (LED)",0.5,84.56023622047243
"LG","OLED42C34LA","OLED",0.4,41.54330708661417
"KOGAN","KALED65U92TA","LCD (LED)",0.39,64.4996062992126
"BAUHN","ATV55UHDT-0723","LCD",0.43,54.63897637795275
"SAMSUNG","UA85CU8000W","LCD (LED)",0.5,84.56023622047243
"SAMSUNG","UA85CU8000S","LCD (LED)",0.5,84.56023622047243
"SAMSUNG","UA85CU8*00*","LCD (LED)",0.5,84.56023622047243
"SAMSUNG","QA55S95CAW","LCD (LED)",0.5,54.63897637795275
"SAMSUNG","QA55S95CAS","LCD (LED)",0.5,54.63897637795275
"SAMSUNG","QA55S95CA*","LCD (LED)",0.5,54.63897637795275
"SAMSUNG","QA65S95CAW","LCD (LED)",0.5,64.52637795275591
"SAMSUNG","QA65S95CAS","LCD (LED)",0.5,64.52637795275591
"SAMSUNG","QA65S95CA*","LCD (LED)",0.5,64.52637795275591
"SAMSUNG","QA77S95CAW","LCD (LED)",0.5,76.84133858267717
"SAMSUNG","QA77S95CAS","LCD (LED)",0.5,76.84133858267717
"SAMSUNG","QA77S95CA*","LCD (LED)",0.5,76.84133858267717
"SAMSUNG","LH85BECHLGKXXY","LCD (LED)",0.5,84.56023622047243
"AKAI","AK4021S6WOS","LCD",0.3,39.45551181102362
"SONY","XR-98X90L","LCD (LED)",0.5,97.51614173228346
"EKO","K40FSW","LCD (LED)",0.45,39.50905511811023
"LINSAR","LS65UHDZEN","LCD",0.42,64.51889763779526
"JVC","LT-43N5135A","LCD",0.261,42.46574803149606
"BAUHN","ATV43UHDT-0723","LCD (LED)",0.4,42.514566929133856
"BAUHN","ATV70UHDT-0623","LCD",0.72,69.50078740157481
"FFALCON","FF40RS52","LCD (LED)",0.408,39.49015748031496
"LG","OLED88Z3PSA","OLED",0.35,87.59291338582676
"LG","OLED88Z36LA","OLED",0.35,87.59291338582676
"KOGAN","KALED65U92TB","LCD (LED)",0.39,64.4996062992126
"KOGAN","KALED65U92TC","LCD (LED)",0.39,64.4996062992126
"KOGAN","KALED65U92TD","LCD (LED)",0.39,64.4996062992126
"KOGAN","KALED65U92TE","LCD (LED)",0.39,64.4996062992126
"PHILIPS","50PUT8528/79","LCD (LED)",0.36,49.49803149606299
"PHILIPS","55PUT8528/79","LCD (LED)",0.33,54.64488188976378
"PHILIPS","65PUT8528/79","LCD (LED)",0.36,64.52637795275591
"JVC","AV-J323135A","LCD (LED)",0.41662,31.511417322834646
"SONY","XR-55A95L","OLED",0.5,54.64488188976378
"SONY","XR-65A95L","OLED",0.5,64.51889763779526
"KOGAN","KALED19PRIZD","LCD (LED)",0.241926,18.509055118110236
"SAMSUNG","QA77S90CAW","LCD (LED)",0.5,76.84133858267717
"SAMSUNG","QA77S90CAS","LCD (LED)",0.5,76.84133858267717
"SAMSUNG","QA77S90CA*","LCD (LED)",0.5,76.84133858267717
"PHILIPS","50PUT7908/79","LCD (LED)",0.33,49.49803149606299
"PHILIPS","50PUT7908/75","LCD (LED)",0.33,49.49803149606299
"PHILIPS","55PUT7908/79","LCD (LED)",0.43,54.64488188976378
"PHILIPS","55PUT7908/75","LCD (LED)",0.43,54.64488188976378
"PHILIPS","65PUT7908/79","LCD (LED)",0.39,64.52637795275591
"PHILIPS","65PUT7908/75","LCD (LED)",0.39,64.52637795275591
"PHILIPS","75PUT8808/79","LCD (LED)",0.39,74.52992125984252
"PHILIPS","75PUT8808/75","LCD (LED)",0.39,74.52992125984252
"PHILIPS","75PUT7908/79","LCD (LED)",0.29,74.52992125984252
"PHILIPS","75PUT7908/75","LCD (LED)",0.29,74.52992125984252
"PHILIPS","55PUT8808/79","LCD (LED)",0.41,54.64488188976378
"PHILIPS","55PUT8808/75","LCD (LED)",0.41,54.64488188976378
"PHILIPS","65PUT8808/79","LCD (LED)",0.38,64.52637795275591
"PHILIPS","65PUT8808/75","LCD (LED)",0.38,64.52637795275591
"JVC","AV-J243145A","LCD (LED)",0.4871,23.55275590551181
"EKO","K32HSW","LCD (LED)",0.45,31.511417322834646
"SONY","XR-77A95L","OLED",0.5,76.83976377952756
"LG","43UR781C0LL","LCD (LED)",0.4,42.514566929133856
"LG","43UR801C0SB","LCD (LED)",0.4,42.514566929133856
"LG","50UR781C0LL","LCD (LED)",0.4,49.4988188976378
"LG","50UR801C0SB","LCD (LED)",0.4,49.4988188976378
"LG","55UR781C0LL","LCD (LED)",0.4,54.63897637795275
"LG","55UR801C0SB","LCD (LED)",0.4,54.63897637795275
"LG","65UR781C0LL","LCD (LED)",0.4,64.52637795275591
"LG","65UR801C0SB","LCD (LED)",0.4,64.52637795275591
"LG","75UR801C0LJ","LCD (LED)",0.4,74.51771653543307
"LG","75UR801C0SB","LCD (LED)",0.4,74.51771653543307
"LG","86UR801C0LA","LCD (LED)",0.4,85.60039370078741
"LG","86UR801C0SB","LCD (LED)",0.4,85.60039370078741
"TOSHIBA","43C350MP","LCD (LED)",0.38,42.51417322834646
"TOSHIBA","50C350MP","LCD (LED)",0.33,49.5003937007874
"TOSHIBA","55C350MP","LCD (LED)",0.347,54.63897637795275
"TOSHIBA","65C350MP","LCD (LED)",0.297,64.5259842519685
"TOSHIBA","75C350MP","LCD (LED)",0.33,74.51732283464567
"BAUHN","ATV50UHDT-0823","LCD",0.39,49.4988188976378
"JVC","LT-50N7145A","LCD",0.38,49.31141732283465
"BLAUPUNKT","BP400FSG9800","LCD",0.25,39.681496062992125
"EKO","K400FSG","LCD",0.25,39.681496062992125
"LG","65QNED866RE","LCD (LED)",0.4,64.52637795275591
"LG","75QNED866RE","LCD (LED)",0.4,74.51771653543307
"LG","86QNED866RE","LCD (LED)",0.4,85.60039370078741
"LG","43QNED75SRA","LCD (LED)",0.4,42.514566929133856
"LG","43QNED756RA","LCD (LED)",0.4,42.514566929133856
"LG","50QNED75SRA","LCD (LED)",0.4,49.4988188976378
"LG","50QNED756RA","LCD (LED)",0.4,49.4988188976378
"LG","55QNED75SRA","LCD (LED)",0.4,54.63897637795275
"LG","55QNED756RA","LCD (LED)",0.4,54.63897637795275
"LG","65QNED75SRA","LCD (LED)",0.4,64.52637795275591
"LG","65QNED756RA","LCD (LED)",0.4,64.52637795275591
"LG","75QNED75SRA","LCD (LED)",0.4,74.51771653543307
"LG","75QNED756RA","LCD (LED)",0.4,74.51771653543307
"CHIQ","U85F8TG","LCD (LED)",0.35,84.56023622047243
"CHIQ","U98F8TG","LCD (LED)",0.45,97.48188976377953
"PHILIPS","55OLED708/75","OLED",0.2,54.64488188976378
"PHILIPS","55OLED708/79","OLED",0.2,54.64488188976378
"PHILIPS","65OLED708/75","OLED",0.3,64.52637795275591
"PHILIPS","65OLED708/79","OLED",0.3,64.52637795275591
"KOGAN","KALED32F98TA","LCD (LED)",0.33,31.48307086614173
"KOGAN","KALED32F98TB","LCD (LED)",0.33,31.48307086614173
"KOGAN","KALED32F98TC","LCD (LED)",0.33,31.48307086614173
"KOGAN","KALED32F98TD","LCD (LED)",0.33,31.48307086614173
"KOGAN","KALED32F98TE","LCD (LED)",0.33,31.48307086614173
"KOGAN","KALED40F98TA","LCD (LED)",0.4,39.49015748031496
"KOGAN","KALED40F98TB","LCD (LED)",0.4,39.49015748031496
"KOGAN","KALED40F98TC","LCD (LED)",0.4,39.49015748031496
"KOGAN","KALED40F98TD","LCD (LED)",0.4,39.49015748031496
"KOGAN","KALED40F98TE","LCD (LED)",0.4,39.49015748031496
"SYLVOX","OT55A2KEGC","LCD (LED)",0.46,54.63897637795275
"SYLVOX","OT65A2KEGC","LCD (LED)",0.47,64.5259842519685
"LOEWE","WE SEE 43","LCD (LED)",0.4,42.5
"LOEWE","C43","LCD (LED)",0.4,42.5
"LOEWE","LOEWE *43","LCD (LED)",0.4,42.5
"BLAUPUNKT","BP550USG9800","LCD (LED)",0.356764,54.63897637795275
"LOEWE","WE SEE 32","LCD (LED)",0.4,31.517322834645668
"LOEWE","BILD C 32","LCD (LED)",0.4,31.517322834645668
"LOEWE","LED 32","LCD (LED)",0.4,31.517322834645668
"LOEWE","WE SEE 55","LCD (LED)",0.4,54.61062992125985
"LOEWE","WE SEE 50","LCD (LED)",0.4,49.463779527559055
"SAMSUNG","LH43BECHLGKXXY","LCD (LED)",0.5,42.514566929133856
"SAMSUNG","LH43BECHLGSXNZ","LCD (LED)",0.5,42.514566929133856
"SAMSUNG","LH43BECHLG****","LCD (LED)",0.5,42.514566929133856
"SAMSUNG","LH55BECHLGSXNZ","LCD (LED)",0.5,54.63897637795275
"SAMSUNG","LH55BECHLG****","LCD (LED)",0.5,54.63897637795275
"SAMSUNG","LH55BECHLGKXXY","LCD (LED)",0.5,54.63897637795275
"SAMSUNG","LH75BECHLGKXXY","LCD (LED)",0.5,74.54251968503937
"SAMSUNG","LH75BECHLGSXNZ","LCD (LED)",0.5,74.54251968503937
"SAMSUNG","LH75BECHLG****","LCD (LED)",0.5,74.54251968503937
"SAMSUNG","LH65BECHLGKXXY","LCD (LED)",0.5,64.52637795275591
"SAMSUNG","LH65BECHLGSXNZ","LCD (LED)",0.5,64.52637795275591
"SAMSUNG","LH65BECHLG****","LCD (LED)",0.5,64.52637795275591
"SAMSUNG","LH50BECHLGKXXY","LCD (LED)",0.5,49.4988188976378
"SAMSUNG","LH50BECHLGSXNZ","LCD (LED)",0.5,49.4988188976378
"SAMSUNG","LH50BECHLG****","LCD (LED)",0.5,49.4988188976378
"BLAUPUNKT","BP650USG9900","LCD",0.4,64.5488188976378
"KOGAN","KAQLED43XQ98JSTA","LCD (LED)",0.41,42.5
"KOGAN","KAQLED43XQ98JSTB","LCD (LED)",0.41,42.5
"KOGAN","KAQLED43XQ98JSTC","LCD (LED)",0.41,42.5
"KOGAN","KAQLED43XQ98JSTD","LCD (LED)",0.41,42.5
"KOGAN","KAQLED43XQ98JSTE","LCD (LED)",0.41,42.5
"KOGAN","KALED65U94TA","LCD (LED)",0.375,64.48464566929134
"KOGAN","KALED65U94TB","LCD (LED)",0.375,64.48464566929134
"KOGAN","KALED65U94TC","LCD (LED)",0.375,64.48464566929134
"KOGAN","KALED65U94TD","LCD (LED)",0.375,64.48464566929134
"KOGAN","KALED65U94TE","LCD (LED)",0.375,64.48464566929134
"SAMSUNG","QA98QN990CW","LCD (LED)",0.5,97.51496062992125
"SAMSUNG","QA50QE1CAS","LCD (LED)",0.5,49.4988188976378
"SYLVOX","RT32R3KECA","LCD (LED)",0.51,31.54763779527559
"TCL","40S5400A","LCD (LED)",0.352,39.49015748031496
"TCL","32S5400AF","LCD (LED)",0.36,31.48307086614173
"LG","OLED77M3PSA","OLED",0.4,76.66850393700787
"LG","OLED83M3PSA","OLED",0.4,82.51377952755905
"LG","OLED97M3PSA","OLED",0.4,96.51377952755905
"KOGAN","KALED75U94TA","LCD (LED)",0.39,74.52992125984252
"KOGAN","KALED75U94TB","LCD (LED)",0.39,74.52992125984252
"KOGAN","KALED75U94TC","LCD (LED)",0.39,74.52992125984252
"KOGAN","KALED75U94TD","LCD (LED)",0.39,74.52992125984252
"KOGAN","KALED75U94TE","LCD (LED)",0.39,74.52992125984252
"KOGAN","KALED55U94TA","LCD (LED)",0.41,54.63897637795275
"KOGAN","KALED55U94TB","LCD (LED)",0.41,54.63897637795275
"KOGAN","KALED55U94TC","LCD (LED)",0.41,54.63897637795275
"KOGAN","KALED55U94TD","LCD (LED)",0.41,54.63897637795275
"KOGAN","KALED55U94TE","LCD (LED)",0.41,54.63897637795275
"KOGAN","KAQLED98XQ98JSTA","LCD (LED)",0.38,97.51614173228346
"KOGAN","KAQLED98XQ98JSTB","LCD (LED)",0.38,97.51614173228346
"KOGAN","KAQLED98XQ98JSTC","LCD (LED)",0.38,97.51614173228346
"KOGAN","KAQLED98XQ98JSTD","LCD (LED)",0.38,97.51614173228346
"KOGAN","KAQLED98XQ98JSTE","LCD (LED)",0.38,97.51614173228346
"KOGAN","KALED50U94TA","LCD (LED)",0.36,49.463779527559055
"KOGAN","KALED50U94TB","LCD (LED)",0.36,49.463779527559055
"KOGAN","KALED50U94TC","LCD (LED)",0.36,49.463779527559055
"KOGAN","KALED50U94TD","LCD (LED)",0.36,49.463779527559055
"KOGAN","KALED50U94TE","LCD (LED)",0.36,49.463779527559055
"LG","43UM767H0LD","LCD (LED)",0.4,42.514566929133856
"LG","50UM767H0LD","LCD (LED)",0.4,49.4988188976378
"LG","55UM767H0LD","LCD (LED)",0.4,54.63897637795275
"LG","65UM767H0LD","LCD (LED)",0.4,64.52637795275591
"LG","75UM767H0LD","LCD (LED)",0.4,74.51771653543307
"HISENSE","55U7KAU","LCD (LED)",0.32,54.63897637795275
"HISENSE","55U7KNZ","LCD (LED)",0.32,54.63897637795275
"HISENSE","65U7KAU","LCD (LED)",0.3,64.5259842519685
"HISENSE","65U7KNZ","LCD (LED)",0.3,64.5259842519685
"HISENSE","75U7KAU","LCD (LED)",0.36,74.54330708661418
"HISENSE","75U7KNZ","LCD (LED)",0.36,74.54330708661418
"HISENSE","85U7KAU","LCD (LED)",0.31,84.56023622047243
"HISENSE","85U7KNZ","LCD (LED)",0.31,84.56023622047243
"HISENSE","55U7K series","LCD (LED)",0.32,54.63897637795275
"HISENSE","65U7K series","LCD (LED)",0.3,64.5259842519685
"HISENSE","75U7K series","LCD (LED)",0.36,74.54330708661418
"HISENSE","85U7K series","LCD (LED)",0.31,84.56023622047243
"THOMSON","STVLED43FHDB","LCD (LED)",0.31,42.5011811023622
"KOGAN","KALED55R93STA","LCD (LED)",0.4,54.63897637795275
"KOGAN","KALED55R93STB","LCD (LED)",0.4,54.63897637795275
"KOGAN","KALED55R93STC","LCD (LED)",0.4,54.63897637795275
"KOGAN","KALED55R93STD","LCD (LED)",0.4,54.63897637795275
"KOGAN","KALED55R93STE","LCD (LED)",0.4,54.63897637795275
"KOGAN","KALED50R93STA","LCD (LED)",0.35,49.463779527559055
"KOGAN","KALED50R93STB","LCD (LED)",0.35,49.463779527559055
"KOGAN","KALED50R93STC","LCD (LED)",0.35,49.463779527559055
"KOGAN","KALED50R93STD","LCD (LED)",0.35,49.463779527559055
"KOGAN","KALED50R93STE","LCD (LED)",0.35,49.463779527559055
"TOSHIBA","55Z870MP","LCD (LED)",0.342,54.63897637795275
"TOSHIBA","65Z870MP","LCD (LED)",0.41,64.5259842519685
"TOSHIBA","75Z870MP","LCD (LED)",0.29,74.51732283464567
"SAMSUNG","QA55QE1CAS","LCD (LED)",0.5,54.63897637795275
"SAMSUNG","QA75QE1CAW","LCD (LED)",0.5,74.54251968503937
"SAMSUNG","QA75QE1CAS","LCD (LED)",0.5,74.54251968503937
"SAMSUNG","QA75QE1CA*","LCD (LED)",0.5,74.54251968503937
"LG","43UQ7050PSA","LCD (LED)",0.31,42.514566929133856
"LG","50UQ7050PSA","LCD (LED)",0.35,49.5003937007874
"LG","55UQ7050PSA","LCD (LED)",0.36,54.63897637795275
"SAMSUNG","QA77S89CAW","LCD (LED)",0.5,76.84133858267717
"TOSHIBA","75Z670MP","LCD (LED)",0.409,74.54330708661418
"TOSHIBA","65Z670MP","LCD (LED)",0.283,64.5259842519685
"TOSHIBA","55Z670MP","LCD (LED)",0.285,54.63897637795275
"PHILIPS","32PHT6918/79","LCD (LED)",0.36,31.517322834645668
"PHILIPS","43PUT7908/75","LCD (LED)",0.41,42.5
"CHIQ","L32G7PG","LCD (LED)",0.4,31.48307086614173
"CHIQ","L40G7PG","LCD (LED)",0.4,39.49015748031496
"CHIQ","U75F8TG","LCD (LED)",0.41,74.52992125984252
"SAMSUNG","QA98Q80CAW","LCD (LED)",0.5,97.52047244094489
"SAMSUNG","QA98Q80CAS","LCD (LED)",0.5,97.52047244094489
"SAMSUNG","QA98Q80CA*","LCD (LED)",0.5,97.52047244094489
"KOGAN","KALED43U94VA","LCD (LED)",0.45,42.514566929133856
"KOGAN","KALED43U94VB","LCD (LED)",0.45,42.514566929133856
"KOGAN","KALED43U94VC","LCD (LED)",0.45,42.514566929133856
"KOGAN","KALED43U94V*","LCD (LED)",0.45,42.514566929133856
"HISENSE","32A4KAU","LCD (LED)",0.31,31.511811023622048
"HISENSE","40A4KAU","LCD (LED)",0.28,39.5007874015748
"HISENSE","65U8KAU","LCD (LED)",0.393,64.5259842519685
"HISENSE","65U8KNZ","LCD (LED)",0.393,64.5259842519685
"HISENSE","75U8KAU","LCD (LED)",0.366,74.54330708661418
"HISENSE","75U8KNZ","LCD (LED)",0.366,74.54330708661418
"HISENSE","65U8K series","LCD (LED)",0.393,64.5259842519685
"HISENSE","75U8K series","LCD (LED)",0.366,74.54330708661418
"FFALCON","FF32S53","LCD (LED)",0.36,31.48307086614173
"FFALCON","FF40S53","LCD (LED)",0.352,39.49015748031496
"FFALCON","FF50U63","LCD (LED)",0.325,49.463779527559055
"FFALCON","FF55U63","LCD (LED)",0.348,54.61062992125985
"CHIQ","U43G7PG","LCD (LED)",0.38,42.5
"CHIQ","U50G7PG","LCD (LED)",0.36,49.463779527559055
"CHIQ","U55G7PG","LCD (LED)",0.4,54.64488188976378
"CHIQ","U58G7PG","LCD (LED)",0.4,57.49566929133858
"CHIQ","U65G7PG","LCD (LED)",0.4,64.4996062992126
"CHIQ","U65QM8VG","LCD (LED)",0.45,64.4996062992126
"KODAK","KD65WOS2","LCD (LED)",0.3594,64.5259842519685
"PHILIPS","50PUT7428/79","LCD (LED)",0.42,49.49803149606299
"PHILIPS","65PUT7428/79","LCD (LED)",0.39,64.51889763779526
"KOGAN","KALED60U93NA","LCD",0.3,60.10354330708662
"KOGAN","KALED60U93NB","LCD",0.3,60.10354330708662
"KOGAN","*60*","LCD",0.3,60.10354330708662
"KONKA","KDE40RR314FANT","LCD (LED)",0.45,39.5007874015748
"KONKA","KDE40RR315ANT","LCD (LED)",0.45,39.5007874015748
"KOGAN","KALED40R93STA","LCD (LED)",0.4,39.49015748031496
"KOGAN","KALED40R93STB","LCD (LED)",0.4,39.49015748031496
"KOGAN","KALED40R93STC","LCD (LED)",0.4,39.49015748031496
"KOGAN","KALED40R93STD","LCD (LED)",0.4,39.49015748031496
"KOGAN","KALED40R93STE","LCD (LED)",0.4,39.49015748031496
"KONKA","UDE55QR314FANT","LCD (LED)",0.43,54.63897637795275
"KONKA","UDE55QR315ANT","LCD (LED)",0.43,54.63897637795275
"KONKA","KDE32RR314FANT-5","LCD (LED)",0.39,31.511417322834646
"KONKA","KDE32RR315ANT","LCD (LED)",0.39,31.511417322834646
"TOSHIBA","85Z670MP","LCD (LED)",0.33,84.56023622047243
"KONKA","UDE50QR314FANT","LCD (LED)",0.42,49.5003937007874
"KONKA","UDE50QR315ANT","LCD (LED)",0.42,49.5003937007874
"KOGAN","KALED60U93NC","LCD",0.3,60.10354330708662
"KOGAN","KALED60U93ND","LCD",0.3,60.10354330708662
"KOGAN","D60S218-U-T2-W","LCD",0.3,60.10354330708662
"SAMSUNG","QA83S90CAE","LCD (LED)",0.5,82.51377952755905
"SAMSUNG","QA83S**CA*","LCD (LED)",0.5,82.51377952755905
"SAMSUNG","QA83S89CAW","LCD (LED)",0.5,82.51377952755905
"SAMSUNG","QA83S89CAS","LCD (LED)",0.5,82.51377952755905
"HISENSE","55U6KAU","LCD (LED)",0.301,54.63897637795275
"HISENSE","55U6KNZ","LCD (LED)",0.301,54.63897637795275
"HISENSE","65U6KAU","LCD (LED)",0.306,64.5259842519685
"HISENSE","65U6KNZ","LCD (LED)",0.306,64.5259842519685
"HISENSE","75U6KAU","LCD (LED)",0.326,74.51732283464567
"HISENSE","75U6KNZ","LCD (LED)",0.326,74.51732283464567
"HISENSE","55U6K series","LCD (LED)",0.301,54.63897637795275
"HISENSE","65U6K series","LCD (LED)",0.306,64.5259842519685
"HISENSE","75U6K series","LCD (LED)",0.326,74.51732283464567
"BLAUPUNKT","BP650USG9800","LCD (LED)",0.3764,64.5259842519685
"EKO","K650UGT","LCD (LED)",0.3764,64.5259842519685
"BLAUPUNKT","BP550USG9800","LCD (LED)",0.2546,54.63897637795275
"EKO","K550UGT","LCD (LED)",0.2546,54.63897637795275
"BLAUPUNKT","BP500USG9800","LCD",0.38,49.31141732283465
"EKO","K240HSG","LCD",0.25,23.53307086614173
"BLAUPUNKT","BP240HSG9800","LCD",0.21,23.53307086614173
"PHILIPS","55PUT7428/79","LCD (LED)",0.48,54.64488188976378
"PHILIPS","43PUT7428/79","LCD (LED)",0.41,42.5
"PHILIPS","43PFT6918/79","LCD (LED)",0.39,42.5
"TAVICE","65DF","LCD",0.39,64.50393700787401
"KODAK","KD65G11","LCD",0.354,64.2251968503937
"BAUHN","ATV40FHDG-1123","LCD (LED)",0.35,39.49015748031496
"JVC","AV-J323142A","LCD",0.39,31.511417322834646
"FFALCON","FF65U63","LCD (LED)",0.288,64.4996062992126
"FFALCON","FF75U63","LCD (LED)",0.291,74.52992125984252
"FFALCON","FF43U63","LCD (LED)",0.365,42.5
"SAMSUNG","QA65QE1CAW","LCD (LED)",0.5,64.52637795275591
"SAMSUNG","QA65QE1CAS","LCD (LED)",0.5,64.52637795275591
"SAMSUNG","QA65QE1CA*","LCD (LED)",0.5,64.52637795275591
"TCL","50C845","LCD (LED)",0.333,49.463779527559055
"EKO","K400FSG","LCD (LED)",0.4,39.511811023622045
"EKO","K400FAT","LCD (LED)",0.4,39.511811023622045
"EKO","K240HGT","LCD",0.21,23.53307086614173
"KOGAN","KALED65R94KA","LCD (LED)",0.391,64.53385826771654
"KOGAN","KALED65R94KB","LCD (LED)",0.391,64.53385826771654
"KOGAN","KALED65R94KC","LCD (LED)",0.391,64.53385826771654
"KOGAN","KALED65R94KD","LCD (LED)",0.391,64.53385826771654
"KOGAN","KALED65R94K*","LCD (LED)",0.391,64.53385826771654
"HISENSE","75UXAU","LCD (LED)",0.326,74.54330708661418
"HISENSE","85UXAU","LCD (LED)",0.315,84.56023622047243
"HISENSE","85UXNZ","LCD (LED)",0.315,84.56023622047243
"HISENSE","70A6KAU","LCD (LED)",0.337,69.51574803149606
"HISENSE","58A6KAU","LCD (LED)",0.317,57.50708661417323
"HISENSE","75UXNZ","LCD (LED)",0.326,74.54330708661418
"HISENSE","75UX series","LCD (LED)",0.326,74.54330708661418
"HISENSE","85UX series","LCD (LED)",0.315,84.56023622047243
"EKO","K320HAT","LCD (LED)",0.4,31.493700787401576
"LINSAR","LS86UHDNF23","LCD",0.41,85.60039370078741
"SVISION","SC32HSG","LCD (LED)",0.4,31.493700787401576
"EKO","K240HAT","LCD (LED)",0.4,23.541732283464565
"JVC","AV-JQ757115A","LCD (LED)",0.38,74.54330708661418
"AKAI","AK6522S7TZN","LCD",0.49,64.50905511811024
"EKO","K500UAT","LCD",0.37,49.49803149606299
"TCL","98C845","LCD (LED)",0.354,97.48188976377953
"JVC","AV-J987145A","LCD (LED)",0.98,98.27007874015747
"AKAI","AK2422S7WOS","LCD (LED)",0.2,23.53307086614173
"AKAI","AK24**S7WOS","LCD (LED)",0.2,23.53307086614173
"AKAI","AK2423S7WOS","LCD (LED)",0.2,23.53307086614173
"BLAUPUNKT","BP4000HDV7100","LCD",0.38,39.5011811023622
"SAMSUNG","UA85CU7000S","LCD (LED)",0.5,84.56023622047243
"SAMSUNG","UA85CU7100S","LCD (LED)",0.5,84.56023622047243
"SAMSUNG","UA85CU7*00S","LCD (LED)",0.5,84.56023622047243
"AKAI","AK3223S7WOS","LCD",0.25,31.517322834645668
"BLAUPUNKT","BP750USG9800","LCD",0.392,74.18267716535433
"SAMSUNG","UA43CU7000S","LCD (LED)",0.5,42.514566929133856
"SAMSUNG","UA43CU7100S","LCD (LED)",0.5,42.514566929133856
"SAMSUNG","UA43CU7*00S","LCD (LED)",0.5,42.514566929133856
"SAMSUNG","UA65CU7000S","LCD (LED)",0.5,64.52637795275591
"SAMSUNG","UA65CU7100S","LCD (LED)",0.5,64.52637795275591
"SAMSUNG","UA65CU7*00S","LCD (LED)",0.5,64.52637795275591
"SAMSUNG","UA75CU7000S","LCD (LED)",0.5,74.54251968503937
"SAMSUNG","UA75CU7100S","LCD (LED)",0.5,74.54251968503937
"SAMSUNG","UA75CU7*00S","LCD (LED)",0.5,74.54251968503937
"SAMSUNG","UA50CU7000S","LCD (LED)",0.5,49.4988188976378
"SAMSUNG","UA50CU7100S","LCD (LED)",0.5,49.4988188976378
"SAMSUNG","UA50CU7*00S","LCD (LED)",0.5,49.4988188976378
"SAMSUNG","UA55CU7000S","LCD (LED)",0.5,54.63897637795275
"SAMSUNG","UA55CU7100S","LCD (LED)",0.5,54.63897637795275
"SAMSUNG","UA55CU7*00S","LCD (LED)",0.5,54.63897637795275
"PHILIPS","75HFL5214U/97","LCD (LED)",0.29,74.52992125984252
"JVC","LT-50NQ7145A","LCD",0.38,49.49803149606299
"JVC","LT-55NQ7145A","LCD",0.36,54.64488188976378
"KOGAN","KALED55R94KA","LCD (LED)",0.382,54.50354330708661
"KOGAN","KALED55R94KB","LCD (LED)",0.382,54.50354330708661
"KOGAN","KALED55R94KC","LCD (LED)",0.382,54.50354330708661
"KOGAN","KALED55R94KD","LCD (LED)",0.382,54.50354330708661
"KOGAN","KALED55R94****","LCD (LED)",0.382,54.50354330708661
"KOGAN","KALED50R94KA","LCD (LED)",0.395,49.53228346456693
"KOGAN","KALED50R94KB","LCD (LED)",0.395,49.53228346456693
"KOGAN","KALED50R94KC","LCD (LED)",0.395,49.53228346456693
"KOGAN","KALED50R94KD","LCD (LED)",0.395,49.53228346456693
"KOGAN","KALED50R94****","LCD (LED)",0.395,49.53228346456693
"BLAUPUNKT","BP650USG9800","LCD (LED)",0.307698,64.5259842519685
"EKO","K650UGT","LCD (LED)",0.307698,64.5259842519685
"EKO","K55USWQ2","LCD",0.45,54.63897637795275
"SYLVOX","OT75A2KEGC","LCD (LED)",0.39,74.54330708661418
"LG","43UM662H0LC","LCD (LED)",0.4,42.514566929133856
"LG","50UM662H0LC","LCD (LED)",0.4,49.4988188976378
"LG","55UM662H0LC","LCD (LED)",0.4,54.63897637795275
"LG","65UM662H0LC","LCD (LED)",0.4,64.52637795275591
"BLAUPUNKT","BP420FSG9700","LCD (LED)",0.44,41.50472440944882
"EKO","K50USW3","LCD (LED)",0.37,49.5003937007874
"BLAUPUNKT","BP500USG9700","LCD (LED)",0.31,49.5003937007874
"EKO","K320HATTA","LCD (LED)",0.41662,31.511417322834646
"SAMSUNG","HG50CU700AW","LCD (LED)",0.5,49.4988188976378
"SAMSUNG","HG55CU700AW","LCD (LED)",0.5,54.63897637795275
"JVC","LT-32N3115A11N","LCD",0.255,31.536614173228344
"EKO","K650USGQ2","LCD",0.4,64.5488188976378
"EKO","K650UGTQ","LCD",0.4,64.5488188976378
"LINSAR","LS70UHDNF","LCD (LED)",0.51,69.5244094488189
"SAMSUNG","HG43CU700AW","LCD (LED)",0.5,42.514566929133856
"SAMSUNG","HG65CU700AW","LCD (LED)",0.5,64.52637795275591
"LINSAR","LS65UHDZEN","LCD",0.49,64.50905511811024
"SAMSUNG","HG75CU700AW","LCD (LED)",0.5,74.54251968503937
"JVC","LT-70N7145A","LCD (LED)",0.33,69.51299212598424
"KOGAN","KAQL65XQ98GSTA","LCD (LED)",0.4,64.4996062992126
"KOGAN","KAQL65XQ98GSTB","LCD (LED)",0.4,64.4996062992126
"KOGAN","KAQL65XQ98GSTC","LCD (LED)",0.4,64.4996062992126
"KOGAN","KAQL65XQ98GSTD","LCD (LED)",0.4,64.4996062992126
"KOGAN","KAQL65XQ98GSTE","LCD (LED)",0.4,64.4996062992126
"KOGAN","KAQL65XQ98GST*","LCD (LED)",0.4,64.4996062992126
"LINSAR","LS50UHDNF23","LCD (LED)",0.3,50.10196850393701
"JVC","LT-40N5115A11E","LCD (LED)",0.4,39.511811023622045
"EKO","K320HGT","LCD (LED)",0.49038,31.511417322834646
"BLAUPUNKT","BP320HSG9800","LCD (LED)",0.49038,31.511417322834646
"LINSAR","LS55UHDNF23","LCD (LED)",0.31,54.63897637795275
"LINSAR","LS60UHDNF23","LCD",0.31,60.10354330708662
"LINSAR","LS65UHDNF23","LCD (LED)",0.3,64.94527559055119
"LINSAR","LS70UHDNF23","LCD (LED)",0.37,69.50275590551182
"EKO","K400FGT","LCD (LED)",0.4441,39.5007874015748
"BLAUPUNKT","BP400FSG9800","LCD (LED)",0.4441,39.5007874015748
"JVC","AV-H437115A11N","LCD",0.313,42.5
"JVC","AV-H323115A11N","LCD",0.255,31.536614173228344
"JVC","LT-55NQ7145AN","LCD",0.368,54.64488188976378
"JVC","LT-43N5135AN","LCD",0.256,42.519291338582676
"SONY","K-50S30","LCD (LED)",0.5,49.49803149606299
"JVC","LT-50NQ7145AN","LCD",0.391,49.49803149606299
"SAMSUNG","QA75QN90DAW","LCD (LED)",0.5,74.54251968503937
"SAMSUNG","QA75QN90DAS","LCD (LED)",0.5,74.54251968503937
"SAMSUNG","QA75QN90DA*","LCD (LED)",0.5,74.54251968503937
"BAUHN","ATV24HDW-0224","LCD",0.2,23.53307086614173
"BAUHN","ATV55UHDW-0124","LCD (LED)",0.277,54.63897637795275
"EKO","K420FAT","LCD (LED)",0.44,41.50433070866142
"BAUHN","ATV40UHDW-0124","LCD (LED)",0.27,39.97992125984252
"BAUHN","ATV40UHDW-0324","LCD (LED)",0.27,39.97992125984252
"BAUHN","ATV40UHDW-****","LCD (LED)",0.27,39.97992125984252
"KOGAN","KAQL98XQ98GSTA","LCD (LED)",0.4,97.51614173228346
"KOGAN","KAQL98XQ98GSTB","LCD (LED)",0.4,97.51614173228346
"KOGAN","KAQL98XQ98GSTC","LCD (LED)",0.4,97.51614173228346
"KOGAN","KAQL98XQ98GSTD","LCD (LED)",0.4,97.51614173228346
"KOGAN","KAQL98XQ98GSTE","LCD (LED)",0.4,97.51614173228346
"KOGAN","KAQL98XQ98GST*","LCD (LED)",0.4,97.51614173228346
"SAMSUNG","QA65QN800DW","LCD (LED)",0.5,64.52637795275591
"SAMSUNG","QA65QN800DS","LCD (LED)",0.5,64.52637795275591
"SAMSUNG","QA65QN800D*","LCD (LED)",0.5,64.52637795275591
"SAMSUNG","QA75QN800DW","LCD (LED)",0.5,74.54251968503937
"SAMSUNG","QA75QN800DS","LCD (LED)",0.5,74.54251968503937
"SAMSUNG","QA75QN800D*","LCD (LED)",0.5,74.54251968503937
"SAMSUNG","QA85QN90DAW","LCD (LED)",0.5,84.56023622047243
"SAMSUNG","QA85QN90DAS","LCD (LED)",0.5,84.56023622047243
"SAMSUNG","QA85QN90DA*","LCD (LED)",0.5,84.56023622047243
"LG","43QNED80T6A","LCD (LED)",0.4,42.514566929133856
"LG","43QNED81TSA","LCD (LED)",0.4,42.514566929133856
"LG","50QNED81TSA","LCD (LED)",0.4,49.4988188976378
"LG","55QNED81TSA","LCD (LED)",0.4,54.63897637795275
"LG","55QNED86T6A","LCD (LED)",0.4,54.63897637795275
"LG","55QNED86TSA","LCD (LED)",0.4,54.63897637795275
"LG","65QNED80T6A","LCD (LED)",0.4,64.52637795275591
"LG","65QNED81TSA","LCD (LED)",0.4,64.52637795275591
"LG","75QNED80T6A","LCD (LED)",0.4,74.51771653543307
"LG","75QNED81TSA","LCD (LED)",0.4,74.51771653543307
"LG","OLED42C4PSA","OLED",0.4,41.54330708661417
"LG","OLED42C44LA","OLED",0.4,41.54330708661417
"LG","OLED48C4PSA","OLED",0.4,47.52795275590551
"LG","OLED48C46LA","OLED",0.4,47.52795275590551
"LG","OLED55C4PSA","OLED",0.4,54.63897637795275
"LG","OLED55C46LA","OLED",0.4,54.63897637795275
"LG","OLED55G4PSA","OLED",0.4,54.63897637795275
"LG","OLED55G46LA","OLED",0.4,54.63897637795275
"LG","OLED65B4PSA","OLED",0.4,64.52637795275591
"LG","OLED65B46LA","OLED",0.4,64.52637795275591
"LG","OLED65G4PSA","OLED",0.4,64.52637795275591
"LG","OLED65G46LA","OLED",0.4,64.52637795275591
"LG","OLED77G4PSA","OLED",0.4,76.66850393700787
"LG","OLED77G46LA","OLED",0.4,76.66850393700787
"SAMSUNG","QA55QN90DAW","LCD (LED)",0.5,54.63897637795275
"SAMSUNG","QA55QN90DAS","LCD (LED)",0.5,54.63897637795275
"SAMSUNG","QA55QN90DA*","LCD (LED)",0.5,54.63897637795275
"SAMSUNG","QA65QN90DAW","LCD (LED)",0.5,66.59527559055117
"SAMSUNG","QA65QN90DAS","LCD (LED)",0.5,66.59527559055117
"SAMSUNG","QA65QN90DA*","LCD (LED)",0.5,66.59527559055117
"JVC","LT-40N7145A","LCD (LED)",0.36,39.96456692913386
"LINSAR","LS32HDNF23","LCD",0.29,31.512992125984255
"SAMSUNG","QA43QN90DAW","LCD (LED)",0.5,42.514566929133856
"SAMSUNG","QA43QN90DAS","LCD (LED)",0.5,42.514566929133856
"SAMSUNG","QA43QN90DA*","LCD (LED)",0.5,42.514566929133856
"AKAI","AK3223S7WOS","LCD",0.29,31.512992125984255
"BAUHN","ATV75UHDW-0324","LCD (LED)",0.34,74.54488188976377
"SONY","K-55XR70","LCD (LED)",0.5,54.64488188976378
"SONY","K-65XR70","LCD (LED)",0.5,64.51889763779526
"LG","50QNED80T6A","LCD (LED)",0.4,49.4988188976378
"LG","55QNED80T6A","LCD (LED)",0.4,54.63897637795275
"KOGAN","KALED42F98TA","LCD (LED)",0.4,41.48818897637795
"KOGAN","KALED42F98TB","LCD (LED)",0.4,41.48818897637795
"KOGAN","KALED42F98TC","LCD (LED)",0.4,41.48818897637795
"KOGAN","KALED42F98TD","LCD (LED)",0.4,41.48818897637795
"KOGAN","KALED42F98TE","LCD (LED)",0.4,41.48818897637795
"KOGAN","KALED42F98TF","LCD (LED)",0.4,41.48818897637795
"KOGAN","KALED42F98T*","LCD (LED)",0.4,41.48818897637795
"KOGAN","KALED24R98TA","LCD (LED)",0.22,23.53307086614173
"KOGAN","KALED24R98TB","LCD (LED)",0.22,23.53307086614173
"KOGAN","KALED24R98TC","LCD (LED)",0.22,23.53307086614173
"KOGAN","KALED24R98TD","LCD (LED)",0.22,23.53307086614173
"KOGAN","KALED24R98TE","LCD (LED)",0.22,23.53307086614173
"KOGAN","KALED24R98T*","LCD (LED)",0.22,23.53307086614173
"SAMSUNG","QA98QN90DAW","LCD (LED)",0.5,97.51850393700788
"SAMSUNG","QA98QN90DAS","LCD (LED)",0.5,97.51850393700788
"SAMSUNG","QA98QN90DA*","LCD (LED)",0.5,97.51850393700788
"SAMSUNG","QA55S90DAW","LCD (LED)",0.5,54.63897637795275
"SAMSUNG","QA55S90DAS","LCD (LED)",0.5,54.63897637795275
"SAMSUNG","QA55S90DA*","LCD (LED)",0.5,54.63897637795275
"SAMSUNG","QA65QN85DBW","LCD (LED)",0.5,64.52637795275591
"SAMSUNG","QA65QN85DBS","LCD (LED)",0.5,64.52637795275591
"SAMSUNG","QA65QN85DB*","LCD (LED)",0.5,64.52637795275591
"SAMSUNG","QA65QN80DAW","LCD (LED)",0.5,64.52637795275591
"SAMSUNG","QA65QN80DAS","LCD (LED)",0.5,64.52637795275591
"SAMSUNG","QA65QN80DA*","LCD (LED)",0.5,64.52637795275591
"LOEWE","BILD i77","OLED",0.27,76.43267716535433
"HISENSE","100U7KAU","LCD (LED)",0.35,99.52125984251968
"HISENSE","100U7KNZ","LCD (LED)",0.35,99.52125984251968
"HISENSE","100U7K series","LCD (LED)",0.35,99.52125984251968
"SONY","K-43S30","LCD (LED)",0.5,42.5
"JVC","LT-32N3115A11E","LCD (LED)",0.4,31.493700787401576
"JVC","LT-43N5135AE","LCD (LED)",0.36,42.4988188976378
"SAMSUNG","QA75Q60DAW","LCD (LED)",0.5,74.54251968503937
"SAMSUNG","QA75Q60DAS","LCD (LED)",0.5,74.54251968503937
"SAMSUNG","QA75Q65DAW","LCD (LED)",0.5,74.54251968503937
"SAMSUNG","QA75Q65DAS","LCD (LED)",0.5,74.54251968503937
"SAMSUNG","QA75Q6*DA*","LCD (LED)",0.5,74.54251968503937
"SAMSUNG","QA55Q60DAW","LCD (LED)",0.5,54.63897637795275
"SAMSUNG","QA55Q60DAS","LCD (LED)",0.5,54.63897637795275
"SAMSUNG","QA55Q65DAW","LCD (LED)",0.5,54.63897637795275
"SAMSUNG","QA55Q65DAS","LCD (LED)",0.5,54.63897637795275
"SAMSUNG","QA55Q6*DA*","LCD (LED)",0.5,54.63897637795275
"SAMSUNG","QA50Q60DAS","LCD (LED)",0.5,49.4988188976378
"SAMSUNG","QA50Q65DAS","LCD (LED)",0.5,49.4988188976378
"SAMSUNG","QA50Q6*DAS","LCD (LED)",0.5,49.4988188976378
"SAMSUNG","QA85Q60DAW","LCD (LED)",0.5,84.56023622047243
"SAMSUNG","QA85Q60DAS","LCD (LED)",0.5,84.56023622047243
"SAMSUNG","QA85Q65DAW","LCD (LED)",0.5,84.56023622047243
"SAMSUNG","QA85Q65DAS","LCD (LED)",0.5,84.56023622047243
"SAMSUNG","QA85Q6*DA*","LCD (LED)",0.5,84.56023622047243
"SAMSUNG","QA65Q60DAW","LCD (LED)",0.5,64.52637795275591
"SAMSUNG","QA65Q60DAS","LCD (LED)",0.5,64.52637795275591
"SAMSUNG","QA65Q65DAW","LCD (LED)",0.5,64.52637795275591
"SAMSUNG","QA65Q65DAS","LCD (LED)",0.5,64.52637795275591
"SAMSUNG","QA65Q6*DA*","LCD (LED)",0.5,64.52637795275591
"SAMSUNG","QA43Q60DAS","LCD (LED)",0.5,42.514566929133856
"SAMSUNG","QA43Q65DAS","LCD (LED)",0.5,42.514566929133856
"SAMSUNG","QA43Q6*DAS","LCD (LED)",0.5,42.514566929133856
"SAMSUNG","QA50QN90DAW","LCD (LED)",0.5,49.4988188976378
"SAMSUNG","QA50QN90DAS","LCD (LED)",0.5,49.4988188976378
"SAMSUNG","QA50QN90DA*","LCD (LED)",0.5,49.4988188976378
"SONY","K-75XR70","LCD (LED)",0.5,74.52992125984252
"SONY","K-85XR70","LCD (LED)",0.5,84.56023622047243
"SAMSUNG","QA85QN800DW","LCD (LED)",0.5,84.56023622047243
"SAMSUNG","QA85QN800DS","LCD (LED)",0.5,84.56023622047243
"SAMSUNG","QA85QN800D*","LCD (LED)",0.5,84.56023622047243
"SAMSUNG","UA85DU8000W","LCD (LED)",0.5,84.56023622047243
"SAMSUNG","UA85DU8000S","LCD (LED)",0.5,84.56023622047243
"SAMSUNG","UA85DU8000*","LCD (LED)",0.5,84.56023622047243
"SAMSUNG","QA55Q80DAW","LCD (LED)",0.5,54.63897637795275
"SAMSUNG","QA55Q80DAS","LCD (LED)",0.5,54.63897637795275
"SAMSUNG","QA55Q80DA*","LCD (LED)",0.5,54.63897637795275
"SAMSUNG","QA85Q70DAW","LCD (LED)",0.5,84.56023622047243
"SAMSUNG","QA85Q70DAS","LCD (LED)",0.5,84.56023622047243
"SAMSUNG","QA85Q70DA*","LCD (LED)",0.5,84.56023622047243
"SAMSUNG","QA77S95DAW","LCD (LED)",0.5,76.84133858267717
"SAMSUNG","QA77S95DAS","LCD (LED)",0.5,76.84133858267717
"SAMSUNG","QA77S95DA*","LCD (LED)",0.5,76.84133858267717
"KOGAN","KALED50U94VA","LCD (LED)",0.4,49.5003937007874
"KOGAN","KALED50U94VB","LCD (LED)",0.4,49.5003937007874
"KOGAN","KALED50U94VC","LCD (LED)",0.4,49.5003937007874
"KOGAN","KALED50U94V*","LCD (LED)",0.4,49.5003937007874
"LG","43UT8050PSB","LCD (LED)",0.4,42.514566929133856
"LG","43UT80506LA","LCD (LED)",0.4,42.514566929133856
"LG","43UT81006LA","LCD (LED)",0.4,42.514566929133856
"LG","50UT8050PSB","LCD (LED)",0.4,49.4988188976378
"LG","50UT80506LA","LCD (LED)",0.4,49.4988188976378
"LG","50UT81006LA","LCD (LED)",0.4,49.4988188976378
"LG","55UT8050PSB","LCD (LED)",0.4,54.63897637795275
"LG","55UT80506LA","LCD (LED)",0.4,54.63897637795275
"LG","55UT81006LA","LCD (LED)",0.4,54.63897637795275
"LG","65UT8050PSB","LCD (LED)",0.4,64.52637795275591
"LG","65UT80506LA","LCD (LED)",0.4,64.52637795275591
"LG","65UT81006LA","LCD (LED)",0.4,64.52637795275591
"LG","75UT8050PSB","LCD (LED)",0.4,74.51771653543307
"LG","75UT81006LA","LCD (LED)",0.4,74.51771653543307
"LG","86UT8050PSB","LCD (LED)",0.4,85.60039370078741
"LG","86UT80506LA","LCD (LED)",0.4,85.60039370078741
"LG","86UT81006LA","LCD (LED)",0.4,85.60039370078741
"LG","50QNED86TSA","LCD (LED)",0.4,49.4988188976378
"LG","65QNED86TSA","LCD (LED)",0.4,64.52637795275591
"LG","65QNED91TSA","LCD (LED)",0.4,64.52637795275591
"LG","75QNED86TSA","LCD (LED)",0.4,74.51771653543307
"LG","75QNED91TSA","LCD (LED)",0.4,74.51771653543307
"LG","86QNED91TSA","LCD (LED)",0.4,85.60039370078741
"LG","OLED48B46LA","OLED",0.4,47.52795275590551
"LG","OLED55B4PSA","OLED",0.4,54.63897637795275
"LG","OLED55B46LA","OLED",0.4,54.63897637795275
"LG","OLED65C4PSA","OLED",0.4,64.52637795275591
"LG","OLED77B4PSA","OLED",0.4,76.66850393700787
"LG","OLED77C4PSA","OLED",0.4,76.66850393700787
"LG","OLED83G4PSA","OLED",0.4,82.51377952755905
"AKAI","AK7523S7WOS","LCD (LED)",0.34,74.54488188976377
"LG","50QNED86T6A","LCD (LED)",0.4,49.4988188976378
"LG","65QNED86T6A","LCD (LED)",0.4,64.5259842519685
"LG","65QNED91T6A","LCD (LED)",0.4,64.5259842519685
"LG","86QNED86T6A","LCD (LED)",0.4,85.6011811023622
"LG","86QNED86TSA","LCD (LED)",0.4,85.6011811023622
"LG","86QNED91T6A","LCD (LED)",0.4,85.6011811023622
"LG","OLED65C46LA","OLED",0.4,64.5259842519685
"TCL","85X925 PRO","LCD (LED)",0.467,84.56023622047243
"LG","OLED77B46LA","OLED",0.4,76.66811023622047
"LG","OLED77C46LA","OLED",0.4,76.66811023622047
"LG","OLED83G46LA","OLED",0.4,82.51338582677165
"LG","75QNED86T6A","LCD (LED)",0.4,74.51771653543307
"LG","75QNED91T6A","LCD (LED)",0.4,74.51771653543307
"SAMSUNG","QA75Q80DAW","LCD (LED)",0.5,74.54251968503937
"SAMSUNG","QA75Q80DAS","LCD (LED)",0.5,74.54251968503937
"SAMSUNG","QA75Q80DA*","LCD (LED)",0.5,74.54251968503937
"SAMSUNG","QA85Q80DAW","LCD (LED)",0.5,84.56023622047243
"SAMSUNG","QA85Q80DAS","LCD (LED)",0.5,84.56023622047243
"SAMSUNG","QA85Q80DA*","LCD (LED)",0.5,84.56023622047243
"SAMSUNG","QA65Q80DAW","LCD (LED)",0.5,64.52637795275591
"SAMSUNG","QA65Q80DAS","LCD (LED)",0.5,64.52637795275591
"SAMSUNG","QA65Q80DA*","LCD (LED)",0.5,64.52637795275591
"SAMSUNG","QA50Q80DAW","LCD (LED)",0.5,49.4988188976378
"SAMSUNG","QA50Q80DAS","LCD (LED)",0.5,49.4988188976378
"SAMSUNG","QA50Q80DA*","LCD (LED)",0.5,49.4988188976378
"SAMSUNG","QA65S90DAW","LCD (LED)",0.5,64.52637795275591
"SAMSUNG","QA65S90DAS","LCD (LED)",0.5,64.52637795275591
"SAMSUNG","QA65S90DA*","LCD (LED)",0.5,64.52637795275591
"SAMSUNG","QA65S95DAW","LCD (LED)",0.5,64.52637795275591
"SAMSUNG","QA65S95DAS","LCD (LED)",0.5,64.52637795275591
"SAMSUNG","QA65S95DA*","LCD (LED)",0.5,64.52637795275591
"SAMSUNG","QA55S95DAW","LCD (LED)",0.5,54.63897637795275
"SAMSUNG","QA55S95DAS","LCD (LED)",0.5,54.63897637795275
"SAMSUNG","QA55S95DA*","LCD (LED)",0.5,54.63897637795275
"SAMSUNG","QA55Q70DAW","LCD (LED)",0.5,54.63897637795275
"SAMSUNG","QA55Q70DAS","LCD (LED)",0.5,54.63897637795275
"SAMSUNG","QA55Q70DA*","LCD (LED)",0.5,54.63897637795275
"SAMSUNG","QA65Q70DAW","LCD (LED)",0.5,64.52637795275591
"SAMSUNG","QA65Q70DAS","LCD (LED)",0.5,64.52637795275591
"SAMSUNG","QA65Q70DA*","LCD (LED)",0.5,64.52637795275591
"SAMSUNG","QA75Q70DAW","LCD (LED)",0.5,74.54251968503937
"SAMSUNG","QA75Q70DAS","LCD (LED)",0.5,74.54251968503937
"SAMSUNG","QA75Q70DA*","LCD (LED)",0.5,74.54251968503937
"SAMSUNG","QA55QE1DAS","LCD (LED)",0.5,54.63897637795275
"SAMSUNG","QA43LS03DAW","LCD (LED)",0.5,42.514566929133856
"SAMSUNG","QA43LS03DAS","LCD (LED)",0.5,42.514566929133856
"SAMSUNG","QA43LS03DA*","LCD (LED)",0.5,42.514566929133856
"SAMSUNG","QA75QN900DW","LCD (LED)",0.5,74.54251968503937
"SAMSUNG","QA75QN900DS","LCD (LED)",0.5,74.54251968503937
"SAMSUNG","QA75QN900D*","LCD (LED)",0.5,74.54251968503937
"SAMSUNG","QA55QN85DBW","LCD (LED)",0.5,54.63897637795275
"SAMSUNG","QA55QN85DBS","LCD (LED)",0.5,54.63897637795275
"SAMSUNG","QA55QN85DB*","LCD (LED)",0.5,54.63897637795275
"SAMSUNG","QA55QN87DAW","LCD (LED)",0.5,54.63897637795275
"SAMSUNG","QA55QN87DAS","LCD (LED)",0.5,54.63897637795275
"SAMSUNG","QA55QN87DA*","LCD (LED)",0.5,54.63897637795275
"SAMSUNG","QA50LS03DAW","LCD (LED)",0.5,49.4988188976378
"SAMSUNG","QA50LS03DAS","LCD (LED)",0.5,49.4988188976378
"SAMSUNG","QA50LS03DA*","LCD (LED)",0.5,49.4988188976378
"SAMSUNG","QA55LS03DAW","LCD (LED)",0.5,54.63897637795275
"SAMSUNG","QA55LS03DAS","LCD (LED)",0.5,54.63897637795275
"SAMSUNG","QA55LS03DA*","LCD (LED)",0.5,54.63897637795275
"SAMSUNG","QA65LS03DAW","LCD (LED)",0.5,64.52637795275591
"SAMSUNG","QA65LS03DAS","LCD (LED)",0.5,64.52637795275591
"SAMSUNG","QA65LS03DA*","LCD (LED)",0.5,64.52637795275591
"SAMSUNG","QA75LS03DAW","LCD (LED)",0.5,74.54251968503937
"SAMSUNG","QA75LS03DAS","LCD (LED)",0.5,74.54251968503937
"SAMSUNG","QA75LS03DA*","LCD (LED)",0.5,74.54251968503937
"SAMSUNG","QA65QN900DW","LCD (LED)",0.5,64.52637795275591
"SAMSUNG","QA65QN900DS","LCD (LED)",0.5,64.52637795275591
"SAMSUNG","QA65QN900D*","LCD (LED)",0.5,64.52637795275591
"SAMSUNG","QA85LS03DAW","LCD (LED)",0.5,84.56023622047243
"SAMSUNG","QA85LS03DAS","LCD (LED)",0.5,84.56023622047243
"SAMSUNG","QA85LS03DA*","LCD (LED)",0.5,84.56023622047243
"LG","43NANO81TSA","LCD (LED)",0.4,42.514566929133856
"LG","50NANO81TSA","LCD (LED)",0.4,49.4988188976378
"LG","55NANO81TSA","LCD (LED)",0.4,54.63897637795275
"LG","65NANO81TSA","LCD (LED)",0.4,64.52637795275591
"LG","75NANO81TSA","LCD (LED)",0.4,74.51771653543307
"LG","86NANO81TSA","LCD (LED)",0.4,85.6011811023622
"LG","86QNED80T6A","LCD (LED)",0.4,85.6011811023622
"LG","86QNED81TSA","LCD (LED)",0.4,85.6011811023622
"LG","OLED83C4PSA","OLED",0.4,82.51377952755905
"LG","OLED83C46LA","OLED",0.4,82.51377952755905
"SAMSUNG","QA85QN87DAW","LCD (LED)",0.5,84.56023622047243
"SAMSUNG","QA85QN87DAS","LCD (LED)",0.5,84.56023622047243
"SAMSUNG","QA85QN87DA*","LCD (LED)",0.5,84.56023622047243
"SAMSUNG","QA75QN87DAW","LCD (LED)",0.5,74.54251968503937
"SAMSUNG","QA75QN87DAS","LCD (LED)",0.5,74.54251968503937
"SAMSUNG","QA75QN87DA*","LCD (LED)",0.5,74.54251968503937
"SONY","K-55S30","LCD (LED)",0.5,54.64488188976378
"SONY","K-65S30","LCD (LED)",0.5,64.51889763779526
"SAMSUNG","QA75QN85DBW","LCD (LED)",0.5,74.54251968503937
"SAMSUNG","QA75QN85DBS","LCD (LED)",0.5,74.54251968503937
"SAMSUNG","QA75QN85DB*","LCD (LED)",0.5,74.54251968503937
"SAMSUNG","QA85QN85DBW","LCD (LED)",0.5,84.56023622047243
"SAMSUNG","QA85QN85DBS","LCD (LED)",0.5,84.56023622047243
"SAMSUNG","QA85QN85DB*","LCD (LED)",0.5,84.56023622047243
"DYNALINK","S 8866","LCD",0.6,23.55236220472441
"TECO","LED65AUSRC","LCD (LED)",0.4,64.4996062992126
"AIWA","AW240DVD","LCD",0.39,23.55275590551181
"SAMSUNG","QA75QE1DAW","LCD (LED)",0.5,74.54251968503937
"SAMSUNG","QA75QE1DAS","LCD (LED)",0.5,74.54251968503937
"SAMSUNG","QA75QE1DA*","LCD (LED)",0.5,74.54251968503937
"SAMSUNG","QA85QE1DAS","LCD (LED)",0.5,84.56023622047243
"SAMSUNG","UA65DU7000S","LCD (LED)",0.5,64.52637795275591
"SAMSUNG","UA75DU7000S","LCD (LED)",0.5,74.54251968503937
"HISENSE","75U7NAU","LCD (LED)",0.34,74.54330708661418
"HISENSE","75U7NNZ","LCD (LED)",0.34,74.54330708661418
"HISENSE","65U7NAU","LCD (LED)",0.33,64.4996062992126
"HISENSE","65U7NNZ","LCD (LED)",0.33,64.4996062992126
"HISENSE","55U7NAU","LCD (LED)",0.29,54.63897637795275
"HISENSE","55U7NNZ","LCD (LED)",0.29,54.63897637795275
"HISENSE","65U7N series","LCD (LED)",0.33,64.4996062992126
"HISENSE","75U7N series","LCD (LED)",0.34,74.54330708661418
"BAUHN","ATV50UHDW-0424","LCD (LED)",0.3,50.10196850393701
"SAMSUNG","UA85DU7000S","LCD (LED)",0.5,84.56023622047243
"SAMSUNG","QA55QN80DAW","LCD (LED)",0.5,54.63897637795275
"SAMSUNG","QA55QN80DAS","LCD (LED)",0.5,54.63897637795275
"SAMSUNG","QA55QN80DA*","LCD (LED)",0.5,54.63897637795275
"SONY","K-75S30","LCD (LED)",0.5,74.52992125984252
"SAMSUNG","QA65QN87DAW","LCD (LED)",0.5,64.52637795275591
"SAMSUNG","QA65QN87DAS","LCD (LED)",0.5,64.52637795275591
"SAMSUNG","QA65QN87DA*","LCD (LED)",0.5,64.52637795275591
"SONY","K-85S30","LCD (LED)",0.5,84.56023622047243
"SAMSUNG","QA85QN900DW","LCD (LED)",0.5,84.56023622047243
"SAMSUNG","QA85QN900DS","LCD (LED)",0.5,84.56023622047243
"SAMSUNG","QA85QN900D*","LCD (LED)",0.5,84.56023622047243
"SAMSUNG","UA65DU7000W","LCD (LED)",0.5,64.52637795275591
"SAMSUNG","UA65DU7700S","LCD (LED)",0.5,64.52637795275591
"SAMSUNG","UA65DU7700W","LCD (LED)",0.5,64.52637795275591
"SAMSUNG","UA75DU7000W","LCD (LED)",0.5,74.54251968503937
"SAMSUNG","UA75DU7700S","LCD (LED)",0.5,74.54251968503937
"SAMSUNG","UA75DU7700W","LCD (LED)",0.5,74.54251968503937
"SAMSUNG","UA75DU7*00*","LCD (LED)",0.5,74.54251968503937
"SAMSUNG","UA85DU7000W","LCD (LED)",0.5,84.56023622047243
"SAMSUNG","UA85DU7700S","LCD (LED)",0.5,84.56023622047243
"SAMSUNG","UA85DU7700W","LCD (LED)",0.5,84.56023622047243
"SAMSUNG","UA85DU7*00*","LCD (LED)",0.5,84.56023622047243
"EKO","K42FSW3","LCD",0.48,41.50472440944882
"SONY","K-85XR90","LCD (LED)",0.5,84.56023622047243
"SONY","K-75XR90","LCD (LED)",0.5,74.52992125984252
"SAMSUNG","UA75DU8000W","LCD (LED)",0.5,74.54251968503937
"SAMSUNG","UA75DU8000S","LCD (LED)",0.5,74.54251968503937
"SAMSUNG","UA75DU8500S","LCD (LED)",0.5,74.54251968503937
"SAMSUNG","UA75DU8*00*","LCD (LED)",0.5,74.54251968503937
"KOGAN","KALED24DH65NA","LCD",0.18,23.55275590551181
"KOGAN","KALED24DH65NB","LCD",0.18,23.55275590551181
"KOGAN","KALED24DH65NC","LCD",0.18,23.55275590551181
"KOGAN","KALED24DH65ND","LCD",0.18,23.55275590551181
"KOGAN","KALED24DH65NE","LCD",0.18,23.55275590551181
"KOGAN","D236GV68C-T2C","LCD",0.18,23.55275590551181
"KOGAN","*24*","LCD",0.18,23.55275590551181
"SAMSUNG","QA50QE1DAS","LCD (LED)",0.5,49.4988188976378
"KOGAN","KALED24D95SNA","LCD",0.34,23.55275590551181
"KOGAN","KALED24D95SNB","LCD",0.34,23.55275590551181
"KOGAN","KALED24D95SNC","LCD",0.34,23.55275590551181
"KOGAN","KALED24D95SND","LCD",0.34,23.55275590551181
"KOGAN","KALED24D95SNE","LCD",0.34,23.55275590551181
"KOGAN","D236GV66C-T2C-W","LCD",0.34,23.55275590551181
"KOGAN","*24*","LCD",0.34,23.55275590551181
"CHIQ","U85F8TG","LCD (LED)",0.45,84.56023622047243
"EKO","K650UGT","LCD (LED)",0.354956,64.5259842519685
"KOGAN","KALED32D95SNA","LCD",0.38,31.511417322834646
"KOGAN","KALED32D95SNB","LCD",0.38,31.511417322834646
"KOGAN","KALED32D95SNC","LCD",0.38,31.511417322834646
"KOGAN","KALED32D95SND","LCD",0.38,31.511417322834646
"KOGAN","KALED32D95SNE","LCD",0.38,31.511417322834646
"KOGAN","D32GV66C-T2C-W","LCD",0.38,31.511417322834646
"KOGAN","*32*","LCD",0.38,31.511417322834646
"BLAUPUNKT","BP3200HDV8100","LCD (LED)",0.3,31.511417322834646
"SAMSUNG","QA48S90DAE","LCD (LED)",0.5,47.5244094488189
"EKO","K750UGT","LCD",0.401,74.52992125984252
"EKO","K750UGT2","LCD",0.401,74.52992125984252
"EKO","K700UGT","LCD",0.334,69.5035433070866
"EKO","K700UGT2","LCD",0.334,69.5035433070866
"LG","55LX1T6LA","OLED",0.4,54.63897637795275
"LG","55LX1TPSA","OLED",0.4,54.63897637795275
"LG","OLED97G46LA","OLED",0.4,96.51377952755905
"SAMSUNG","UA65DU7*00*","LCD (LED)",0.5,64.52637795275591
"SAMSUNG","UA65DU8000W","LCD (LED)",0.5,64.52637795275591
"SAMSUNG","UA65DU8000S","LCD (LED)",0.5,64.52637795275591
"SAMSUNG","UA65DU8500S","LCD (LED)",0.5,64.52637795275591
"SAMSUNG","UA65DU8*00*","LCD (LED)",0.5,64.52637795275591
"SAMSUNG","UA43DU8000W","LCD (LED)",0.5,42.514566929133856
"SAMSUNG","UA43DU8000S","LCD (LED)",0.5,42.514566929133856
"SAMSUNG","UA43DU8500S","LCD (LED)",0.5,42.514566929133856
"SAMSUNG","UA43DU8*00*","LCD (LED)",0.5,42.514566929133856
"SAMSUNG","UA55DU7000S","LCD (LED)",0.5,54.63897637795275
"SAMSUNG","UA55DU7000W","LCD (LED)",0.5,54.63897637795275
"SAMSUNG","UA55DU7700S","LCD (LED)",0.5,54.63897637795275
"SAMSUNG","UA55DU7700W","LCD (LED)",0.5,54.63897637795275
"SAMSUNG","UA55DU7*00*","LCD (LED)",0.5,54.63897637795275
"SAMSUNG","UA50DU7000S","LCD (LED)",0.5,49.4988188976378
"SAMSUNG","UA50DU7000W","LCD (LED)",0.5,49.4988188976378
"SAMSUNG","UA50DU7700S","LCD (LED)",0.5,49.4988188976378
"SAMSUNG","UA50DU7700W","LCD (LED)",0.5,49.4988188976378
"SAMSUNG","UA50DU7*00*","LCD (LED)",0.5,49.4988188976378
"SAMSUNG","UA55DU8000W","LCD (LED)",0.5,54.63897637795275
"SAMSUNG","UA55DU8000S","LCD (LED)",0.5,54.63897637795275
"SAMSUNG","UA55DU8500S","LCD (LED)",0.5,54.63897637795275
"SAMSUNG","UA55DU8*00*","LCD (LED)",0.5,54.63897637795275
"KOGAN","KAQL85XQ98GSTA","LCD (LED)",0.45,84.56023622047243
"KOGAN","KAQL85XQ98GSTB","LCD (LED)",0.45,84.56023622047243
"KOGAN","KAQL85XQ98GSTC","LCD (LED)",0.45,84.56023622047243
"KOGAN","KAQL85XQ98GSTD","LCD (LED)",0.45,84.56023622047243
"KOGAN","KAQL85XQ98GSTE","LCD (LED)",0.45,84.56023622047243
"KOGAN","KAQL85XQ98GST*","LCD (LED)",0.45,84.56023622047243
"KOGAN","KAQL75XQ98GSTA","LCD (LED)",0.35,74.52992125984252
"KOGAN","KAQL75XQ98GSTB","LCD (LED)",0.35,74.52992125984252
"KOGAN","KAQL75XQ98GSTC","LCD (LED)",0.35,74.52992125984252
"KOGAN","KAQL75XQ98GSTD","LCD (LED)",0.35,74.52992125984252
"KOGAN","KAQL75XQ98GSTE","LCD (LED)",0.35,74.52992125984252
"KOGAN","KAQL75XQ98GST*","LCD (LED)",0.35,74.52992125984252
"SAMSUNG","UA50DU8000W","LCD (LED)",0.5,49.50236220472441
"SAMSUNG","UA50DU8000S","LCD (LED)",0.5,49.50236220472441
"SAMSUNG","UA50DU8500S","LCD (LED)",0.5,49.50236220472441
"SAMSUNG","UA50DU8*00*","LCD (LED)",0.5,49.50236220472441
"TECO","LED58AUSRC","LCD (LED)",0.4,57.49566929133858
"TECO","LED43AUSRC","LCD (LED)",0.38,42.5
"AIWA","AWS400G","LCD",0.4,39.49015748031496
"AIWA","AWS650G","LCD",0.4,64.4996062992126
"SAMSUNG","UA98DU9000W","LCD (LED)",0.5,97.51496062992125
"SAMSUNG","UA98DU9000S","LCD (LED)",0.5,97.51496062992125
"SAMSUNG","UA98DU9000*","LCD (LED)",0.5,97.51496062992125
"EKO","K500UGT","LCD",0.356,49.49803149606299
"EKO","K650UGT2","LCD (LED)",0.37756,64.5259842519685
"TCL","43C655","LCD (LED)",0.334,42.5
"TCL","50C655","LCD (LED)",0.363,49.463779527559055
"TCL","55C655","LCD (LED)",0.353,54.61062992125985
"TCL","65C655","LCD (LED)",0.32,64.4996062992126
"TCL","75C655","LCD (LED)",0.311,74.52992125984252
"TCL","65C855","LCD (LED)",0.347,64.4996062992126
"TCL","75C855","LCD (LED)",0.33,74.52992125984252
"TCL","85C855","LCD (LED)",0.323,84.56023622047243
"TCL","98C855","LCD (LED)",0.299,97.48188976377953
"FFALCON","FF43U64","LCD (LED)",0.404,42.5
"FFALCON","FF50U64","LCD (LED)",0.384,49.463779527559055
"FFALCON","FF55U64","LCD (LED)",0.394,54.61062992125985
"FFALCON","FF65U64","LCD (LED)",0.354,64.4996062992126
"FFALCON","FF75U64","LCD (LED)",0.386,74.52992125984252
"LG","98QNED89TSA","LCD (LED)",0.39,97.51771653543307
"LG","98QNED89T6A","LCD (LED)",0.39,97.51771653543307
"LG","98QNED89TUA","LCD (LED)",0.39,97.51771653543307
"LG","98QNED#####","LCD (LED)",0.39,97.51771653543307
"SAMSUNG","QA77S90DAE","LCD (LED)",0.5,76.66850393700787
"SAMSUNG","QA83S90DAE","LCD (LED)",0.5,82.51377952755905
"SONY","K-55XR80","OLED",0.5,54.64488188976378
"SONY","K-65XR80","OLED",0.5,64.51889763779526
"LG","OLED65M46LA","OLED",0.4,64.5259842519685
"LG","OLED77M46LA","OLED",0.4,76.66850393700787
"LG","OLED83M46LA","OLED",0.4,82.51377952755905
"LG","OLED97G4PSA","OLED",0.4,96.51377952755905
"LG","OLED97M4PSA","OLED",0.4,96.51377952755905
"LG","OLED97M46LA","OLED",0.4,96.51377952755905
"EKO","K550UGT","LCD",0.37,54.64488188976378
"EKO","K550UGT2","LCD",0.37,54.64488188976378
"TCL","50C755","LCD (LED)",0.333,49.463779527559055
"TCL","55C755","LCD (LED)",0.273,54.61062992125985
"TCL","65C755","LCD (LED)",0.323,64.4996062992126
"TCL","75C755","LCD (LED)",0.334,74.52992125984252
"TCL","85C755","LCD (LED)",0.375,84.56023622047243
"TCL","98C755","LCD (LED)",0.354,97.48188976377953
"SONY","K-77XR80","OLED",0.5,76.66377952755906
"TCL","98C655","LCD (LED)",0.393,97.48188976377953
"LG","43UR761H0TA","LCD (LED)",0.4,42.514566929133856
"LG","43UT90506LB","LCD (LED)",0.4,42.514566929133856
"LG","50UT90506LB","LCD (LED)",0.4,49.4988188976378
"LG","55UT90506LB","LCD (LED)",0.4,54.63897637795275
"LG","65UT90506LB","LCD (LED)",0.4,64.52637795275591
"LG","75UT90506LB","LCD (LED)",0.4,74.51771653543307
"BLAUPUNKT","BP2400HDV7100","LCD",0.16,23.807086614173226
"BLAUPUNKT","BP24WOSDVD","LCD",0.32,23.807086614173226
"BLAUPUNKT","BP650USG9800","LCD",0.354,64.2251968503937
"AIWA","AWS650W","LCD (LED)",0.34,64.5259842519685
"CHIQ","U65G7PG","LCD (LED)",0.4,64.4996062992126
"SAMSUNG","BE43D-H","LCD (LED)",0.5,42.514566929133856
"SAMSUNG","BE50D-H","LCD (LED)",0.5,49.4988188976378
"SAMSUNG","BE55D-H","LCD (LED)",0.5,54.63897637795275
"SAMSUNG","BE65D-H","LCD (LED)",0.5,64.52637795275591
"SAMSUNG","BE75D-H","LCD (LED)",0.5,74.54251968503937
"BLAUPUNKT","BP50WOS3","LCD (LED)",0.37,49.5003937007874
"BLAUPUNKT","BP70WOS3","LCD (LED)",0.39,69.50314960629922
"SAMSUNG","BE85D-H","LCD (LED)",0.5,84.56023622047243
"TECO","LED24AHSRC","LCD (LED)",0.22,23.53307086614173
"SAMSUNG","QA43LS01DAW","LCD (LED)",0.5,42.514566929133856
"SAMSUNG","QA43LS01DAS","LCD (LED)",0.5,42.514566929133856
"SAMSUNG","QA43LS01DA*","LCD (LED)",0.5,42.514566929133856
"SAMSUNG","QA55LS01DAW","LCD (LED)",0.5,54.63897637795275
"SAMSUNG","QA55LS01DAS","LCD (LED)",0.5,54.63897637795275
"SAMSUNG","QA55LS01DA*","LCD (LED)",0.5,54.63897637795275
"SAMSUNG","QA65LS01DAW","LCD (LED)",0.5,64.52637795275591
"SAMSUNG","QA65LS01DAS","LCD (LED)",0.5,64.52637795275591
"SAMSUNG","QA65LS01DA*","LCD (LED)",0.5,64.52637795275591
"TECO","LED32AHSRC","LCD (LED)",0.4,31.517322834645668
"SYLVOX","RT27R2KECA","LCD",0.43,27.024409448818897
"HISENSE","55U7N series","LCD (LED)",0.29,54.63897637795275
"LG","32LT340CBTB","LCD (LED)",0.18,31.512992125984255
"KOGAN","KALED50R95TA","LCD (LED)",0.4,49.49803149606299
"KOGAN","KALED50R95TB","LCD (LED)",0.4,49.49803149606299
"KOGAN","KALED50R95TC","LCD (LED)",0.4,49.49803149606299
"KOGAN","KALED50R95TD","LCD (LED)",0.4,49.49803149606299
"KOGAN","KALED50R95TE","LCD (LED)",0.4,49.49803149606299
"KOGAN","KALED65R95TA","LCD (LED)",0.45,64.4996062992126
"KOGAN","KALED65R95TB","LCD (LED)",0.45,64.4996062992126
"KOGAN","KALED65R95TC","LCD (LED)",0.45,64.4996062992126
"KOGAN","KALED65R95TD","LCD (LED)",0.45,64.4996062992126
"KOGAN","KALED65R95TE","LCD (LED)",0.45,64.4996062992126
"KOGAN","KALED75R95TA","LCD (LED)",0.45,74.52992125984252
"KOGAN","KALED75R95TB","LCD (LED)",0.45,74.52992125984252
"KOGAN","KALED75R95TC","LCD (LED)",0.45,74.52992125984252
"KOGAN","KALED75R95TD","LCD (LED)",0.45,74.52992125984252
"KOGAN","KALED75R95TE","LCD (LED)",0.45,74.52992125984252
"KOGAN","KALED55R95TA","LCD (LED)",0.46,54.61062992125985
"KOGAN","KALED55R95TB","LCD (LED)",0.46,54.61062992125985
"KOGAN","KALED55R95TC","LCD (LED)",0.46,54.61062992125985
"KOGAN","KALED55R95TD","LCD (LED)",0.46,54.61062992125985
"KOGAN","KALED55R95TE","LCD (LED)",0.46,54.61062992125985
"KOGAN","KALED32R95TA","LCD (LED)",0.35,31.48307086614173
"KOGAN","KALED32R95TB","LCD (LED)",0.35,31.48307086614173
"KOGAN","KALED32R95TC","LCD (LED)",0.35,31.48307086614173
"KOGAN","KALED32R95TD","LCD (LED)",0.35,31.48307086614173
"KOGAN","KALED32R95TE","LCD (LED)",0.35,31.48307086614173
"SAMSUNG","QA50LS01DAS","LCD (LED)",0.5,49.4988188976378
"KOGAN","KALED40R95TA","LCD (LED)",0.35,39.49015748031496
"KOGAN","KALED40R95TB","LCD (LED)",0.35,39.49015748031496
"KOGAN","KALED40R95TC","LCD (LED)",0.35,39.49015748031496
"KOGAN","KALED40R95TD","LCD (LED)",0.35,39.49015748031496
"KOGAN","KALED40R95TE","LCD (LED)",0.35,39.49015748031496
"KOGAN","KALED43R95TA","LCD (LED)",0.45,42.46574803149606
"KOGAN","KALED43R95TB","LCD (LED)",0.45,42.46574803149606
"KOGAN","KALED43R95TC","LCD (LED)",0.45,42.46574803149606
"KOGAN","KALED43R95TD","LCD (LED)",0.45,42.46574803149606
"KOGAN","KALED43R95TE","LCD (LED)",0.45,42.46574803149606
"KOGAN","KALED50R95T*","LCD (LED)",0.4,49.49803149606299
"KOGAN","KALED65R95T*","LCD (LED)",0.45,64.4996062992126
"KOGAN","KALED75R95T*","LCD (LED)",0.45,74.52992125984252
"KOGAN","KALED55R95T*","LCD (LED)",0.46,54.61062992125985
"KOGAN","KALED43R95T*","LCD (LED)",0.45,42.46574803149606
"KOGAN","KALED40R95T*","LCD (LED)",0.35,39.49015748031496
"KOGAN","KALED32R95T*","LCD (LED)",0.35,31.48307086614173
"KOGAN","KAQL65MQ9TA","LCD (LED)",0.37,65.16259842519685
"KOGAN","KAQL65MQ9TB","LCD (LED)",0.37,65.16259842519685
"KOGAN","KAQL65MQ9TC","LCD (LED)",0.37,65.16259842519685
"KOGAN","KAQL65MQ9TD","LCD (LED)",0.37,65.16259842519685
"KOGAN","KAQL65MQ9TE","LCD (LED)",0.37,65.16259842519685
"KOGAN","KAQL65MQ9T*","LCD (LED)",0.37,65.16259842519685
"JVC","LT-32ND35AS","LCD (LED)",0.33,31.511417322834646
"TOSHIBA","43C350NP","LCD (LED)",0.24,42.5015748031496
"TOSHIBA","50C350NP","LCD (LED)",0.26,49.5003937007874
"TOSHIBA","55C350NP","LCD (LED)",0.36,54.63897637795275
"TOSHIBA","65C350NP","LCD (LED)",0.37,64.4996062992126
"TOSHIBA","75C350NP","LCD (LED)",0.369,74.54330708661418
"TOSHIBA","85C350NP","LCD (LED)",0.36,84.56023622047243
"JVC","LT-40N5155A","LCD (LED)",0.35,39.5007874015748
"SAMSUNG","UA43DU7000S","LCD (LED)",0.5,42.514566929133856
"SAMSUNG","UA43DU7700S","LCD (LED)",0.5,42.514566929133856
"SAMSUNG","UA43DU7700W","LCD (LED)",0.5,42.514566929133856
"SAMSUNG","UA43DU7*00*","LCD (LED)",0.5,42.514566929133856
"SAMSUNG","QA65QE1DAS","LCD (LED)",0.5,64.52637795275591
"SAMSUNG","QA65QE1DA*","LCD (LED)",0.5,64.52637795275591
"SAMSUNG","QA65QE1DAW","LCD (LED)",0.5,64.52637795275591
"EKO","K650UGT2","LCD (LED)",0.148116,64.5259842519685
"CHIQ","U70M9Q","LCD (LED)",0.41,69.5035433070866
"TCL","115X955 Max","LCD (LED)",0.392,114.45629921259842
"EKO","K420FAT","LCD",0.25,41.4755905511811
"EKO","K420FSG","LCD",0.25,41.4755905511811
"EKO","K70USW3","LCD (LED)",0.39,69.50314960629922
"AIWA","AWC240G","LCD (LED)",0.23,23.53307086614173
"HISENSE","85U7NAU","LCD (LED)",0.46,84.56023622047243
"HISENSE","85U7NNZ","LCD (LED)",0.46,84.56023622047243
"HISENSE","85U7N series","LCD (LED)",0.46,84.56023622047243
"BLAUPUNKT","BP650USG9800","LCD (LED)",0.148116,64.5259842519685
"TELEFUNKEN","TL24HSWDTA","LCD",0.32,23.807086614173226
"AIWA","AWS500W","LCD (LED)",0.25,49.5003937007874
"BLAUPUNKT","BP550USG9800","LCD",0.4,54.63897637795275
"SAMSUNG","QA55LST7DAW","LCD (LED)",0.5,54.63897637795275
"SAMSUNG","QA55LST7DAS","LCD (LED)",0.5,54.63897637795275
"SAMSUNG","QA55LST7DA*","LCD (LED)",0.5,54.63897637795275
"KOGAN","KAQL75MQ9TA","LCD (LED)",0.42,74.52992125984252
"KOGAN","KAQL75MQ9TB","LCD (LED)",0.42,74.52992125984252
"KOGAN","KAQL75MQ9TC","LCD (LED)",0.42,74.52992125984252
"KOGAN","KAQL75MQ9TD","LCD (LED)",0.42,74.52992125984252
"KOGAN","KAQL75MQ9TE","LCD (LED)",0.42,74.52992125984252
"KOGAN","KAQL75MQ9T*","LCD (LED)",0.42,74.52992125984252
"BLAUPUNKT","BP32WOSDVD","LCD (LED)",0.36,31.511417322834646
"LG","32LN660HBSD","LCD (LED)",0.4,31.512992125984255
"KOGAN","KAOD48X98JSTA","OLED",0.35,47.527165354330705
"KOGAN","KAOD48X98JSTB","OLED",0.35,47.527165354330705
"KOGAN","KAOD48X98JSTC","OLED",0.35,47.527165354330705
"KOGAN","KAOD48X98JSTD","OLED",0.35,47.527165354330705
"KOGAN","KAOD48X98JSTE","OLED",0.35,47.527165354330705
"KOGAN","KAOD48X98JST*","OLED",0.35,47.527165354330705
"SVISION","SV43FWOS","LCD",0.37,42.5011811023622
"HISENSE","55U6NAU","LCD (LED)",0.28,54.63897637795275
"HISENSE","55U6NNZ","LCD (LED)",0.28,54.63897637795275
"HISENSE","65U6NAU","LCD (LED)",0.29,64.5259842519685
"HISENSE","65U6NNZ","LCD (LED)",0.29,64.5259842519685
"HISENSE","75U6NAU","LCD (LED)",0.31,74.54330708661418
"HISENSE","75U6NNZ","LCD (LED)",0.31,74.54330708661418
"HISENSE","85U6NAU","LCD (LED)",0.25,84.56023622047243
"HISENSE","85U6NNZ","LCD (LED)",0.25,84.56023622047243
"HISENSE","55U6N series","LCD (LED)",0.28,54.63897637795275
"HISENSE","65U6N series","LCD (LED)",0.29,64.5259842519685
"HISENSE","75U6N series","LCD (LED)",0.31,74.54330708661418
"HISENSE","85U6N series","LCD (LED)",0.25,84.56023622047243
"HISENSE","43Q6NAU","LCD (LED)",0.24,42.5
"HISENSE","43Q6NNZ","LCD (LED)",0.24,42.5
"HISENSE","50Q6NAU","LCD (LED)",0.34,49.5003937007874
"HISENSE","50Q6NNZ","LCD (LED)",0.34,49.5003937007874
"HISENSE","55Q6NAU","LCD (LED)",0.26,54.63897637795275
"HISENSE","55Q6NNZ","LCD (LED)",0.26,54.63897637795275
"HISENSE","65Q6NAU","LCD (LED)",0.3,64.5259842519685
"HISENSE","65Q6NNZ","LCD (LED)",0.3,64.5259842519685
"HISENSE","75Q6NAU","LCD (LED)",0.26,74.54330708661418
"HISENSE","75Q6NNZ","LCD (LED)",0.26,74.54330708661418
"HISENSE","85Q6NAU","LCD (LED)",0.31,84.56023622047243
"HISENSE","85Q6NNZ","LCD (LED)",0.31,84.56023622047243
"SAMSUNG","QA65LST7DAW","LCD (LED)",0.5,64.52637795275591
"SAMSUNG","QA65LST7DAS","LCD (LED)",0.5,64.52637795275591
"SAMSUNG","QA65LST7DA*","LCD (LED)",0.5,64.52637795275591
"SAMSUNG","QA75LST7DAW","LCD (LED)",0.5,74.54251968503937
"SAMSUNG","QA75LST7DAS","LCD (LED)",0.5,74.54251968503937
"SAMSUNG","QA75LST7DA*","LCD (LED)",0.5,74.54251968503937
"AIWA","AWC320G","LCD (LED)",0.4,31.517322834645668
"KOGAN","KAOD55X98JSTA","OLED",0.35,54.63897637795275
"KOGAN","KAOD55X98JSTB","OLED",0.35,54.63897637795275
"KOGAN","KAOD55X98JSTC","OLED",0.35,54.63897637795275
"KOGAN","KAOD55X98JSTD","OLED",0.35,54.63897637795275
"KOGAN","KAOD55X98JSTE","OLED",0.35,54.63897637795275
"KOGAN","KAOD55X98JST*","OLED",0.35,54.63897637795275
"TCL","85C745 Pro","LCD (LED)",0.381,84.56023622047243
"KOGAN","KALED19PRIZE","LCD",0.234284,18.509055118110236
"HISENSE","43Q6N series","LCD (LED)",0.24,42.5
"HISENSE","50Q6N series","LCD (LED)",0.34,49.5003937007874
"HISENSE","65Q6N series","LCD (LED)",0.3,64.5259842519685
"HISENSE","75Q6N series","LCD (LED)",0.26,74.54330708661418
"HISENSE","85Q6N series","LCD (LED)",0.31,84.56023622047243
"TOSHIBA","55Z870NP","LCD (LED)",0.31,54.63897637795275
"TOSHIBA","65Z870NP","LCD (LED)",0.33,64.5259842519685
"TOSHIBA","75Z870NP","LCD (LED)",0.3,74.54330708661418
"TOSHIBA","85Z870NP","LCD (LED)",0.32,84.56023622047243
"TOSHIBA","100Z670NP","LCD (LED)",0.31,99.52125984251968
"HISENSE","55Q6N series","LCD (LED)",0.26,54.63897637795275
"BLAUPUNKT","BP850WOSQ","LCD",0.36,84.56023622047243
"BLAUPUNKT","BP85WOS2","LCD (LED)",0.3,84.5259842519685
"EKO","K65USTW","LCD",0.42,64.5259842519685
"KOGAN","KAOD65X98JSTA","OLED",0.35,64.52637795275591
"KOGAN","KAOD65X98JSTB","OLED",0.35,64.52637795275591
"KOGAN","KAOD65X98JSTC","OLED",0.35,64.52637795275591
"KOGAN","KAOD65X98JSTD","OLED",0.35,64.52637795275591
"KOGAN","KAOD65X98JSTE","OLED",0.35,64.52637795275591
"KOGAN","KAOD65X98JST*","OLED",0.35,64.52637795275591
"EKO","K55USTW","LCD",0.44,54.63897637795275
"JVC","LT-55N7115A11E","LCD (LED)",0.4,54.61062992125985
"CHIQ","U98F8TG PRO","LCD (LED)",0.4,97.51614173228346
"LOEWE","BILD S.77","OLED",0.42,76.66850393700787
"LG","75UT80506LA","LCD (LED)",0.4,74.51771653543307
"LINSAR","LS24HDNF-12V","LCD",0.2,23.53307086614173
"EKO","K50USW3","LCD (LED)",0.37,49.5003937007874
"KOGAN","KAQL55XQ98GSTA","LCD (LED)",0.3,54.63897637795275
"KOGAN","KAQL55XQ98GSTB","LCD (LED)",0.3,54.63897637795275
"KOGAN","KAQL55XQ98GSTC","LCD (LED)",0.3,54.63897637795275
"KOGAN","KAQL55XQ98GSTD","LCD (LED)",0.3,54.63897637795275
"KOGAN","KAQL55XQ98GSTE","LCD (LED)",0.3,54.63897637795275
"KOGAN","KAQL55XQ98GST*","LCD (LED)",0.3,54.63897637795275
"AIWA","AWS400W","LCD (LED)",0.35,39.5007874015748
"HISENSE","32A4NAU","LCD (LED)",0.31,31.511811023622048
"HISENSE","40A4NAU","LCD (LED)",0.28,39.5007874015748
"HISENSE","32A4NNZ","LCD (LED)",0.31,31.511811023622048
"HISENSE","32A4N","LCD (LED)",0.31,31.511811023622048
"HISENSE","40A4NNZ","LCD (LED)",0.28,39.5007874015748
"HISENSE","40A4N","LCD (LED)",0.28,39.5007874015748
"EKO","K320HGT","LCD",0.4,31.511417322834646
"HISENSE","100Q7NAU","LCD (LED)",0.33,99.52125984251968
"HISENSE","75U8NAU","LCD (LED)",0.31,74.54330708661418
"HISENSE","85U8NAU","LCD (LED)",0.31,84.56023622047243
"HISENSE","65UXAU","LCD (LED)",0.38,64.5259842519685
"BROOKLYN","BM32WOSDVD","LCD (LED)",0.36,31.511417322834646
"BLAUPUNKT","BP320HSG9700","LCD (LED)",0.41662,31.511417322834646
"SAMSUNG","UA43DUE800W","LCD (LED)",0.5,42.514566929133856
"SAMSUNG","UA43DUE800S","LCD (LED)",0.5,42.514566929133856
"SAMSUNG","UA43DUE800*","LCD (LED)",0.5,42.514566929133856
"SAMSUNG","UA50DUE800W","LCD (LED)",0.5,49.4988188976378
"SAMSUNG","UA50DUE800S","LCD (LED)",0.5,49.4988188976378
"SAMSUNG","UA50DUE800*","LCD (LED)",0.5,49.4988188976378
"SAMSUNG","UA55DUE800W","LCD (LED)",0.5,54.63897637795275
"SAMSUNG","UA55DUE800S","LCD (LED)",0.5,54.63897637795275
"SAMSUNG","UA55DUE800*","LCD (LED)",0.5,54.63897637795275
"SAMSUNG","UA65DUE800W","LCD (LED)",0.5,64.52637795275591
"SAMSUNG","UA65DUE800S","LCD (LED)",0.5,64.52637795275591
"SAMSUNG","UA65DUE800*","LCD (LED)",0.5,64.52637795275591
"SAMSUNG","UA75DUE800W","LCD (LED)",0.5,74.54251968503937
"SAMSUNG","UA85DUE800W","LCD (LED)",0.5,84.56023622047243
"AIWA","AWS700W","LCD (LED)",0.28,69.51299212598424
"LG","43UT801C0LA","LCD (LED)",0.4,42.514566929133856
"LG","43UT801C0SB","LCD (LED)",0.4,42.514566929133856
"LG","50UT801C0LA","LCD (LED)",0.4,49.4988188976378
"LG","50UT801C0SB","LCD (LED)",0.4,49.4988188976378
"LG","55UT801C0LA","LCD (LED)",0.4,54.63897637795275
"LG","55UT801C0SB","LCD (LED)",0.4,54.63897637795275
"LG","65UT801C0LA","LCD (LED)",0.4,64.52637795275591
"LG","65UT801C0SB","LCD (LED)",0.4,64.52637795275591
"LG","75UT801C0SB","LCD (LED)",0.4,74.51771653543307
"LG","75UT811C0LA","LCD (LED)",0.4,74.51771653543307
"LG","86UT801C0SB","LCD (LED)",0.4,85.60039370078741
"LG","86UT811C0LA","LCD (LED)",0.4,85.60039370078741
"AIWA","AWS500G","OLED",0.35,49.5003937007874
"EKO","K550UAT","LCD",0.4,54.64488188976378
"EKO","K550UATW","LCD",0.4,54.64488188976378
"KOGAN","KAQL65XQ98GSTB","LCD (LED)",0.3,64.5259842519685
"KOGAN","KAQL65XQ98GSTC","LCD (LED)",0.3,64.5259842519685
"KOGAN","KAQL65XQ98GSTD","LCD (LED)",0.3,64.5259842519685
"KOGAN","KAQL65XQ98GSTE","LCD (LED)",0.3,64.5259842519685
"KOGAN","KAQL65XQ98GST*","LCD (LED)",0.3,64.5259842519685
"EKO","K550UGT2","LCD",0.4,54.63897637795275
"EKO","K65USW3","LCD",0.35,65.10472440944882
"TCL","85C655","LCD (LED)",0.378,84.56023622047243
"HISENSE","70A6NNZ","LCD (LED)",0.35,69.50275590551182
"HISENSE","70A6NAU","LCD (LED)",0.35,69.50275590551182
"HISENSE","70A6N Series","LCD (LED)",0.35,69.50275590551182
"TOSHIBA","32V35NP","LCD (LED)",0.27,31.511417322834646
"TOSHIBA","43V35NP","LCD (LED)",0.27,42.5015748031496
"HISENSE","65U8NAU","LCD (LED)",0.35,64.5259842519685
"HISENSE","65U8NNZ","LCD (LED)",0.35,64.5259842519685
"HISENSE","65U8N Series","LCD (LED)",0.35,64.5259842519685
"JVC","AV-J193152A","LCD",0.3,18.509055118110236
"JVC","AV-J193155A","LCD",0.3,18.509055118110236
"JVC","19"" smart","LCD",0.3,18.509055118110236
"LG","43UM662H4LC","LCD (LED)",0.4,42.514566929133856
"LG","50UM662H4LC","LCD (LED)",0.4,49.4988188976378
"LG","55UM662H4LC","LCD (LED)",0.4,54.63897637795275
"LG","65UM662H4LC","LCD (LED)",0.4,64.52637795275591
"TCL","85A300W","LCD (LED)",0.233,84.56023622047243
"TCL","75A300W","LCD (LED)",0.301,74.52992125984252
"TCL","65A300W","LCD (LED)",0.254,64.4996062992126
"TCL","55A300W","LCD (LED)",0.249,54.61062992125985
"LG","98UT9050PSA","LCD (LED)",0.39,97.51771653543307
"LG","98UT91006LA","LCD (LED)",0.39,97.51771653543307
"LG","98UT90006LA","LCD (LED)",0.39,97.51771653543307
"LG","98UT9000PUA","LCD (LED)",0.39,97.51771653543307
"LG","98UT9300KNA","LCD (LED)",0.39,97.51771653543307
"LG","98UT9######","LCD (LED)",0.39,97.51771653543307
"QBELL","QT50WX8A","LCD (LED)",0.37,49.5003937007874
"QBELL","QT70WX8A","LCD (LED)",0.39,69.50314960629922
"SPHERE","S924TVSB","LCD (LED)",0.39,23.807086614173226
"SPHERE","S924TVDVDSB","LCD (LED)",0.39,23.807086614173226
"SPHERE","S927TVSB","LCD (LED)",0.3,27.00748031496063
"SPHERE","S927TVDVDSB","LCD (LED)",0.3,27.00748031496063
"SPHERE","S924","LCD (LED)",0.39,23.807086614173226
"SPHERE","S927","LCD (LED)",0.3,27.00748031496063
"TECO","LED32IHRK","LCD (LED)",0.32,31.448818897637793
"AIWA","AWS420W","LCD (LED)",0.39,41.50196850393701
"BAUHN","ATV43FHDW-1124","LCD",0.4,42.51102362204724
"EKO","K650UAT","LCD",0.34,64.51889763779526
"EKO","K650UATW","LCD",0.34,64.51889763779526
"BAUHN","ATV43FHDW-0125","LCD",0.4,42.51102362204724
"BAUHN","ATV43FHDW-****","LCD",0.4,42.51102362204724
"BAUHN","ATV55UHDW-1024","LCD (LED)",0.31,54.63897637795275
"BAUHN","ATV55UHDW-0125","LCD (LED)",0.31,54.63897637795275
"BAUHN","ATV55UHDW-****","LCD (LED)",0.31,54.63897637795275
"EKO","K70USW3","LCD (LED)",0.4,69.51574803149606
"HYUNDAI","H55UHDMLDGTV","LCD (LED)",0.4,54.64488188976378
"BLAUPUNKT","BP58WOS","LCD",0.379484,57.50708661417323
"JVC","LT-42NQ5155A","LCD",0.34,41.50472440944882
"PHILIPS","85BFL2214/97","LCD (LED)",0.46,84.56023622047243
"PHILIPS","32HFL4518/97","LCD (LED)",0.28,31.517322834645668
"PHILIPS","24HFL4518/97","LCD (LED)",0.29,23.53307086614173
"KOGAN","KALED65U95TA","LCD (LED)",0.3,64.5259842519685
"KOGAN","KALED65U95TB","LCD (LED)",0.3,64.5259842519685
"KOGAN","KALED65U95TC","LCD (LED)",0.3,64.5259842519685
"KOGAN","KALED65U95TD","LCD (LED)",0.3,64.5259842519685
"KOGAN","KALED65U95TE","LCD (LED)",0.3,64.5259842519685
"KOGAN","KALED65U95T*","LCD (LED)",0.3,64.5259842519685
"KOGAN","KALED75U95TA","LCD (LED)",0.3,74.54330708661418
"KOGAN","KALED75U95TB","LCD (LED)",0.3,74.54330708661418
"KOGAN","KALED75U95TC","LCD (LED)",0.3,74.54330708661418
"KOGAN","KALED75U95TD","LCD (LED)",0.3,74.54330708661418
"KOGAN","KALED75U95TE","LCD (LED)",0.3,74.54330708661418
"KOGAN","KALED75U95TF","LCD (LED)",0.3,74.54330708661418
"KOGAN","KALED75U95TG","LCD (LED)",0.3,74.54330708661418
"KOGAN","KALED75U95T*","LCD (LED)",0.3,74.54330708661418
"SAMSUNG","BE98D-H","LCD (LED)",0.5,97.51496062992125
"PALSONIC","PT6515SU","LCD (LED)",0.3,64.5259842519685
"HYUNDAI","H65UHDMLDGTV","LCD (LED)",0.4,64.4996062992126
"BLAUPUNKT","BP24PTVW","LCD (LED)",1.012,23.806692913385827
"BLAUPUNKT","BP24PTVP","LCD (LED)",1.012,23.806692913385827
"BLAUPUNKT","BP24PTVBL","LCD (LED)",1.012,23.806692913385827
"BLAUPUNKT","BP24PTVG","LCD (LED)",1.012,23.806692913385827
"BLAUPUNKT","BP24****（*=Blank, 0-9,A-Z,a-z for marketing purpose, no technical difference)","LCD (LED)",1.012,23.806692913385827
"AKAI","AK4324S7WOS","LCD",0.4,42.51102362204724
"AKAI","AK55324S7WOS","LCD (LED)",0.32,54.63897637795275
"SONIQ","G65UV50A","LCD",0.38409,64.5259842519685
"AIWA","AWS320DVD","LCD (LED)",0.36,31.511417322834646
"SVISION","SV43FWOS","LCD (LED)",0.36,42.75314960629921
"SAMSUNG","UA50TU8000","LCD (LED)",0.5,49.49803149606299
"SAMSUNG","UA50TU8000S","LCD (LED)",0.5,49.49803149606299
"SAMSUNG","UA50TU8000W","LCD (LED)",0.5,49.49803149606299
"SAMSUNG","UA65TU8000","LCD (LED)",0.5,64.51889763779526
"SAMSUNG","UA65TU8000S","LCD (LED)",0.5,64.51889763779526
"SAMSUNG","UA65TU8000W","LCD (LED)",0.5,64.51889763779526
"SAMSUNG","UA55TU8000W","LCD (LED)",0.5,54.64488188976378
"SAMSUNG","UA55TU8000S","LCD (LED)",0.5,54.64488188976378
"SAMSUNG","UA55TU8000","LCD (LED)",0.5,54.64488188976378
"KOGAN","KAQL50R96KA","LCD (LED)",0.373,49.53228346456693
"LG","86NANO80A6A","LCD (LED)",0.4,85.60039370078741
"LG","86NANO80ASA","LCD (LED)",0.4,85.60039370078741
"LG","OLED55C5PSA","OLED",0.4,54.63897637795275
"LG","OLED55C56LA","OLED",0.4,54.63897637795275
"LG","OLED55G5PSA","OLED",0.4,54.63897637795275
"LG","OLED55G55LW","OLED",0.4,54.63897637795275
"LG","OLED65C5PSA","OLED",0.4,64.52637795275591
"LG","OLED65C56LA","OLED",0.4,64.52637795275591
"LG","OLED77C5PSA","OLED",0.4,76.66850393700787
"LG","OLED77C56LA","OLED",0.4,76.66850393700787
"LG","OLED83G5PSA","OLED",0.4,82.51377952755905
"LG","OLED83G56LA","OLED",0.4,82.51377952755905
"CHIQ","U75M9","LCD",0.3,74.54330708661418
"EKO","K65USTW","LCD",0.4,64.5259842519685
"QBELL","QTU55T","LCD",0.4,54.63897637795275
"SONY","K-55XR80M2","OLED",0.5,54.64488188976378
"SONY","K-65XR80M2","OLED",0.5,64.51889763779526
"LG","50QNED80A6A","LCD (LED)",0.4,49.4988188976378
"LG","50QNED81ASA","LCD (LED)",0.4,49.4988188976378
"LG","OLED48C5PSA","OLED",0.4,47.52795275590551
"LG","OLED48C56LA","OLED",0.4,47.52795275590551
"LG","OLED55B5PSA","OLED",0.4,54.63897637795275
"LG","OLED55B56LA","OLED",0.4,54.63897637795275
"LG","OLED65B5PSA","OLED",0.4,64.52637795275591
"LG","OLED65B56LA","OLED",0.4,64.52637795275591
"LG","OLED42C5PSA","OLED",0.4,41.54330708661417
"LG","OLED42C54LA","OLED",0.4,41.54330708661417
"LG","OLED77G5PSA","OLED",0.4,76.66850393700787
"LG","OLED77G56LA","OLED",0.4,76.66850393700787
"LG","55QNED86A6A","LCD (LED)",0.4,54.63897637795275
"LG","55QNED86ASA","LCD (LED)",0.4,54.63897637795275
"LG","65QNED86A6A","LCD (LED)",0.4,64.52637795275591
"LG","65QNED86ASA","LCD (LED)",0.4,64.52637795275591
"AOA","LTW50UHD","LCD (LED)",0.4,49.5003937007874
"LG","65NANO80A6A","LCD (LED)",0.4,64.52637795275591
"LG","65NANO80ASA","LCD (LED)",0.4,64.52637795275591
"LG","65QNED80A6A","LCD (LED)",0.4,64.52637795275591
"LG","65QNED81ASA","LCD (LED)",0.4,64.52637795275591
"LG","75NANO80A6A","LCD (LED)",0.4,74.51771653543307
"LG","75NANO80ASA","LCD (LED)",0.4,74.51771653543307
"LG","75QNED80A6A","LCD (LED)",0.4,74.51771653543307
"LG","75QNED81ASA","LCD (LED)",0.4,74.51771653543307
"LG","75QNED86ASA","LCD (LED)",0.4,74.51771653543307
"LG","86QNED80A6A","LCD (LED)",0.4,85.60039370078741
"AIWA","AWS580G","LCD",0.33,57.514960629921255
"JVC","LT-70NQ7155A","LCD",0.29,69.5035433070866
"LG","86QNED81ASA","LCD (LED)",0.4,85.60039370078741
"LG","OLED48B5PSA","OLED",0.4,47.52795275590551
"LG","43NANO80A6B","LCD (LED)",0.4,42.514566929133856
"LG","43NANO80ASA","LCD (LED)",0.4,42.514566929133856
"LG","43QNED80A6A","LCD (LED)",0.4,42.514566929133856
"LG","43QNED81ASA","LCD (LED)",0.4,42.514566929133856
"LG","50NANO80A6A","LCD (LED)",0.4,49.4988188976378
"LG","50NANO80ASA","LCD (LED)",0.4,49.4988188976378
"LG","55NANO80A6A","LCD (LED)",0.4,54.63897637795275
"LG","55NANO80ASA","LCD (LED)",0.4,54.63897637795275
"LG","55QNED80A6A","LCD (LED)",0.4,54.63897637795275
"LG","55QNED81ASA","LCD (LED)",0.4,54.63897637795275
"SAMSUNG","UA43F6000FS","LCD (LED)",0.5,42.514566929133856
"LG","OLED65G5PSA","OLED",0.4,64.52637795275591
"LG","OLED65G56LA","OLED",0.4,64.52637795275591
"LG","OLED77B5PSA","OLED",0.4,76.66850393700787
"LG","OLED77B56LA","OLED",0.4,76.66850393700787
"LG","55QNED82ASA","LCD (LED)",0.4,54.63897637795275
"LG","65QNED82ASA","LCD (LED)",0.4,64.52637795275591
"LG","86QNED82ASA","LCD (LED)",0.4,85.60039370078741
"LG","50QNED86ASA","LCD (LED)",0.4,49.4988188976378
"LG","86QNED86A6A","LCD (LED)",0.4,85.60039370078741
"LG","86QNED86ASA","LCD (LED)",0.4,85.60039370078741
"QBELL","QTU70T","LCD (LED)",0.45,69.50314960629922
"BLAUPUNKT","BP700UTS","LCD (LED)",0.45,69.50314960629922
"LG","50QNED82ASA","LCD (LED)",0.4,49.4988188976378
"LG","75QNED82ASA","LCD (LED)",0.4,74.51771653543307
"LG","OLED83C5PSA","OLED",0.4,82.51377952755905
"LG","OLED83C56LA","OLED",0.4,82.51377952755905
"TCL","55C7K","LCD (LED)",0.253,54.61062992125985
"TCL","50C7K","LCD (LED)",0.233,49.463779527559055
"TCL","75C7K","LCD (LED)",0.337,74.52992125984252
"TCL","85C7K","LCD (LED)",0.31,84.56023622047243
"TCL","55C6K","LCD (LED)",0.265,54.61062992125985
"TCL","65C6K","LCD (LED)",0.286,64.4996062992126
"TCL","75C6K","LCD (LED)",0.239,74.52992125984252
"TCL","85C6K","LCD (LED)",0.31,84.56023622047243
"BLAUPUNKT","BP400FSG98","LCD",0.25,39.681496062992125
"BLAUPUNKT","BP320HSG9800","LCD",0.262,31.42952755905512
"BLAUPUNKT","BP320HSG98","LCD",0.262,31.42952755905512
"BLAUPUNKT","BP320FSG98","LCD",0.262,31.42952755905512
"SONY","K-55XR50","LCD (LED)",0.5,54.64488188976378
"SONY","K-65XR50","LCD (LED)",0.5,64.51889763779526
"BLAUPUNKT","BP750USG98","LCD",0.401,74.52992125984252
"EKO","K750UGTWQ","LCD",0.401,74.52992125984252
"LG","65QNED9MA6A","LCD (LED)",0.4,64.52637795275591
"LG","65QNED9MASA","LCD (LED)",0.4,64.52637795275591
"LG","75QNED9MA6A","LCD (LED)",0.4,74.51771653543307
"LG","75QNED9MASA","LCD (LED)",0.4,74.51771653543307
"LG","86QNED9MA6A","LCD (LED)",0.4,85.60039370078741
"LG","86QNED9MASA","LCD (LED)",0.4,85.60039370078741
"JVC","LT-50NQ7145A","LCD (LED)",0.46,49.5003937007874
"JVC","LT-50NQ7145AE","LCD (LED)",0.46,49.5003937007874
"BLAUPUNKT","BP550USG98","LCD",0.37,54.64488188976378
"BLAUPUNKT","BP550USG9800","LCD",0.37,54.64488188976378
"EKO","K550UGTQ","LCD",0.347,54.64488188976378
"EKO","K500UGTQ","LCD",0.354,49.463779527559055
"BLAUPUNKT","BP500USG98","LCD",0.354,49.463779527559055
"SAMSUNG","QA65QN900FW","LCD (LED)",0.5,64.52637795275591
"SAMSUNG","QA65QN900FS","LCD (LED)",0.5,64.52637795275591
"SAMSUNG","QA65QN900F*","LCD (LED)",0.5,64.52637795275591
"TCL","98P7K","LCD (LED)",0.433,97.48188976377953
"SAMSUNG","QA43LS03FAW","LCD (LED)",0.5,42.514566929133856
"SAMSUNG","QA43LS03FAS","LCD (LED)",0.5,42.514566929133856
"SAMSUNG","QA43LS03FA*","LCD (LED)",0.5,42.514566929133856
"SAMSUNG","QA55LS03FAW","LCD (LED)",0.5,54.63897637795275
"SAMSUNG","QA55LS03FAS","LCD (LED)",0.5,54.63897637795275
"SAMSUNG","QA55LS03FA*","LCD (LED)",0.5,54.63897637795275
"SAMSUNG","QA48S90FAE","LCD (LED)",0.5,47.52795275590551
"SAMSUNG","QA55S90FAW","LCD (LED)",0.5,54.63897637795275
"SAMSUNG","QA55S90FAS","LCD (LED)",0.5,54.63897637795275
"SAMSUNG","QA55S90FA*","LCD (LED)",0.5,54.63897637795275
"SAMSUNG","QA83S90FAE","LCD (LED)",0.5,82.51377952755905
"SAMSUNG","QA77S85FAE","LCD (LED)",0.5,76.66850393700787
"AIWA","AWS430QW","LCD (LED)",0.37,42.5011811023622
"AIWA","AWS650G2","LCD (LED)",0.41,64.5259842519685
"BLAUPUNKT","BP650USG98","LCD",0.354,64.4996062992126
"AIWA","AWS550QW","LCD (LED)",0.36,54.63897637795275
"AIWA","AWS650QW","LCD (LED)",0.34,64.5259842519685
"AKAI","AK40S9ZEN","LCD (LED)",0.3,39.503937007874015
"AIWA","AWS500QW","LCD (LED)",0.36,49.5003937007874
"LG","43QNED82ASA","LCD (LED)",0.4,42.514566929133856
"LG","50UA8450PSA","LCD (LED)",0.4,49.4988188976378
"LG","55UA8450PSA","LCD (LED)",0.4,54.63897637795275
"LG","OLED65M5PSA","OLED",0.4,64.5259842519685
"LG","OLED65M59LA","OLED",0.4,64.5259842519685
"TCL","55P7K","LCD (LED)",0.346,54.61062992125985
"TCL","50P7K","LCD (LED)",0.359,49.463779527559055
"SAMSUNG","QA65QN80FAW","LCD (LED)",0.5,64.52637795275591
"SAMSUNG","QA65QN80FAS","LCD (LED)",0.5,64.52637795275591
"SAMSUNG","QA65QN80FA*","LCD (LED)",0.5,64.52637795275591
"SAMSUNG","QA55S85FAE","LCD (LED)",0.5,54.63897637795275
"BAUHN","ATV32HDW-0425","LCD",0.39,31.519685039370078
"SAMSUNG","QA55S95FAW","LCD (LED)",0.5,54.63897637795275
"SAMSUNG","QA55S95FAS","LCD (LED)",0.5,54.63897637795275
"SAMSUNG","QA55S95FA*","LCD (LED)",0.5,54.63897637795275
"HISENSE","55S7NAU","LCD (LED)",0.35,54.63897637795275
"HISENSE","65S7NAU","LCD (LED)",0.36,64.5259842519685
"SAMSUNG","QA65S85FAE","LCD (LED)",0.5,64.52637795275591
"SAMSUNG","QA65S90FAE","LCD (LED)",0.5,64.52637795275591
"SAMSUNG","QA77S90FAE","LCD (LED)",0.5,76.66850393700787
"SAMSUNG","QA55QN90FAW","LCD (LED)",0.5,54.63897637795275
"SAMSUNG","QA55QN90FAS","LCD (LED)",0.5,54.63897637795275
"SAMSUNG","QA55QN90FA*","LCD (LED)",0.5,54.63897637795275
"EKO","K430FGTQ","LCD",0.301,42.572834645669296
"BAUHN","ATV55UHDW-0425","LCD",0.34,54.48858267716536
"SONY","K-75XR50","LCD (LED)",0.5,74.52992125984252
"LG","OLED77T4PSA","OLED",0.4,76.66850393700787
"LG","43UA8450PSA","LCD (LED)",0.4,42.514566929133856
"LG","OLED77M5PSA","OLED",0.4,76.66850393700787
"SONY","K-85XR50","LCD (LED)",0.5,84.56023622047243
"LG","OLED77M56LA","OLED",0.4,76.66850393700787
"LG","OLED83M5PSA","OLED",0.4,82.51377952755905
"LG","OLED83M56LA","OLED",0.4,82.51377952755905
"SAMSUNG","QA42S90FAE","LCD (LED)",0.5,41.54330708661417
"SAMSUNG","QA43QN90FAW","LCD (LED)",0.5,42.514566929133856
"SAMSUNG","QA43QN90FAS","LCD (LED)",0.5,42.514566929133856
"SAMSUNG","QA43QN90FA*","LCD (LED)",0.5,42.514566929133856
"SAMSUNG","QA55QN70FAW","LCD (LED)",0.5,54.63897637795275
"SAMSUNG","QA55QN70FAS","LCD (LED)",0.5,54.63897637795275
"SAMSUNG","QA55QN70FA*","LCD (LED)",0.5,54.63897637795275
"SAMSUNG","QA65QN70FAW","LCD (LED)",0.5,64.52637795275591
"SAMSUNG","QA65QN70FAS","LCD (LED)",0.5,64.52637795275591
"SAMSUNG","QA65QN70FA*","LCD (LED)",0.5,64.52637795275591
"SAMSUNG","QA65QN90FAW","LCD (LED)",0.5,64.52637795275591
"SAMSUNG","QA65QN90FAS","LCD (LED)",0.5,64.52637795275591
"SAMSUNG","QA65QN90FA*","LCD (LED)",0.5,64.52637795275591
"SAMSUNG","QA65S95FAW","LCD (LED)",0.5,64.52637795275591
"SAMSUNG","QA65S95FAS","LCD (LED)",0.5,64.52637795275591
"SAMSUNG","QA65S95FA*","LCD (LED)",0.5,64.52637795275591
"TCL","65C7K","LCD (LED)",0.287,64.4996062992126
"SAMSUNG","QA75QN70FAW","LCD (LED)",0.5,74.54251968503937
"SAMSUNG","QA75QN70FAS","LCD (LED)",0.5,74.54251968503937
"SAMSUNG","QA75QN70FA*","LCD (LED)",0.5,74.54251968503937
"SAMSUNG","QA75QN900FW","LCD (LED)",0.5,74.54251968503937
"SAMSUNG","QA75QN900FS","LCD (LED)",0.5,74.54251968503937
"SAMSUNG","QA75QN900F*","LCD (LED)",0.5,74.54251968503937
"SAMSUNG","QA75QN90FAW","LCD (LED)",0.5,74.54251968503937
"SAMSUNG","QA75QN90FAS","LCD (LED)",0.5,74.54251968503937
"SAMSUNG","QA75QN90FA*","LCD (LED)",0.5,74.54251968503937
"SAMSUNG","QA77S95FAW","LCD (LED)",0.5,76.84133858267717
"SAMSUNG","QA77S95FAS","LCD (LED)",0.5,76.84133858267717
"SAMSUNG","QA77S95FA*","LCD (LED)",0.5,76.84133858267717
"SAMSUNG","QA83S85FAE","LCD (LED)",0.5,82.51377952755905
"SAMSUNG","QA85QN70FAW","LCD (LED)",0.5,84.56023622047243
"SAMSUNG","QA85QN70FAS","LCD (LED)",0.5,84.56023622047243
"SAMSUNG","QA85QN70FA*","LCD (LED)",0.5,84.56023622047243
"SAMSUNG","QA85QN900FW","LCD (LED)",0.5,84.56023622047243
"SAMSUNG","QA85QN900FS","LCD (LED)",0.5,84.56023622047243
"SAMSUNG","QA85QN900F*","LCD (LED)",0.5,84.56023622047243
"SAMSUNG","QA85QN90FAW","LCD (LED)",0.5,84.56023622047243
"SAMSUNG","QA85QN90FAS","LCD (LED)",0.5,84.56023622047243
"SAMSUNG","QA85QN90FA*","LCD (LED)",0.5,84.56023622047243
"SAMSUNG","QA85QN990FW","LCD (LED)",0.5,84.56023622047243
"SAMSUNG","QA85QN990FS","LCD (LED)",0.5,84.56023622047243
"SAMSUNG","QA85QN990F*","LCD (LED)",0.5,84.56023622047243
"SAMSUNG","QA98QN90FAW","LCD (LED)",0.5,97.51496062992125
"SAMSUNG","QA98QN90FAS","LCD (LED)",0.5,97.51496062992125
"SAMSUNG","QA98QN90FA*","LCD (LED)",0.5,97.51496062992125
"TCL","65P7K","LCD (LED)",0.337,64.4996062992126
"SAMSUNG","QA65QN990FW","LCD (LED)",0.5,64.52637795275591
"SAMSUNG","QA65QN990FS","LCD (LED)",0.5,64.52637795275591
"SAMSUNG","QA65QN990F*","LCD (LED)",0.5,64.52637795275591
"TCL","43P7K","LCD (LED)",0.335,42.5
"LG","OLED97G5PSA","OLED",0.4,96.51377952755905
"LG","OLED97G56LA","OLED",0.4,96.51377952755905
"LG","OLED97M5PSA","OLED",0.4,96.51377952755905
"LG","OLED97M56LA","OLED",0.4,96.51377952755905
"SAMSUNG","UA43TU8000W","LCD (LED)",0.5,42.5
"SAMSUNG","UA43TU8000S","LCD (LED)",0.5,42.5
"SAMSUNG","UA43TU8500S","LCD (LED)",0.5,42.5
"SAMSUNG","UA43TU8000","LCD (LED)",0.5,42.5
"SAMSUNG","UA75TU8000W","LCD (LED)",0.5,74.63740157480315
"SAMSUNG","UA75TU8000S","LCD (LED)",0.5,74.63740157480315
"SAMSUNG","UA75TU8000","LCD (LED)",0.5,74.63740157480315
"SAMSUNG","QA65LS03FWW","LCD (LED)",0.5,64.52637795275591
"SAMSUNG","QA65LS03FWS","LCD (LED)",0.5,64.52637795275591
"SAMSUNG","QA65LS03FW*","LCD (LED)",0.5,64.52637795275591
"SAMSUNG","QA83S95FAE","LCD (LED)",0.5,82.51377952755905
"SAMSUNG","QA85Q8FAAW","LCD (LED)",0.5,84.56023622047243
"SAMSUNG","QA85Q8FAAS","LCD (LED)",0.5,84.56023622047243
"SAMSUNG","QA85Q8F5AW","LCD (LED)",0.5,84.56023622047243
"SAMSUNG","QA85Q8F*A*","LCD (LED)",0.5,84.56023622047243
"SAMSUNG","QA75Q8FAAW","LCD (LED)",0.5,74.54251968503937
"SAMSUNG","QA75Q8FAAS","LCD (LED)",0.5,74.54251968503937
"SAMSUNG","QA75Q8F5AW","LCD (LED)",0.5,74.54251968503937
"SAMSUNG","QA75Q8F*A*","LCD (LED)",0.5,74.54251968503937
"SAMSUNG","QA65Q8FAAW","LCD (LED)",0.5,64.52637795275591
"SAMSUNG","QA65Q8FAAS","LCD (LED)",0.5,64.52637795275591
"SAMSUNG","QA65Q8F5AW","LCD (LED)",0.5,64.52637795275591
"SAMSUNG","QA65Q8F*A*","LCD (LED)",0.5,64.52637795275591
"SAMSUNG","QA55Q8FAAW","LCD (LED)",0.5,54.63897637795275
"SAMSUNG","QA55Q8FAAS","LCD (LED)",0.5,54.63897637795275
"SAMSUNG","QA55Q8F5AW","LCD (LED)",0.5,54.63897637795275
"SAMSUNG","QA55Q8F*A*","LCD (LED)",0.5,54.63897637795275
"SAMSUNG","QA50Q8FAAW","LCD (LED)",0.5,49.4988188976378
"SAMSUNG","QA50Q8FAAS","LCD (LED)",0.5,49.4988188976378
"SAMSUNG","QA50Q8F5AW","LCD (LED)",0.5,49.4988188976378
"SAMSUNG","QA50Q8F*A*","LCD (LED)",0.5,49.4988188976378
"SAMSUNG","QA43Q8FAAW","LCD (LED)",0.5,42.514566929133856
"SAMSUNG","QA43Q8FAAS","LCD (LED)",0.5,42.514566929133856
"SAMSUNG","QA43Q8F5AW","LCD (LED)",0.5,42.514566929133856
"SAMSUNG","QA43Q8F*A*","LCD (LED)",0.5,42.514566929133856
"SONY","K-98XR50","LCD (LED)",0.5,97.51614173228346
"SAMSUNG","QA55QN80FAW","LCD (LED)",0.5,54.63897637795275
"SAMSUNG","QA55QN80FAS","LCD (LED)",0.5,54.63897637795275
"SAMSUNG","QA55QN80FA*","LCD (LED)",0.5,54.63897637795275
"SAMSUNG","QA50QN80FAW","LCD (LED)",0.5,50.08858267716535
"SAMSUNG","QA50QN80FAS","LCD (LED)",0.5,50.08858267716535
"SAMSUNG","QA50QN80FA*","LCD (LED)",0.5,50.08858267716535
"SAMSUNG","QA75QN80FAW","LCD (LED)",0.5,74.54251968503937
"SAMSUNG","QA75QN80FAS","LCD (LED)",0.5,74.54251968503937
"SAMSUNG","QA75QN80FA*","LCD (LED)",0.5,74.54251968503937
"SAMSUNG","QA85QN80FAW","LCD (LED)",0.5,84.56023622047243
"SAMSUNG","QA85QN80FAS","LCD (LED)",0.5,84.56023622047243
"SAMSUNG","QA85QN80FA*","LCD (LED)",0.5,84.56023622047243
"LG","100QNED86A6","LCD (LED)",0.4,99.52125984251968
"LG","100QNED86AS","LCD (LED)",0.4,99.52125984251968
"SAMSUNG","QA55QN85FAW","LCD (LED)",0.5,54.63897637795275
"SAMSUNG","QA55QN85FAS","LCD (LED)",0.5,54.63897637795275
"SAMSUNG","QA55QN85FA*","LCD (LED)",0.5,54.63897637795275
"SAMSUNG","QA65QN85FAW","LCD (LED)",0.5,64.52637795275591
"SAMSUNG","QA65QN85FAS","LCD (LED)",0.5,64.52637795275591
"SAMSUNG","QA65QN85FA*","LCD (LED)",0.5,64.52637795275591
"SAMSUNG","QA75QN85FAW","LCD (LED)",0.5,74.54251968503937
"SAMSUNG","QA75QN85FAS","LCD (LED)",0.5,74.54251968503937
"SAMSUNG","QA75QN85FA*","LCD (LED)",0.5,74.54251968503937
"SAMSUNG","QA85QN85FAW","LCD (LED)",0.5,84.56023622047243
"SAMSUNG","QA85QN85FAS","LCD (LED)",0.5,84.56023622047243
"SAMSUNG","QA85QN85FA*","LCD (LED)",0.5,84.56023622047243
"SAMSUNG","QA50LS03FAW","LCD (LED)",0.5,49.4988188976378
"SAMSUNG","QA50LS03FAS","LCD (LED)",0.5,49.4988188976378
"SAMSUNG","QA50LS03FA*","LCD (LED)",0.5,49.4988188976378
"SAMSUNG","QA65LS03FAW","LCD (LED)",0.5,64.52637795275591
"SAMSUNG","QA75LS03FWW","LCD (LED)",0.5,74.54251968503937
"SAMSUNG","QA75LS03FWS","LCD (LED)",0.5,74.54251968503937
"SAMSUNG","QA75LS03FW*","LCD (LED)",0.5,74.54251968503937
"SAMSUNG","QA85LS03FWW","LCD (LED)",0.5,84.56023622047243
"SAMSUNG","QA85LS03FWS","LCD (LED)",0.5,84.56023622047243
"SAMSUNG","QA85LS03FW*","LCD (LED)",0.5,84.56023622047243
"SAMSUNG","QA50QN90FAW","LCD (LED)",0.5,49.4988188976378
"SAMSUNG","QA50QN90FAS","LCD (LED)",0.5,49.4988188976378
"SAMSUNG","QA50QN90FA*","LCD (LED)",0.5,49.4988188976378
"MONSTER","MT24HDNFB","LCD (LED)",0.5,23.553937007874016
"MONSTER","MT32HDNFB","LCD (LED)",0.4,31.512992125984255
"SAMSUNG","QA55Q7FAAW","LCD (LED)",0.5,54.63897637795275
"SAMSUNG","QA55Q7FAAS","LCD (LED)",0.5,54.63897637795275
"SAMSUNG","QA55Q7F5AW","LCD (LED)",0.5,54.63897637795275
"SAMSUNG","QA55Q7F5AS","LCD (LED)",0.5,54.63897637795275
"SAMSUNG","QA55QEF1AW","LCD (LED)",0.5,54.63897637795275
"SAMSUNG","QA55QEF1AS","LCD (LED)",0.5,54.63897637795275
"SAMSUNG","55Q7F","LCD (LED)",0.5,54.63897637795275
"SAMSUNG","QA65Q7FAAW","LCD (LED)",0.5,64.52637795275591
"SAMSUNG","QA65Q7FAAS","LCD (LED)",0.5,64.52637795275591
"SAMSUNG","QA65Q7F5AW","LCD (LED)",0.5,64.52637795275591
"SAMSUNG","QA65Q7F5AS","LCD (LED)",0.5,64.52637795275591
"SAMSUNG","QA65QEF1AW","LCD (LED)",0.5,64.52637795275591
"SAMSUNG","QA65QEF1AS","LCD (LED)",0.5,64.52637795275591
"SAMSUNG","QA65QN990FW","LCD (LED)",0.5,64.52637795275591
"SAMSUNG","QA65QN990FS","LCD (LED)",0.5,64.52637795275591
"SAMSUNG","QA65QN990F*","LCD (LED)",0.5,64.52637795275591
"SAMSUNG","QA85QN990FW","LCD (LED)",0.5,84.56023622047243
"SAMSUNG","QA85QN990FS","LCD (LED)",0.5,84.56023622047243
"SAMSUNG","QA85QN990F*","LCD (LED)",0.5,84.56023622047243
"SAMSUNG","QA75Q7FAAW","LCD (LED)",0.5,74.54251968503937
"SAMSUNG","QA75Q7FAAS","LCD (LED)",0.5,74.54251968503937
"SAMSUNG","QA75Q7F5AW","LCD (LED)",0.5,74.54251968503937
"SAMSUNG","QA75Q7F5AS","LCD (LED)",0.5,74.54251968503937
"SAMSUNG","QA75QEF1AW","LCD (LED)",0.5,74.54251968503937
"SAMSUNG","QA75QEF1AS","LCD (LED)",0.5,74.54251968503937
"SAMSUNG","QA85Q7FAAW","LCD (LED)",0.5,84.56023622047243
"SAMSUNG","QA85Q7FAAS","LCD (LED)",0.5,84.56023622047243
"SAMSUNG","QA85Q7F5AW","LCD (LED)",0.5,84.56023622047243
"SAMSUNG","QA85Q7F5AS","LCD (LED)",0.5,84.56023622047243
"SAMSUNG","QA85QEF1AW","LCD (LED)",0.5,84.56023622047243
"SAMSUNG","QA85QEF1AS","LCD (LED)",0.5,84.56023622047243
"SAMSUNG","85Q7F","LCD (LED)",0.5,84.56023622047243
"SAMSUNG","QA100QN80FW","LCD (LED)",0.5,99.52125984251968
"SAMSUNG","QA100QN80FS","LCD (LED)",0.5,99.52125984251968
"SAMSUNG","QA100QN80F*","LCD (LED)",0.5,99.52125984251968
"AIWA","AWS550G","LCD (LED)",0.43,54.63897637795275
"LG","50QNED80ASA","LCD (LED)",0.4,49.4988188976378
"LG","75QNED86A6A","LCD (LED)",0.4,74.51771653543307
"BAUHN","ATV43FHDW-0325","LCD",0.35,43.096456692913385
"SAMSUNG","QA75QN990FW","LCD (LED)",0.5,74.54251968503937
"SAMSUNG","QA75QN990FS","LCD (LED)",0.5,74.54251968503937
"SAMSUNG","QA75QN990F*","LCD (LED)",0.5,74.54251968503937
"SAMSUNG","QA55QN1EFAW","LCD (LED)",0.5,54.63897637795275
"SAMSUNG","QA55QN1EFAS","LCD (LED)",0.5,54.63897637795275
"SAMSUNG","QA55QN1EFA*","LCD (LED)",0.5,54.63897637795275
"SAMSUNG","QA65QN1EFAW","LCD (LED)",0.5,64.52637795275591
"SAMSUNG","QA65QN1EFAS","LCD (LED)",0.5,64.52637795275591
"SAMSUNG","QA65QN1EFA*","LCD (LED)",0.5,64.52637795275591
"SAMSUNG","QA75QN1EFAW","LCD (LED)",0.5,74.54251968503937
"SAMSUNG","QA75QN1EFAS","LCD (LED)",0.5,74.54251968503937
"SAMSUNG","QA75QN1EFA*","LCD (LED)",0.5,74.54251968503937
"SAMSUNG","QA85QN1EFAW","LCD (LED)",0.5,84.56023622047243
"SAMSUNG","QA85QN1EFAS","LCD (LED)",0.5,84.56023622047243
"SAMSUNG","QA85QN1EFA*","LCD (LED)",0.5,84.56023622047243
"SAMSUNG","QA65Q*F SERIES","LCD (LED)",0.5,64.52637795275591
"SAMSUNG","QA75Q*F SERIES","LCD (LED)",0.5,74.54251968503937
"TCL","85P7K","LCD (LED)",0.356,84.56023622047243
"TCL","65C8K","LCD (LED)",0.305,64.4996062992126
"TCL","75C8K","LCD (LED)",0.346,74.52992125984252
"TCL","98C8K","LCD (LED)",0.329,97.48188976377953
"LG","OLED83B5PSA","OLED",0.4,82.51377952755905
"LG","OLED83B56LA","OLED",0.4,82.51377952755905
"TCL","75P7K","LCD (LED)",0.334,74.52992125984252
"EKO","K400FGT","LCD",0.25,39.681496062992125
"EKO","K400FGTQ","LCD",0.25,39.681496062992125
"KOGAN","KALED55U95TA","LCD (LED)",0.43,54.63897637795275
"LG","65UA8450PSA","LCD (LED)",0.4,64.52637795275591
"LG","65QNED93ASA","LCD (LED)",0.33,64.5259842519685
"LG","65QNED93A6A","LCD (LED)",0.33,64.5259842519685
"LG","65QNED92A6A","LCD (LED)",0.33,64.5259842519685
"LG","65QNED92ASA","LCD (LED)",0.33,64.5259842519685
"LG","65QNED92AUA","LCD (LED)",0.33,64.5259842519685
"LG","65QNED93AKA","LCD (LED)",0.33,64.5259842519685
"LG","65QNED9#### (# can be A-Z, 0-9 or ""-"" or ""."" or blank)","LCD (LED)",0.33,64.5259842519685
"LG","75QNED93ASA","LCD (LED)",0.31,74.54330708661418
"LG","75QNED93A6A","LCD (LED)",0.31,74.54330708661418
"LG","75QNED92A6A","LCD (LED)",0.31,74.54330708661418
"LG","75QNED92ASA","LCD (LED)",0.31,74.54330708661418
"LG","75QNED92AUA","LCD (LED)",0.31,74.54330708661418
"LG","75QNED93AKA","LCD (LED)",0.31,74.54330708661418
"LG","75QNED9#### (# can be A-Z, 0-9 or ""-"" or “.” or blank)","LCD (LED)",0.31,74.54330708661418
"HISENSE","40A4QAU","LCD (LED)",0.25,39.5007874015748
"HISENSE","40A4QNZ","LCD (LED)",0.25,39.5007874015748
"HISENSE","32A4QAU","LCD (LED)",0.37,31.511417322834646
"HISENSE","32A4N","LCD (LED)",0.37,31.511417322834646
"HISENSE","32A4QNZ","LCD (LED)",0.37,31.511417322834646
"HISENSE","43Q6QAU","LCD (LED)",0.26,42.5
"HISENSE","43Q6QNZ","LCD (LED)",0.26,42.5
"HISENSE","50Q6QAU","LCD (LED)",0.26,49.5003937007874
"HISENSE","50Q6QNZ","LCD (LED)",0.26,49.5003937007874
"HISENSE","55Q6QAU","LCD (LED)",0.27,54.63897637795275
"HISENSE","55Q6QNZ","LCD (LED)",0.27,54.63897637795275
"HISENSE","65Q6QAU","LCD (LED)",0.38,64.5259842519685
"HISENSE","65Q6QNZ","LCD (LED)",0.38,64.5259842519685
"HISENSE","75Q6QAU","LCD (LED)",0.26,74.54330708661418
"HISENSE","75Q6QNZ","LCD (LED)",0.26,74.54330708661418
"HISENSE","85Q6QAU","LCD (LED)",0.26,84.56023622047243
"HISENSE","85Q6QNZ","LCD (LED)",0.26,84.56023622047243
"HISENSE","65U7QAU","LCD (LED)",0.375,64.5259842519685
"HISENSE","65U7QNZ","LCD (LED)",0.375,64.5259842519685
"HISENSE","75U7QAU","LCD (LED)",0.39,74.54330708661418
"HISENSE","75U7QNZ","LCD (LED)",0.39,74.54330708661418
"HISENSE","85U7QAU","LCD (LED)",0.34,84.56023622047243
"HISENSE","85U7QNZ","LCD (LED)",0.34,84.56023622047243
"HISENSE","100U7QAU","LCD (LED)",0.35,99.52125984251968
"HISENSE","100U7QNZ","LCD (LED)",0.35,99.52125984251968
"LG","85QNED93ASA","LCD (LED)",0.32,84.56023622047243
"LG","85QNED93A6A","LCD (LED)",0.32,84.56023622047243
"LG","85QNED92A6A","LCD (LED)",0.32,84.56023622047243
"LG","85QNED92ASA","LCD (LED)",0.32,84.56023622047243
"LG","85QNED92AUA","LCD (LED)",0.32,84.56023622047243
"LG","85QNED93AKA","LCD (LED)",0.32,84.56023622047243
"LG","85QNED9#### (# can be A-Z, 0-9 or ""-"" or ""."" or blank)","LCD (LED)",0.32,84.56023622047243
"EKO","K70USTW","LCD (LED)",0.45,69.50314960629922
"COOCAA","32E5500H","LCD (LED)",0.299,31.517322834645668
"HISENSE","40A4Q","LCD (LED)",0.25,39.5007874015748
"EKO","K320HGPB","LCD (LED)",0.415,31.517322834645668
"LINSAR","LS60UHDNF25","LCD",0.35,60.10944881889763
"AIWA","AWC400W","LCD",0.25,39.5007874015748
"SAMSUNG","QA43Q7FAAW","LCD (LED)",0.5,42.514566929133856
"SAMSUNG","QA43Q7FAAS","LCD (LED)",0.5,42.514566929133856
"SAMSUNG","QA43QEF1AW","LCD (LED)",0.5,42.514566929133856
"SAMSUNG","QA43QEF1AS","LCD (LED)",0.5,42.514566929133856
"SAMSUNG","QA43Q*F SERIES","LCD (LED)",0.5,42.514566929133856
"SAMSUNG","QA50Q7FAAW","LCD (LED)",0.5,49.4988188976378
"SAMSUNG","QA50Q7FAAS","LCD (LED)",0.5,49.4988188976378
"SAMSUNG","QA50QEF1AW","LCD (LED)",0.5,49.4988188976378
"SAMSUNG","QA50QEF1AS","LCD (LED)",0.5,49.4988188976378
"SAMSUNG","QA50Q*F SERIES","LCD (LED)",0.5,49.4988188976378
"TCL","98C7K","LCD (LED)",0.338,97.48188976377953
"LG","55QNED70A6A","LCD (LED)",0.4,54.63897637795275
"LG","55QNED70ASA","LCD (LED)",0.4,54.63897637795275
"LG","65QNED70A6A","LCD (LED)",0.4,64.52637795275591
"LG","65QNED70ASA","LCD (LED)",0.4,64.52637795275591
"TOSHIBA","55Z670RP","LCD (LED)",0.31,54.63897637795275
"TOSHIBA","65Z670RP","LCD (LED)",0.32,64.5259842519685
"TOSHIBA","75Z670RP","LCD (LED)",0.41,74.54330708661418
"TOSHIBA","85Z670RP","LCD (LED)",0.26,84.56023622047243
"SAMSUNG","QA55QN3EFAW","LCD (LED)",0.5,54.63897637795275
"SAMSUNG","QA55QN3EFAS","LCD (LED)",0.5,54.63897637795275
"SAMSUNG","QA55QN3EFA*","LCD (LED)",0.5,54.63897637795275
"PHILIPS","65OLED789/98","OLED",0.36,64.51889763779526
"SAMSUNG","QA65QN3EFAS","LCD (LED)",0.5,64.52637795275591
"PHILIPS","55OLED789/98","OLED",0.35,54.64488188976378
"SAMSUNG","QA65LST7TAW","LCD (LED)",0.5,64.4996062992126
"SAMSUNG","QA75LST7TAW","LCD (LED)",0.5,74.52992125984252
"BAUHN","ATV75UHDT-0725","LCD",0.42,74.54330708661418
"SAMSUNG","UA75U8000FW","LCD (LED)",0.5,74.54251968503937
"SAMSUNG","UA75U8000FS","LCD (LED)",0.5,74.54251968503937
"SAMSUNG","UA75U8500FW","LCD (LED)",0.5,74.54251968503937
"SAMSUNG","UA75U8500FS","LCD (LED)",0.5,74.54251968503937
"SAMSUNG","UA75UE100FS","LCD (LED)",0.5,74.54251968503937
"SAMSUNG","UA75U**00F*","LCD (LED)",0.5,74.54251968503937
"SAMSUNG","UA65UE100FS","LCD (LED)",0.5,64.52637795275591
"SAMSUNG","UA65U**00F*","LCD (LED)",0.5,64.52637795275591
"SAMSUNG","UA65U8000FW","LCD (LED)",0.5,64.52637795275591
"SAMSUNG","UA65U8000FS","LCD (LED)",0.5,64.52637795275591
"SAMSUNG","UA65U8500FW","LCD (LED)",0.5,64.52637795275591
"SAMSUNG","UA65U8500FS","LCD (LED)",0.5,64.52637795275591
"SAMSUNG","UA55U8500FW","LCD (LED)",0.5,54.63897637795275
"SAMSUNG","UA55U8500FS","LCD (LED)",0.5,54.63897637795275
"SAMSUNG","UA55UE100FS","LCD (LED)",0.5,54.63897637795275
"SAMSUNG","UA55U**00F*","LCD (LED)",0.5,54.63897637795275
"SAMSUNG","UA55U8000FW","LCD (LED)",0.5,54.63897637795275
"SAMSUNG","UA55U8000FS","LCD (LED)",0.5,54.63897637795275
"SAMSUNG","UA43UE100FS","LCD (LED)",0.5,42.514566929133856
"SAMSUNG","UA43U**00F*","LCD (LED)",0.5,42.514566929133856
"SAMSUNG","UA43U8000FW","LCD (LED)",0.5,42.514566929133856
"SAMSUNG","UA43U8000FS","LCD (LED)",0.5,42.514566929133856
"SAMSUNG","UA43U8500FW","LCD (LED)",0.5,42.514566929133856
"SAMSUNG","UA43U8500FS","LCD (LED)",0.5,42.514566929133856
"SAMSUNG","UA50U8000FW","LCD (LED)",0.5,49.4988188976378
"SAMSUNG","UA50U8000FS","LCD (LED)",0.5,49.4988188976378
"SAMSUNG","UA50U8500FW","LCD (LED)",0.5,49.4988188976378
"SAMSUNG","UA50U8500FS","LCD (LED)",0.5,49.4988188976378
"SAMSUNG","UA50UE100FS","LCD (LED)",0.5,49.4988188976378
"SAMSUNG","UA50U**00F*","LCD (LED)",0.5,49.4988188976378
"SAMSUNG","UA85UE100FS","LCD (LED)",0.5,84.56023622047243
"SAMSUNG","UA85U**00F*","LCD (LED)",0.5,84.56023622047243
"SAMSUNG","UA85U8000FW","LCD (LED)",0.5,84.56023622047243
"SAMSUNG","UA85U8000FS","LCD (LED)",0.5,84.56023622047243
"SAMSUNG","UA85U8500FW","LCD (LED)",0.5,84.56023622047243
"SAMSUNG","UA85U8500FS","LCD (LED)",0.5,84.56023622047243
"FFALCON","FF43U65","LCD (LED)",0.347,42.5
"FFALCON","FF50U65","LCD (LED)",0.367,49.463779527559055
"FFALCON","FF55U65","LCD (LED)",0.379,54.61062992125985
"FFALCON","FF65U65","LCD (LED)",0.344,64.4996062992126
"FFALCON","FF75U65","LCD (LED)",0.313,74.52992125984252
"HISENSE","55U7N series","LCD (LED)",0.35,54.63897637795275
"HISENSE","55U7QAU","LCD (LED)",0.35,54.63897637795275
"HISENSE","55U7QNZ","LCD (LED)",0.35,54.63897637795275
"HISENSE","65U7Q series","LCD (LED)",0.375,64.5259842519685
"HISENSE","85U7Q series","LCD (LED)",0.34,84.56023622047243
"HISENSE","100U7Q series","LCD (LED)",0.35,99.52125984251968
"HISENSE","75U7Q series","LCD (LED)",0.39,74.54330708661418
"SAMSUNG","QA98QN990FW","LCD (LED)",0.5,97.51496062992125
"SAMSUNG","QA98QN990FS","LCD (LED)",0.5,97.51496062992125
"SAMSUNG","QA98QN990F*","LCD (LED)",0.5,97.51496062992125
"HISENSE","43Q6Q series","LCD (LED)",0.26,42.5
"HISENSE","50Q6Q series","LCD (LED)",0.26,49.5003937007874
"HISENSE","55Q6Q series","LCD (LED)",0.27,54.63897637795275
"HISENSE","65Q6Q series","LCD (LED)",0.38,64.5259842519685
"HISENSE","85Q6Q series","LCD (LED)",0.26,84.56023622047243
"TCL","85X11K","LCD (LED)",0.371,84.56023622047243
"TCL","115C7K","LCD (LED)",0.394,114.45629921259842
"AKAI","AK4022S7WOS","LCD",0.35,39.502362204724406
"TCL","32S5K","LCD (LED)",0.416,31.48307086614173
"TCL","40S5K","LCD (LED)",0.337,39.49015748031496
"LG","32LR655BPSA","LCD (LED)",0.4,31.512992125984255
"HISENSE","65Q7QAU","LCD (LED)",0.33,64.5259842519685
"HISENSE","65Q7QNZ","LCD (LED)",0.33,64.5259842519685
"HISENSE","75Q7QAU","LCD (LED)",0.27,74.54330708661418
"HISENSE","75Q7QNZ","LCD (LED)",0.27,74.54330708661418
"HISENSE","85Q7QAU","LCD (LED)",0.26,84.56023622047243
"HISENSE","85Q7QNZ","LCD (LED)",0.26,84.56023622047243
"HISENSE","100Q7QAU","LCD (LED)",0.35,99.52125984251968
"HISENSE","100Q7QNZ","LCD (LED)",0.35,99.52125984251968
"HISENSE","65Q7Q series","LCD (LED)",0.33,64.5259842519685
"HISENSE","75Q7Q series","LCD (LED)",0.27,74.54330708661418
"HISENSE","85Q7Q series","LCD (LED)",0.26,84.56023622047243
"HISENSE","100Q7Q series","LCD (LED)",0.35,99.52125984251968
"ZEN TV","ZEN 3202","LCD (LED)",0.5,31.42952755905512
"ZEN TV","ZEN 3201","LCD (LED)",0.5,31.42952755905512
"ZEN TV","ZEN2401","LCD",0.3,23.989763779527557
"HISENSE","65U8QAU","LCD (LED)",0.4,64.5259842519685
"HISENSE","65U8QNZ","LCD (LED)",0.4,64.5259842519685
"HISENSE","75U8QAU","LCD (LED)",0.39,74.54330708661418
"HISENSE","85U8QAU","LCD (LED)",0.34,84.56023622047243
"HISENSE","65U8Q Series","LCD (LED)",0.4,64.5259842519685
"HISENSE","75U8QNZ","LCD (LED)",0.39,74.54330708661418
"HISENSE","75U8Q Series","LCD (LED)",0.39,74.54330708661418
"HISENSE","85U8QNZ","LCD (LED)",0.34,84.56023622047243
"HISENSE","85U8Q","LCD (LED)",0.34,84.56023622047243
"LG","75QNED70A6A","LCD (LED)",0.4,74.51771653543307
"LG","75QNED70ASA","LCD (LED)",0.4,74.51771653543307
"CHIQ","U75M10F","LCD",0.4,74.54330708661418
"AIWA","AWS650WG","LCD (LED)",0.35,64.5259842519685
"ZEN TV","ZEN 2402","LCD",0.4,23.440944881889763
"RCA","RT-24G01A","LCD",0.4,23.440944881889763
"AKAI","AK40FHDZEN","LCD (LED)",0.3,39.50275590551181
"KOGAN","KAQL75MQ8TA","LCD (LED)",0.3,74.54330708661418
"KOGAN","KAQL75MQ8TB","LCD (LED)",0.3,74.54330708661418
"KOGAN","KAQL75MQ8TC","LCD (LED)",0.3,74.54330708661418
"KOGAN","KAQL75MQ8TD","LCD (LED)",0.3,74.54330708661418
"KOGAN","LED (backlighting) TV","LCD (LED)",0.3,74.54330708661418
"KOGAN","KAQL65MQ8TA","LCD (LED)",0.3,64.5259842519685
"KOGAN","KAQL65MQ8TB","LCD (LED)",0.3,64.5259842519685
"KOGAN","KAQL65MQ8TC","LCD (LED)",0.3,64.5259842519685
"KOGAN","KAQL65MQ8TD","LCD (LED)",0.3,64.5259842519685
"KOGAN","KAQL65MQ8TE","LCD (LED)",0.3,64.5259842519685
"KOGAN","LED (backlighting) TV","LCD (LED)",0.3,64.5259842519685
"KOGAN","KAQL75MQ8TE","LCD (LED)",0.3,74.54330708661418
"LG","32LR650BPSA","LCD (LED)",0.4,31.512992125984255
"KOGAN","KAQL55MQ8TA","LCD (LED)",0.3,54.63897637795275
"KOGAN","KAQL55MQ8TB","LCD (LED)",0.3,54.63897637795275
"KOGAN","KAQL55MQ8TC","LCD (LED)",0.3,54.63897637795275
"KOGAN","KAQL55MQ8TD","LCD (LED)",0.3,54.63897637795275
"KOGAN","KAQL55MQ8TE","LCD (LED)",0.3,54.63897637795275
"KOGAN","LED (backlighting) TV","LCD (LED)",0.3,54.63897637795275
"LINSAR","LS24HDNFB","LCD (LED)",0.5,23.553937007874016
"LINSAR","LS32HDNFB","LCD (LED)",0.4,31.512992125984255
"CHIQ","L40M10","LCD (LED)",0.43,39.5007874015748
"CHIQ","L32M10","LCD (LED)",0.45,31.511417322834646
"CHIQ","U65QM10","LCD (LED)",0.3,64.5259842519685
"CHIQ","U65M10F","LCD (LED)",0.3,64.5259842519685
"CHIQ","L40G5AU","LCD (LED)",0.35,39.49015748031496
"AIWA","AWS400G2","LCD (LED)",0.43,39.5007874015748
"KOGAN","KALED55U95TB","LCD (LED)",0.43,54.63897637795275
"KOGAN","KALED55U95TC","LCD (LED)",0.43,54.63897637795275
"KOGAN","KALED55U95TD","LCD (LED)",0.43,54.63897637795275
"KOGAN","KALED55U95TE","LCD (LED)",0.43,54.63897637795275
"KOGAN","KALED55U95TF","LCD (LED)",0.43,54.63897637795275
"KOGAN","LED (backlighting) TV","LCD (LED)",0.43,54.63897637795275
"KOGAN","KAQL32FQ9TA","LCD (LED)",0.4,31.511417322834646
"KOGAN","KAQL32FQ9TB","LCD (LED)",0.4,31.511417322834646
"KOGAN","KAQL32FQ9TC","LCD (LED)",0.4,31.511417322834646
"KOGAN","KAQL32FQ9TD","LCD (LED)",0.4,31.511417322834646
"KOGAN","KAQL32FQ9TE","LCD (LED)",0.4,31.511417322834646
"KOGAN","LED (backlighting) TV","LCD (LED)",0.4,31.511417322834646
"TCL","98X11K","LCD (LED)",0.407,97.48188976377953
"FFALCON","FF32S55","LCD (LED)",0.416,31.48307086614173
"FFALCON","FF40S55","LCD (LED)",0.337,39.49015748031496
"SAMSUNG","BE43FX-H","LCD (LED)",0.5,42.514566929133856
"SAMSUNG","BE50FX-H","LCD (LED)",0.5,49.4988188976378
"SAMSUNG","BE55FX-H","LCD (LED)",0.5,54.63897637795275
"BAUHN","ATV50UHDT-0825","LCD (LED)",0.432,49.49803149606299
"SYLVOX","OT55A6KOEC","LCD",0.43,54.63897637795275
"HISENSE","55U6QAU PRO","LCD (LED)",0.36,54.63897637795275
"HISENSE","55U6QNZ PRO","LCD (LED)",0.36,54.63897637795275
"HISENSE","65U6QAU PRO","LCD (LED)",0.32,64.5259842519685
"HISENSE","65U6QNZ PRO","LCD (LED)",0.32,64.5259842519685
"HISENSE","75U6QAU PRO","LCD (LED)",0.33,74.54330708661418
"HISENSE","75U6QNZ PRO","LCD (LED)",0.33,74.54330708661418
"HISENSE","85U6QAU PRO","LCD (LED)",0.3,84.56023622047243
"HISENSE","85U6QNZ PRO","LCD (LED)",0.3,84.56023622047243
"HISENSE","100U6QAU PRO","LCD (LED)",0.35,99.52125984251968
"HISENSE","100U6QNZ PRO","LCD (LED)",0.35,99.52125984251968
"SAMSUNG","BE65FX-H","LCD (LED)",0.5,64.52637795275591
"SAMSUNG","BE75FX-H","LCD (LED)",0.5,74.54251968503937
"SAMSUNG","BE85FX-H","LCD (LED)",0.5,84.56023622047243
"HISENSE","55U6Q PRO series","LCD (LED)",0.36,54.63897637795275
"HISENSE","65U6Q PRO series","LCD (LED)",0.32,64.5259842519685
"HISENSE","75U6Q PRO series","LCD (LED)",0.33,74.54330708661418
"HISENSE","85U6Q PRO series","LCD (LED)",0.3,84.56023622047243
"HISENSE","100U6Q PRO series","LCD (LED)",0.35,99.52125984251968
"SAMSUNG","HG43U800FAW","LCD (LED)",0.5,42.51417322834646
"SAMSUNG","HG50U800FAW","LCD (LED)",0.5,49.4988188976378
"SAMSUNG","HG55U800FAW","LCD (LED)",0.5,54.63897637795275
"SAMSUNG","HG65U800FAW","LCD (LED)",0.5,64.52637795275591
"SAMSUNG","HG75U800FAW","LCD (LED)",0.5,74.54251968503937
"SAMSUNG","HG85U800FAW","LCD (LED)",0.5,84.56023622047243
"CHIQ","U43QM10","LCD (LED)",0.36,42.514566929133856
"SYLVOX","OT55KOC","LCD",0.43,54.63897637795275
"SYLVOX","OT55A6KOEC, OT55KOC","LCD",0.43,54.63897637795275
"SYLVOX","OT65A6KOEC","LCD",0.41728,64.5259842519685
"SYLVOX","OT65KOC","LCD",0.41728,64.5259842519685
"SYLVOX","OT75A6KOEC","LCD",0.367584,74.54330708661418
"SYLVOX","OT75KOC","LCD",0.367584,74.54330708661418
"SYLVOX","OT65A6KOEC, OT65KOC","LCD",0.41728,64.5259842519685
"SYLVOX","OT75A6KOEC, OT75KOC","LCD",0.367584,74.54330708661418
"CHIQ","U50QM10","LCD (LED)",0.4,49.5003937007874
"CHIQ","U55M10F","LCD (LED)",0.4,54.63897637795275
"CHIQ","U75QM10","LCD (LED)",0.4,74.54330708661418
"LG","43UK660H0LA","LCD (LED)",0.4,42.514566929133856
"LG","50UK660H0LA","LCD (LED)",0.4,49.4988188976378
"LG","55UK660H0LA","LCD (LED)",0.4,54.63897637795275
"LG","65UK660H0LA","LCD (LED)",0.4,64.52637795275591
"LINSAR","LS85UHDZEN25S","LCD (LED)",0.41,84.56023622047243
"KOGAN","KALD24DH67NA","LCD",0.14,23.55275590551181
"KOGAN","*24*","LCD",0.14,23.55275590551181
"SAMSUNG","QA115QN90FW","LCD (LED)",0.5,114.48188976377952
"SAMSUNG","QA115QN90FS","LCD (LED)",0.5,114.48188976377952
"SAMSUNG","QA115QN90F*","LCD (LED)",0.5,114.48188976377952
"KOGAN","KALD24D97SNA","LCD",0.27,23.55275590551181
"JVC","LT-42NQ5155AJ","LCD (LED)",0.33,41.50196850393701
"KOGAN","KALD32D97SNA","LCD",0.27,31.511417322834646
"AOA","LTG43UHD","LCD (LED)",0.3,42.514566929133856
"SAMSUNG","UA32F6000FW","LCD (LED)",0.5,31.499212598425196
"SAMSUNG","UA32F6000FS","LCD (LED)",0.5,31.499212598425196
"SAMSUNG","S32F6000FW","LCD (LED)",0.5,31.499212598425196
"SAMSUNG","S32F6000FS","LCD (LED)",0.5,31.499212598425196
"SAMSUNG","**32F6000F*","LCD (LED)",0.5,31.499212598425196
"LG","OLED48G5PSA","OLED",0.4,47.52795275590551
"LG","OLED48G56LS","OLED",0.4,47.52795275590551
"SKYWORTH","32LP70G","LCD (LED)",0.415,31.517322834645668
"KOGAN","KALD24DH67NB","LCD",0.14,23.55275590551181
"KOGAN","KALD24DH67NC","LCD",0.14,23.55275590551181
"KOGAN","KALD24DH67ND","LCD",0.14,23.55275590551181
"KOGAN","KALD24D97SNB","LCD",0.27,23.55275590551181
"KOGAN","KALD24D97SNC","LCD",0.27,23.55275590551181
"KOGAN","KALD24D97SND","LCD",0.27,23.55275590551181
"KOGAN","*24*","LCD",0.27,23.55275590551181
"KOGAN","KALD32D97SNB","LCD",0.27,31.511417322834646
"KOGAN","KALD32D97SNC","LCD",0.27,31.511417322834646
"KOGAN","KALD32D97SND","LCD",0.27,31.511417322834646
"KOGAN","*32*","LCD",0.27,31.511417322834646
"BLAUPUNKT","BP24WOSDVD","LCD (LED)",0.28,23.807086614173226
"SKYWORTH","SW32LP70G","LCD (LED)",0.415,31.517322834645668
"EKO","K43FST","LCD (LED)",0.27,42.75314960629921
"HISENSE","100U8QAU","LCD (LED)",0.38,99.52125984251968
"HISENSE","100U8QNZ","LCD (LED)",0.38,99.52125984251968
"HISENSE","100UXAU","LCD (LED)",0.39,99.52125984251968
"HISENSE","100UXNZ","LCD (LED)",0.39,99.52125984251968
"HISENSE","100U8Q series","LCD (LED)",0.38,99.52125984251968
"HISENSE","100UX series","LCD (LED)",0.39,99.52125984251968
"HISENSE","116UXAU","LCD (LED)",0.43,115.50078740157481
"HISENSE","116UXNZ","LCD (LED)",0.43,115.50078740157481
"HISENSE","116UX series","LCD (LED)",0.43,115.50078740157481
"LG","65UK760H0SD","LCD (LED)",0.4,64.52637795275591
"HYUNDAI","H75UHDQLDZEN","LCD (LED)",0.4,74.54330708661418
"LG","55UK767H0SA","LCD (LED)",0.4,54.63897637795275
"SAMSUNG","HG43U700FAW","LCD (LED)",0.5,42.514566929133856
"SAMSUNG","HG50U700FAW","LCD (LED)",0.5,49.4988188976378
"KOGAN","KAL40F98TA","LCD (LED)",0.41,39.5007874015748
"KOGAN","KAL40F98TB","LCD (LED)",0.41,39.5007874015748
"KOGAN","KAL40F98TC","LCD (LED)",0.41,39.5007874015748
"KOGAN","KAL40F98TD","LCD (LED)",0.41,39.5007874015748
"KOGAN","KAL40F98TE","LCD (LED)",0.41,39.5007874015748
"KOGAN","KAL40F98T*","LCD (LED)",0.41,39.5007874015748
"SAMSUNG","HG55U700FAW","LCD (LED)",0.5,54.63897637795275
"SAMSUNG","HG65U700FAW","LCD (LED)",0.5,64.52637795275591
"SAMSUNG","HG75U700FAW","LCD (LED)",0.5,74.54251968503937
"DGTEC","DG55UHDW-23352","LCD",0.34,54.48858267716536
"AIWA","AWCD24DW","LCD (LED)",0.28,23.807086614173226
"KOGAN","KAQL50Q97TA","LCD (LED)",0.3,49.5003937007874
"KOGAN","KAQL50Q97TB","LCD (LED)",0.3,49.5003937007874
"KOGAN","KAQL50Q97TC","LCD (LED)",0.3,49.5003937007874
"KOGAN","KAQL50Q97TD","LCD (LED)",0.3,49.5003937007874
"KOGAN","KAQL50Q97TE","LCD (LED)",0.3,49.5003937007874
"KOGAN","KAQL50Q97T*","LCD (LED)",0.3,49.5003937007874
"EKO","K430FGT","LCD",0.301,42.572834645669296
"KOGAN","KAQL55Q97TA","LCD (LED)",0.3,54.63897637795275
"KOGAN","KAQL55Q97TB","LCD (LED)",0.3,54.63897637795275
"KOGAN","KAQL55Q97TC","LCD (LED)",0.3,54.63897637795275
"KOGAN","KAQL55Q97TD","LCD (LED)",0.3,54.63897637795275
"KOGAN","KAQL55Q97TE","LCD (LED)",0.3,54.63897637795275
"KOGAN","KAQL55Q97T*","LCD (LED)",0.3,54.63897637795275
"KOGAN","KAQL65Q97TA","LCD (LED)",0.3,64.5259842519685
"KOGAN","KAQL65Q97TB","LCD (LED)",0.3,64.5259842519685
"KOGAN","KAQL65Q97TC","LCD (LED)",0.3,64.5259842519685
"KOGAN","KAQL65Q97TD","LCD (LED)",0.3,64.5259842519685
"KOGAN","KAQL65Q97TE","LCD (LED)",0.3,64.5259842519685
"KOGAN","KAQL65Q97T*","LCD (LED)",0.3,64.5259842519685
"KOGAN","KALED75U95TB","LCD (LED)",0.35,74.54330708661418
"KOGAN","KALED75U95TC","LCD (LED)",0.35,74.54330708661418
"KOGAN","KALED75U95TD","LCD (LED)",0.35,74.54330708661418
"KOGAN","KALED75U95TE","LCD (LED)",0.35,74.54330708661418
"KOGAN","KALED75U95TF","LCD (LED)",0.35,74.54330708661418
"KOGAN","KALED75U95T*","LCD (LED)",0.35,74.54330708661418
"KOGAN","KAL32R98TA","LCD (LED)",0.4,31.511417322834646
"KOGAN","KAL32R98TB","LCD (LED)",0.4,31.511417322834646
"KOGAN","KAL32R98TC","LCD (LED)",0.4,31.511417322834646
"KOGAN","KAL32R98TD","LCD (LED)",0.4,31.511417322834646
"KOGAN","KAL32R98TE","LCD (LED)",0.4,31.511417322834646
"KOGAN","KAL32R98T*","LCD (LED)",0.4,31.511417322834646
"LG","65UK762H0LB","LCD (LED)",0.4,64.52637795275591
"LG","43UK762H0LB","LCD (LED)",0.4,42.514566929133856
"LG","50UK762H0LB","LCD (LED)",0.4,49.4988188976378
"LG","55UK762H0LB","LCD (LED)",0.4,54.63897637795275
"JVC","LT-43NQ5165A","LCD (LED)",0.39,42.5
"LG","43UA841C0SA","LCD (LED)",0.4,42.514566929133856
"LG","50UA841C0SA","LCD (LED)",0.4,49.4988188976378
"LG","55UA841C0SA","LCD (LED)",0.4,54.63897637795275
"LG","65UA841C0SA","LCD (LED)",0.4,64.52637795275591
"LG","43UK767H0LB","LCD (LED)",0.4,42.514566929133856
"BAUHN","ATV75UHDW-0925","LCD",0.31,74.54330708661418
"LG","50UK767H0LB","LCD (LED)",0.4,49.4988188976378
"LG","55UK767H0LB","LCD (LED)",0.4,54.63897637795275
"LG","65UK767H0LB","LCD (LED)",0.4,64.52637795275591
"BLAUPUNKT","BP550USG60100","LCD",0.365,54.64488188976378
"BLAUPUNKT","BP650USG60100","LCD",0.307,64.55314960629921
"KOGAN","KALED43U95TA","LCD (LED)",0.37,42.514566929133856
"KOGAN","KALED43U95TB","LCD (LED)",0.37,42.514566929133856
"KOGAN","KALED43U95TC","LCD (LED)",0.37,42.514566929133856
"KOGAN","KALED43U95TD","LCD (LED)",0.37,42.514566929133856
"KOGAN","KALED43U95TE","LCD (LED)",0.37,42.514566929133856
"KOGAN","KALED43U95T*","LCD (LED)",0.37,42.514566929133856
"JVC","LT-32NQ3165A","LCD (LED)",0.4,31.517322834645668
"KOGAN","KAL24DH5400VA","LCD (LED)",0.38,23.553937007874016
"KOGAN","KAL24DH5400VB","LCD (LED)",0.38,23.553937007874016
"KOGAN","KAL24DH5400VC","LCD (LED)",0.38,23.553937007874016
"KOGAN","KAL24DH5400VA,KAL24DH5400VB,KAL24DH5400VC","LCD (LED)",0.38,23.553937007874016
"DGTEC","DG55UHDW-22858","LCD",0.34,54.48858267716536
"AIWA","AWCD32DW","LCD (LED)",0.36,31.511417322834646
"KOGAN","KALED50U95TA","LCD (LED)",0.3,49.5003937007874
"KOGAN","KALED50U95TB","LCD (LED)",0.3,49.5003937007874
"KOGAN","KALED50U95TC","LCD (LED)",0.3,49.5003937007874
"KOGAN","KALED50U95TD","LCD (LED)",0.3,49.5003937007874
"KOGAN","KALED50U95TE","LCD (LED)",0.3,49.5003937007874
"KOGAN","KALED50U95T*","LCD (LED)",0.3,49.5003937007874
"SAMSUNG","UA32T5300A","LCD (LED)",0.5,31.48307086614173
"SAMSUNG","UA32T5300AW","LCD (LED)",0.5,31.48307086614173
"SAMSUNG","UA32T5300AS","LCD (LED)",0.5,31.48307086614173
"LG","75UK767H0LB","LCD (LED)",0.4,74.51771653543307
"KOGAN","KAQL75MQ8ZTA","LCD (LED)",0.4,74.54330708661418
"KOGAN","KAQL75MQ8ZTB","LCD (LED)",0.4,74.54330708661418
"KOGAN","KAQL75MQ8ZTC","LCD (LED)",0.4,74.54330708661418
"KOGAN","KAQL75MQ8ZTD","LCD (LED)",0.4,74.54330708661418
"KOGAN","KAQL75MQ8ZTE","LCD (LED)",0.4,74.54330708661418
"KOGAN","KAQL75MQ8ZT*","LCD (LED)",0.4,74.54330708661418
"KOGAN","KAL24R98TA","LCD (LED)",0.4,23.55275590551181
"KOGAN","KAL24R98TB","LCD (LED)",0.4,23.55275590551181
"KOGAN","KAL24R98TC","LCD (LED)",0.4,23.55275590551181
"KOGAN","KAL24R98TD","LCD (LED)",0.4,23.55275590551181
"KOGAN","KAL24R98TE","LCD (LED)",0.4,23.55275590551181
"LOEWE","Stellar 55 DR+ OLED","OLED",0.4,54.61062992125985
"LOEWE","Stella 65 DR+","OLED",0.4,64.55314960629921
"LOEWE","Inspire 48 OLED","OLED",0.37,47.505511811023624
"LOEWE","We SEE 48 OLED","OLED",0.37,47.505511811023624
"LOEWE","Inspire 55 OLED","OLED",0.3,54.61062992125985
"LOEWE","We SEE 55 OLED","OLED",0.3,54.61062992125985
"LOEWE","LOEWE 55 OLED","OLED",0.3,54.61062992125985
"LOEWE","Inspire 65 OLED","OLED",0.3,64.55314960629921
"LOEWE","We SEE 65 OLED","OLED",0.3,64.55314960629921
"LOEWE","LOEWE 65 OLED","OLED",0.3,64.55314960629921
"LOEWE","Stellar 42 DR+ OLED","OLED",0.4,41.54763779527559
"LOEWE","Stellar 48 DR+ OLED","OLED",0.4,47.5248031496063
"SAMSUNG","QA98Q7FAAW","LCD (LED)",0.5,97.51496062992125
"SAMSUNG","QA98Q7FAAS","LCD (LED)",0.5,97.51496062992125
"SAMSUNG","QA98Q7FAA*","LCD (LED)",0.5,97.51496062992125
"BAUHN","ATV40FHDW-1125","LCD",0.395,39.609055118110234
"LOEWE","LOEWE","OLED",0.37,47.505511811023624
"JVC","LT-55NQ7165A","LCD (LED)",0.45,55.312598425196846
"KOGAN","KAQL55MQ8ZTA","LCD (LED)",0.3,54.587007874015754
"KOGAN","KAQL55MQ8ZTB","LCD (LED)",0.3,54.587007874015754
"KOGAN","KAQL55MQ8ZTC","LCD (LED)",0.3,54.587007874015754
"KOGAN","KAQL55MQ8ZTD","LCD (LED)",0.3,54.587007874015754
"KOGAN","KAQL55MQ8ZTE","LCD (LED)",0.3,54.587007874015754
"KOGAN","KAQL55MQ8ZT*","LCD (LED)",0.3,54.587007874015754
"KOGAN","KAQL65MQ8ZTA","LCD (LED)",0.36,64.5259842519685
"KOGAN","KAQL65MQ8ZTB","LCD (LED)",0.36,64.5259842519685
"KOGAN","KAQL65MQ8ZTC","LCD (LED)",0.36,64.5259842519685
"KOGAN","KAQL65MQ8ZTD","LCD (LED)",0.36,64.5259842519685
"KOGAN","KAQL65MQ8ZTE","LCD (LED)",0.36,64.5259842519685
"KOGAN","KAQL65MQ8ZT*","LCD (LED)",0.36,64.5259842519685
"COOCAA","85G6500H","LCD (LED)",0.389,84.54094488188977
"KOGAN","KAL24R98T*","LCD (LED)",0.4,23.55275590551181
"SYLVOX","OQ65A3KOHJ","LCD",0.36552,64.5259842519685
"SYLVOX","OQ75A3KOHJ","LCD",0.33236,74.54330708661418
"SAMSUNG","HG24F800FAW","LCD (LED)",0.5,23.79763779527559
"KOGAN","KAQL65MQXTA","LCD (LED)",0.357,64.5259842519685
"KOGAN","KAQL75MQXTA","LCD (LED)",0.35,74.54330708661418
"KOGAN","KAQL85MQXTA","LCD (LED)",0.328,84.56023622047243
"JVC","AV-AE557155A","OLED",0.45,55.092913385826776
"JVC","LT-55NE7155A","OLED",0.45,55.092913385826776
"JVC","AV-JE557165A","OLED",0.45,55.092913385826776
"JVC","AV-AE557155A series","OLED",0.45,55.092913385826776
"DGTEC","DG75UHDW-23351","LCD",0.31,74.54330708661418
"JVC","LT-65NQ7165A","LCD (LED)",0.45,64.3732283464567
"SAMSUNG","MRA115MR95F","LCD (LED)",0.5,114.48188976377952
"BLAUPUNKT","BP750USG60100","LCD",0.34,74.52992125984252
"KOGAN","KALED60U95TA","LCD (LED)",0.3,60.10275590551181
"KOGAN","KALED60U95TB","LCD (LED)",0.3,60.10275590551181
"KOGAN","KALED60U95TC","LCD (LED)",0.3,60.10275590551181
"KOGAN","KALED60U95TD","LCD (LED)",0.3,60.10275590551181
"KOGAN","KALED60U95TE","LCD (LED)",0.3,60.10275590551181
"KOGAN","KALED60U95T*","LCD (LED)",0.3,60.10275590551181
"SAMSUNG","QA65Q6FAAW","LCD (LED)",0.5,64.52637795275591
"SAMSUNG","QA65Q6FAAS","LCD (LED)",0.5,64.52637795275591
"SAMSUNG","QA65Q6FAA*","LCD (LED)",0.5,64.52637795275591
"SAMSUNG","QA85Q6FAAW","LCD (LED)",0.5,84.56023622047243
"SAMSUNG","QA85Q6FAAS","LCD (LED)",0.5,84.56023622047243
"SAMSUNG","QA85Q6FAA*","LCD (LED)",0.5,84.56023622047243
"SAMSUNG","QA75Q6FAAS","LCD (LED)",0.5,74.54251968503937
"SAMSUNG","QA75Q6FAA*","LCD (LED)",0.5,74.54251968503937
"SAMSUNG","QA75Q6FAAW","LCD (LED)",0.5,74.54251968503937
"AIWA","AWS430QWE","LCD (LED)",0.45,42.5
"JVC","LT-40NQ5155A","LCD (LED)",0.41,39.49015748031496
"JVC","LT-40NQ5165A","LCD (LED)",0.41,39.49015748031496
"JVC","LT-40*******","LCD (LED)",0.41,39.49015748031496
"BAUHN","ATV49FHDT-0126","LCD",0.395,49.51732283464567
"BLAUPUNKT","BP24TIZDVD","LCD (LED)",0.24,23.807086614173226
"BLAUPUNKT","BP32TIZDVD","LCD (LED)",0.24,31.511417322834646
"BLAUPUNKT","BP40TIZDVD","LCD (LED)",0.26,39.5007874015748
"JVC","AV-BQ557165A","LCD (LED)",0.45,54.64488188976378
"EKO","K320HGT12V","LCD (LED)",0.219,31.517322834645668
"EKO","K650UGT2","LCD",0.354,64.4996062992126
"EKO","K650UGT**","LCD",0.354,64.4996062992126
"EKO","K650UGT2Q","LCD",0.354,64.4996062992126
"ALTIUS","AT24HDNFB","LCD (LED)",0.5,23.553937007874016
"AKAI","AK50UHDZEN","LCD (LED)",0.432,49.49803149606299
"EKO","K750UATW","LCD",0.36,74.52992125984252
"AIWA","AWS500WN","LCD (LED)",0.37,49.5003937007874
"AIWA","AWS55DW","LCD (LED)",0.32,54.63897637795275
"AIWA","AWS650QWG","LCD (LED)",0.39,64.5259842519685
"SONY","K-43S20M2","LCD (LED)",0.5,42.5
"SONY","K-50S20M2","LCD (LED)",0.5,49.49803149606299
"SONY","K-55S20M2","LCD (LED)",0.5,54.64488188976378
"SONY","K-65S20M2","LCD (LED)",0.5,64.51889763779526
"SONY","K-75S20M2","LCD (LED)",0.5,74.52992125984252
"BLAUPUNKT","BP320HSG98","LCD",0.303,31.517322834645668
"BLAUPUNKT","BP320FSG98","LCD",0.303,31.517322834645668
"BLAUPUNKT","BP320FSG9800","LCD",0.303,31.517322834645668
"AIWA","AWS550QWE","LCD (LED)",0.45,54.33661417322834
"AIWA","AWS550QW","LCD (LED)",0.45,54.33661417322834
"AIWA","AWS550QWE，AWS550QW","LCD (LED)",0.45,54.33661417322834
"JVC","AV-BQ557165AE","LCD (LED)",0.45,54.33661417322834
"JVC","AV-BQ557165A","LCD (LED)",0.45,54.33661417322834
"EKO","K320HGT","LCD",0.262,31.42952755905512
"EKO","K320FGTQ","LCD",0.262,31.42952755905512
"EKO","K320****","LCD",0.262,31.42952755905512
"EKO","K320HGTLB","LCD",0.262,31.42952755905512
"EKO","K320HGTLW","LCD",0.262,31.42952755905512
"JVC","AV-BQ557165AE, AV-BQ557165A","LCD (LED)",0.45,54.33661417322834
"SPARK ELECTRONICS","55SPA-Outdoor-TV","LCD (LED)",0.4,54.63897637795275
"SPARK ELECTRONICS","65SPA-Outdoor-TV","LCD (LED)",0.4,54.63897637795275
"SPARK ELECTRONICS","75SPA-Outdoor-TV","LCD (LED)",0.4,54.63897637795275
"SPARK ELECTRONICS","55ALF-Outdoor-TV","LCD (LED)",0.4,54.63897637795275
"SPARK ELECTRONICS","65ALF-Outdoor-TV","LCD (LED)",0.4,54.63897637795275
"SPARK ELECTRONICS","75ALFOutdoor-TV","LCD (LED)",0.4,54.63897637795275
"SPARK ELECTRONICS","Outdoor TV","LCD (LED)",0.4,54.63897637795275
"AIWA","AWC240WZ","LCD (LED)",0.4,23.53307086614173
"AIWA","AWC24DW","LCD (LED)",0.4,23.53307086614173
"AIWA","AWC240WZ，AWC24DW","LCD (LED)",0.4,23.53307086614173
"KOGAN","KAQL100MQXTA","LCD (LED)",0.76,99.52125984251968
"KOGAN","KAQL100MQXTB","LCD (LED)",0.76,99.52125984251968
"KOGAN","KAQL100MQXTC","LCD (LED)",0.76,99.52125984251968
"KOGAN","KAQL100MQXTD","LCD (LED)",0.76,99.52125984251968
"KOGAN","KAQL100MQXT*","LCD (LED)",0.76,99.52125984251968
"LG","55QNED86BSA","LCD (LED)",0.4,54.63897637795275
"LG","55QNED87B6A","LCD (LED)",0.4,54.63897637795275
"LG","65QNED86BSA","LCD (LED)",0.4,64.52637795275591
"LG","65QNED87B6A","LCD (LED)",0.4,64.52637795275591
"LG","75QNED86BSA","LCD (LED)",0.4,74.51771653543307
"LG","75QNED87B6A","LCD (LED)",0.4,74.51771653543307
"AIWA","AWS500QW","LCD (LED)",0.45,49.49803149606299
"AIWA","AWS500QWE","LCD (LED)",0.45,49.49803149606299
"AIWA","AWS500QW，AWS500QWE","LCD (LED)",0.45,49.49803149606299
"LG","OLED65B6PSA","OLED",0.4,64.5259842519685
"LG","OLED65B66LA","OLED",0.4,64.5259842519685
"CHIQ","L24D6CG","LCD (LED)",0.23,23.55275590551181
"LG","43NU850B6LA","LCD (LED)",0.4,42.514566929133856
"LG","43NU855BPSA","LCD (LED)",0.4,42.514566929133856
"LG","55NU850B6LA","LCD (LED)",0.4,54.63897637795275
"LG","55NU855BPSA","LCD (LED)",0.4,54.63897637795275
"LG","43QNED80B6B","LCD (LED)",0.4,42.514566929133856
"LG","43QNED80BSA","LCD (LED)",0.4,42.514566929133856
"LG","50NU850B6LA","LCD (LED)",0.4,49.4988188976378
"LG","50NU855BPSA","LCD (LED)",0.4,49.4988188976378
"LG","65NU850B6LA","LCD (LED)",0.4,64.52637795275591
"LG","65NU855BPSA","LCD (LED)",0.4,64.52637795275591
"LG","65QNED80B6B","LCD (LED)",0.4,64.52637795275591
"LG","65QNED80BSA","LCD (LED)",0.4,64.52637795275591
"LG","75MRGB86B6A","LCD (LED)",0.4,74.51771653543307
"LG","75MRGB86BSA","LCD (LED)",0.4,74.51771653543307
"LG","75QNED70B6A","LCD (LED)",0.4,74.51771653543307
"LG","75QNED70BSA","LCD (LED)",0.4,74.51771653543307
"SYLVOX","OT43A7K5GD","LCD",0.44572,42.514566929133856
"SYLVOX","OT43A7K5GF","LCD",0.45184,42.514566929133856
"SYLVOX","OQ43A7K5GF","LCD",0.45184,42.514566929133856
"SYLVOX","OT43A2KEGE","LCD",0.45184,42.514566929133856
"SYLVOX","OQ43A2KEGE","LCD",0.45184,42.514566929133856
"SYLVOX","OQ43A2KOGF","LCD",0.45184,42.514566929133856
"SYLVOX","OT43A2KOGF","LCD",0.45184,42.514566929133856
"SYLVOX","OT43B2K5GF","LCD",0.45184,42.514566929133856
"SYLVOX","OT43A2K3GF","LCD",0.45184,42.514566929133856
"SYLVOX","OQ43A2K3GF","LCD",0.45184,42.514566929133856
"SYLVOX","O*43****GF","LCD",0.45184,42.514566929133856
"LG","85QNED80B6A","LCD (LED)",0.4,84.56023622047243
"LG","85QNED80BSA","LCD (LED)",0.4,84.56023622047243
"LG","OLED65C6PSA","OLED",0.4,64.5259842519685
"LG","OLED65C66LA","OLED",0.4,64.5259842519685
"SYLVOX","OQ43A7K5GD","LCD",0.44572,42.514566929133856
"SYLVOX","OQ43A2KEGC","LCD",0.44572,42.514566929133856
"SYLVOX","OT43A2KOGD","LCD",0.44572,42.514566929133856
"SYLVOX","OQ43A2KOGD","LCD",0.44572,42.514566929133856
"SYLVOX","OT43B3K5GD","LCD",0.44572,42.514566929133856
"SYLVOX","OQ43B3K5GD","LCD",0.44572,42.514566929133856
"SYLVOX","OT43BЗKЗGD","LCD",0.44572,42.514566929133856
"SYLVOX","OQ43BЗKЗGD","LCD",0.44572,42.514566929133856
"SYLVOX","OT43A2K3GD","LCD",0.44572,42.514566929133856
"SYLVOX","O*43**K***","LCD",0.44572,42.514566929133856
"SYLVOX","OQ55A3K8HG","LCD",0.37062,54.63897637795275
"SYLVOX","OT55A7K5GF","LCD",0.376548,54.63897637795275
"SYLVOX","OQ55A7K5GF","LCD",0.376548,54.63897637795275
"SYLVOX","OT55A2KEGE","LCD",0.376548,54.63897637795275
"SYLVOX","OQ55A2KEGE","LCD",0.376548,54.63897637795275
"SYLVOX","OQ55A2KOGF","LCD",0.376548,54.63897637795275
"SYLVOX","OT55A2KOGF","LCD",0.376548,54.63897637795275
"SYLVOX","OT55B2K5GF","LCD",0.376548,54.63897637795275
"SYLVOX","OT55A2K3GF","LCD",0.376548,54.63897637795275
"SYLVOX","OQ55A2K3GF","LCD",0.376548,54.63897637795275
"SYLVOX","O*55**K*G*","LCD",0.376548,54.63897637795275
"SYLVOX","OT55A7K5GD","LCD",0.3956,54.63897637795275
"SYLVOX","O*55**K*G*","LCD",0.3956,54.63897637795275
"SYLVOX","OQ55A7K5GD","LCD",0.3956,54.63897637795275
"SYLVOX","OQ55A2KEGC","LCD",0.3956,54.63897637795275
"SYLVOX","OT55A2KOGD","LCD",0.3956,54.63897637795275
"SYLVOX","OQ55A2KOGD","LCD",0.3956,54.63897637795275
"SYLVOX","OT55B3K5GD","LCD",0.3956,54.63897637795275
"SYLVOX","OQ55B3K5GD","LCD",0.3956,54.63897637795275
"SYLVOX","OT55BЗKЗGD","LCD",0.3956,54.63897637795275
"SYLVOX","OQ55BЗKЗGD","LCD",0.3956,54.63897637795275
"SYLVOX","OT55A2K3GD","LCD",0.3956,54.63897637795275
"SYLVOX","OQ65A3K8HG","LCD",0.3831,64.5259842519685
"SYLVOX","OT65A7K5GF","LCD",0.48412,64.5259842519685
"SYLVOX","OQ65A7K5GF","LCD",0.48412,64.5259842519685
"SYLVOX","OT65A2KEGE","LCD",0.48412,64.5259842519685
"SYLVOX","OQ65A2KEGE","LCD",0.48412,64.5259842519685
"SYLVOX","OQ65A2KOGF","LCD",0.48412,64.5259842519685
"SYLVOX","OT65A2KOGF","LCD",0.48412,64.5259842519685
"SYLVOX","OT65B2K5GF","LCD",0.48412,64.5259842519685
"SYLVOX","OT65A2K3GF","LCD",0.48412,64.5259842519685
"SYLVOX","OQ65A2K3GF","LCD",0.48412,64.5259842519685
"SYLVOX","O*65**K*G*","LCD",0.48412,64.5259842519685
"SYLVOX","OT65A7K5GD","LCD",0.48624,64.5259842519685
"SYLVOX","OQ65A7K5GD","LCD",0.48624,64.5259842519685
"SYLVOX","O*65**K*G*","LCD",0.48624,64.5259842519685
"SYLVOX","OQ65A2KEGC","LCD",0.48624,64.5259842519685
"SYLVOX","OT65A2KOGD","LCD",0.48624,64.5259842519685
"SYLVOX","OQ65A2KOGD","LCD",0.48624,64.5259842519685
"SYLVOX","OT65B3K5GD","LCD",0.48624,64.5259842519685
"SYLVOX","OQ65B3K5GD","LCD",0.48624,64.5259842519685
"SYLVOX","OT65BЗKЗGD","LCD",0.48624,64.5259842519685
"SYLVOX","OQ65BЗKЗGD","LCD",0.48624,64.5259842519685
"SYLVOX","OT65A2K3GD","LCD",0.48624,64.5259842519685
"SYLVOX","OQ75A3K8HG","LCD",0.336164,74.54330708661418
"SYLVOX","OT75A7K5GF","LCD",0.49384,74.54330708661418
"SYLVOX","OQ75A7K5GF","LCD",0.49384,74.54330708661418
"SYLVOX","OT75A2KEGE","LCD",0.49384,74.54330708661418
"SYLVOX","OQ75A2KEGE","LCD",0.49384,74.54330708661418
"SYLVOX","OQ75A2KOGF","LCD",0.49384,74.54330708661418
"SYLVOX","OT75A2KOGF","LCD",0.49384,74.54330708661418
"SYLVOX","OT75B2K5GF","LCD",0.49384,74.54330708661418
"SYLVOX","OT75A2K3GF","LCD",0.49384,74.54330708661418
"SYLVOX","OQ75A2K3GF","LCD",0.49384,74.54330708661418
"SYLVOX","O75**K*G*","LCD",0.49384,74.54330708661418
"SYLVOX","OT75A7K5GD","LCD",0.48856,74.54330708661418
"SYLVOX","OQ75A7K5GD","LCD",0.48856,74.54330708661418
"SYLVOX","OQ75A2KEGC","LCD",0.48856,74.54330708661418
"SYLVOX","OT75A2KOGD","LCD",0.48856,74.54330708661418
"SYLVOX","OQ75A2KOGD","LCD",0.48856,74.54330708661418
"SYLVOX","OT75B3K5GD","LCD",0.48856,74.54330708661418
"SYLVOX","OQ75B3K5GD","LCD",0.48856,74.54330708661418
"SYLVOX","OT75BЗKЗGD","LCD",0.48856,74.54330708661418
"SYLVOX","OQ75BЗKЗGD","LCD",0.48856,74.54330708661418
"SYLVOX","OT75A2K3GD","LCD",0.48856,74.54330708661418
"SYLVOX","O*75**K*G*","LCD",0.48856,74.54330708661418
"AIWA","AV-BO507165A","LCD (LED)",0.45,49.49803149606299
"AIWA","AV-BQ507165AE","LCD (LED)",0.45,49.49803149606299
"AIWA","AV-JQ507165A","LCD (LED)",0.45,49.49803149606299
"AIWA","AWS700WS","LCD (LED)",0.34,69.49921259842519
"JVC","LT-70NQ7165A","LCD (LED)",0.37,69.5035433070866
"AIWA","AWS60DG","LCD (LED)",0.3,60.10275590551181
"TECO","LED32BHSRC","LCD (LED)",0.4,31.855118110236223
"LG","50QNED70B6C","LCD (LED)",0.4,49.4988188976378
"LG","50QNED70BSA","LCD (LED)",0.4,49.4988188976378
"LG","50QNED80B6B","LCD (LED)",0.4,49.4988188976378
"LG","50QNED80BSA","LCD (LED)",0.4,49.4988188976378
"LG","55MRGB86B6A","LCD (LED)",0.4,54.63897637795275
"LG","55MRGB86BSA","LCD (LED)",0.4,54.63897637795275
"LG","55QNED70B6C","LCD (LED)",0.4,54.63897637795275
"LG","55QNED70BSA","LCD (LED)",0.4,54.63897637795275
"LG","55QNED80B6B","LCD (LED)",0.4,54.63897637795275
"LG","55QNED80BSA","LCD (LED)",0.4,54.63897637795275
"LG","75QNED80B6A","LCD (LED)",0.4,74.51771653543307
"LG","75QNED80BSA","LCD (LED)",0.4,74.51771653543307
"LG","85QNED70B6A","LCD (LED)",0.4,84.56023622047243
"LG","85QNED70BSA","LCD (LED)",0.4,84.56023622047243
"PHILIPS","24HFL4025/97","LCD (LED)",0.38,23.553937007874016
"LG","43QNED70B6C","LCD (LED)",0.4,42.514566929133856
"LG","43QNED70BSA","LCD (LED)",0.4,42.514566929133856
"LG","65QNED70B6C","LCD (LED)",0.4,64.52637795275591
"LG","65QNED70BSA","LCD (LED)",0.4,64.52637795275591
"LG","75NU850B6LA","LCD (LED)",0.4,74.51771653543307
"LG","75NU855BPSA","LCD (LED)",0.4,74.51771653543307
"LG","85NU850B6LA","LCD (LED)",0.4,84.56023622047243
"LG","85NU855BPSA","LCD (LED)",0.4,84.56023622047243
"LG","OLED48B6PSA","OLED",0.4,47.52795275590551
"LG","OLED48C6PSA","OLED",0.4,47.52795275590551
"LG","OLED48C66LA","OLED",0.4,47.52795275590551
"LG","OLED55B6PSA","OLED",0.4,54.63897637795275
"LG","OLED55B66LA","OLED",0.4,54.63897637795275
"LG","OLED55C6PSA","OLED",0.4,54.63897637795275
"LG","OLED55C66LA","OLED",0.4,54.63897637795275
"LG","OLED55G6PSB","OLED",0.4,54.63897637795275
"LG","OLED65G6PSB","OLED",0.4,64.52637795275591
"LG","OLED77B6PSA","OLED",0.4,76.66850393700787
"LG","OLED77B66LA","OLED",0.4,76.66850393700787
"LG","OLED77G6PSB","OLED",0.4,76.66850393700787
"BLAUPUNKT","BP24TIZDVD","LCD (LED)",0.27,23.55275590551181
"BAUHN","ATV24HDTB-0226","LCD",0.4237,23.546850393700787
"LG","86MRGB86B6A","LCD (LED)",0.4,85.60748031496064
"LG","86MRGB86BSA","LCD (LED)",0.4,85.60748031496064
"SAMSUNG","UA43M70HAW","LCD (LED)",0.5,42.514566929133856
"SAMSUNG","UA43M70HAS","LCD (LED)",0.5,42.514566929133856
"SAMSUNG","UA43M70HA*","LCD (LED)",0.5,42.514566929133856
"SAMSUNG","UA50M70HAW","LCD (LED)",0.5,49.4988188976378
"SAMSUNG","UA50M70HAS","LCD (LED)",0.5,49.4988188976378
"SAMSUNG","UA50M70HA*","LCD (LED)",0.5,49.4988188976378
"SAMSUNG","UA55M70HAW","LCD (LED)",0.5,54.63897637795275
"SAMSUNG","UA55M70HAS","LCD (LED)",0.5,54.63897637795275
"SAMSUNG","UA55M70HA*","LCD (LED)",0.5,54.63897637795275
"SAMSUNG","UA65M70HAW","LCD (LED)",0.5,64.52637795275591
"SAMSUNG","UA65M70HAS","LCD (LED)",0.5,64.52637795275591
"SAMSUNG","UA65M70HA*","LCD (LED)",0.5,64.52637795275591
"SAMSUNG","UA75M70HAW","LCD (LED)",0.5,74.54251968503937
"SAMSUNG","UA75M70HAS","LCD (LED)",0.5,74.54251968503937
"SAMSUNG","UA75M70HA*","LCD (LED)",0.5,74.54251968503937
"SAMSUNG","UA85M70HAW","LCD (LED)",0.5,84.56023622047243
"SAMSUNG","UA85M70HAS","LCD (LED)",0.5,84.56023622047243
"SAMSUNG","UA85M70HA*","LCD (LED)",0.5,84.56023622047243
"SAMSUNG","UA43U8000HW","LCD (LED)",0.5,42.514566929133856
"SAMSUNG","UA43U8000HS","LCD (LED)",0.5,42.514566929133856
"SAMSUNG","UA43U8500HW","LCD (LED)",0.5,42.514566929133856
"SAMSUNG","UA43U8500HS","LCD (LED)",0.5,42.514566929133856
"SAMSUNG","UA43U8*00H*","LCD (LED)",0.5,42.514566929133856
"SAMSUNG","UA50U8000HW","LCD (LED)",0.5,49.4988188976378
"SAMSUNG","UA50U8000HS","LCD (LED)",0.5,49.4988188976378
"SAMSUNG","UA50U8500HW","LCD (LED)",0.5,49.4988188976378
"SAMSUNG","UA50U8500HS","LCD (LED)",0.5,49.4988188976378
"SAMSUNG","UA50U8*00H*","LCD (LED)",0.5,49.4988188976378
"LG","OLED77C6PSA","OLED",0.4,76.66850393700787
"LG","OLED77C66LA","OLED",0.4,76.66850393700787
"LG","OLED83G6PSB","OLED",0.4,82.51377952755905
"LG","55UA8055PSA","LCD (LED)",0.4,54.63897637795275
"LG","65UA8055PSA","LCD (LED)",0.4,64.52637795275591
"LG","OLED42C6PSA","OLED",0.4,41.54330708661417
"LG","OLED42C67LA","OLED",0.4,41.54330708661417
"LG","OLED83B6PSA","OLED",0.4,82.51377952755905
"LG","OLED83C6PSA","OLED",0.4,82.51377952755905
"LG","OLED83C66LA","OLED",0.4,82.51377952755905
"LG","65MRGB86B6A","LCD (LED)",0.4,64.52637795275591
"LG","65MRGB86BSA","LCD (LED)",0.4,64.52637795275591
"KOGAN","KAQL75Q97TA","LCD (LED)",0.3,74.54330708661418
"KOGAN","KAQL75Q97TB","LCD (LED)",0.3,74.54330708661418
"KOGAN","KAQL75Q97TC","LCD (LED)",0.3,74.54330708661418
"KOGAN","KAQL75Q97TD","LCD (LED)",0.3,74.54330708661418
"KOGAN","KAQL75Q97TE","LCD (LED)",0.3,74.54330708661418
"KOGAN","KAQL75Q97T*","LCD (LED)",0.3,74.54330708661418
"KOGAN","KAQL85MQXTB","LCD (LED)",0.603,84.56023622047243
"KOGAN","KAQL85MQXTC","LCD (LED)",0.603,84.56023622047243
"KOGAN","KAQL85MQXTD","LCD (LED)",0.603,84.56023622047243
"KOGAN","KAQL85MQXT*","LCD (LED)",0.603,84.56023622047243
"KOGAN","KAQL75MQXTB","LCD (LED)",0.536,74.54330708661418
"KOGAN","KAQL75MQXTC","LCD (LED)",0.536,74.54330708661418
"KOGAN","KAQL75MQXTD","LCD (LED)",0.536,74.54330708661418
"KOGAN","KAQL75MQXT*","LCD (LED)",0.536,74.54330708661418
"KOGAN","KAQL65MQXTB","LCD (LED)",0.589,64.5259842519685
"KOGAN","KAQL65MQXTC","LCD (LED)",0.589,64.5259842519685
"KOGAN","KAQL65MQXTD","LCD (LED)",0.589,64.5259842519685
"KOGAN","KAQL65MQXT*","LCD (LED)",0.589,64.5259842519685
"KOGAN","KAQL65MQ9ZTA","LCD (LED)",0.4,64.5259842519685
"KOGAN","KAQL65MQ9ZTB","LCD (LED)",0.4,64.5259842519685
"KOGAN","KAQL65MQ9ZTC","LCD (LED)",0.4,64.5259842519685
"KOGAN","KAQL65MQ9ZTD","LCD (LED)",0.4,64.5259842519685
"KOGAN","KAQL65MQ9ZTE","LCD (LED)",0.4,64.5259842519685
"KOGAN","KAQL65MQ9ZT*","LCD (LED)",0.4,64.5259842519685
"KOGAN","KAQL75MQ9ZTA","LCD (LED)",0.42,74.54330708661418
"KOGAN","KAQL75MQ9ZTB","LCD (LED)",0.42,74.54330708661418
"KOGAN","KAQL75MQ9ZTC","LCD (LED)",0.42,74.54330708661418
"KOGAN","KAQL75MQ9ZTD","LCD (LED)",0.42,74.54330708661418
"KOGAN","KAQL75MQ9ZTE","LCD (LED)",0.42,74.54330708661418
"KOGAN","KAQL75MQ9ZT*","LCD (LED)",0.42,74.54330708661418
"KOGAN","KAQL100MQ9ZTA","LCD (LED)",0.38,99.52125984251968
"KOGAN","KAQL100MQ9ZTB","LCD (LED)",0.38,99.52125984251968
"KOGAN","KAQL100MQ9ZTC","LCD (LED)",0.38,99.52125984251968
"KOGAN","KAQL100MQ9ZTD","LCD (LED)",0.38,99.52125984251968
"KOGAN","KAQL100MQ9ZTE","LCD (LED)",0.38,99.52125984251968
"KOGAN","KAQL100MQ9ZT*","LCD (LED)",0.38,99.52125984251968
"SAMSUNG","UA65U8000HW","LCD (LED)",0.5,64.52637795275591
"SAMSUNG","UA65U8000HS","LCD (LED)",0.5,64.52637795275591
"SAMSUNG","UA65U8500HW","LCD (LED)",0.5,64.52637795275591
"SAMSUNG","UA65U8500HS","LCD (LED)",0.5,64.52637795275591
"SAMSUNG","UA65U8*00H*","LCD (LED)",0.5,64.52637795275591
"SAMSUNG","UA55U8000HW","LCD (LED)",0.5,54.63897637795275
"SAMSUNG","UA55U8000HS","LCD (LED)",0.5,54.63897637795275
"SAMSUNG","UA55U8500HW","LCD (LED)",0.5,54.63897637795275
"SAMSUNG","UA55U8500HS","LCD (LED)",0.5,54.63897637795275
"SAMSUNG","UA55U8*00H*","LCD (LED)",0.5,54.63897637795275
"SAMSUNG","UA85U8000HW","LCD (LED)",0.5,84.56023622047243
"SAMSUNG","UA85U8000HS","LCD (LED)",0.5,84.56023622047243
"SAMSUNG","UA85U8500HW","LCD (LED)",0.5,84.56023622047243
"SAMSUNG","UA85U8500HS","LCD (LED)",0.5,84.56023622047243
"SAMSUNG","UA85U8*00H*","LCD (LED)",0.5,84.56023622047243
"SAMSUNG","UA75U8000HW","LCD (LED)",0.5,74.54251968503937
"SAMSUNG","UA75U8000HS","LCD (LED)",0.5,74.54251968503937
"SAMSUNG","UA75U8500HW","LCD (LED)",0.5,74.54251968503937
"SAMSUNG","UA75U8500HS","LCD (LED)",0.5,74.54251968503937
"SAMSUNG","UA75U8*00H*","LCD (LED)",0.5,74.54251968503937
"KOGAN","KAL50U96VA","LCD (LED)",0.45,49.49803149606299
"KOGAN","KAL50U96VB","LCD (LED)",0.45,49.49803149606299
"KOGAN","KAL50U96VC","LCD (LED)",0.45,49.49803149606299
"KOGAN","KAL50U96VA, KAL50U96V,KAL50U96VC","LCD (LED)",0.45,49.49803149606299
"KOGAN","KAL55U96VA","LCD (LED)",0.45,55.312598425196846
"KOGAN","KAL55U96VB","LCD (LED)",0.45,55.312598425196846
"KOGAN","KAL55U96VC","LCD (LED)",0.45,55.312598425196846
"KOGAN","KAL55U96VA,KAL55U96VB,KAL55U96VC","LCD (LED)",0.45,55.312598425196846
"SAMSUNG","QA85QN80HAW","LCD (LED)",0.5,84.56023622047243
"SAMSUNG","QA85QN80HAS","LCD (LED)",0.5,84.56023622047243
"SAMSUNG","QA85QN80HA*","LCD (LED)",0.5,84.56023622047243
"SAMSUNG","QA65S85HAE","LCD (LED)",0.5,64.52637795275591
"SAMSUNG","QA55S85HAE","LCD (LED)",0.5,54.63897637795275
"SAMSUNG","QA75QN80HAW","LCD (LED)",0.5,74.54251968503937
"SAMSUNG","QA75QN80HAS","LCD (LED)",0.5,74.54251968503937
"SAMSUNG","QA75QN80HA*","LCD (LED)",0.5,74.54251968503937
"SAMSUNG","QA55S90HAW","LCD (LED)",0.5,54.63897637795275
"SAMSUNG","QA55S90HAS","LCD (LED)",0.5,54.63897637795275
"SAMSUNG","QA55S90HA*","LCD (LED)",0.5,54.63897637795275
"SAMSUNG","UA55M80HAW","LCD (LED)",0.5,54.63897637795275
"SAMSUNG","UA55M80HAS","LCD (LED)",0.5,54.63897637795275
"SAMSUNG","UA55M80HA*","LCD (LED)",0.5,54.63897637795275
"LG","86QNED86BSA","LCD (LED)",0.4,85.60748031496064
"LG","86QNED87B6A","LCD (LED)",0.4,85.60748031496064
"BELGIQUE","CCA-BFHD24TV","LCD",0.28,23.708661417322833
"BELGIQUE","VK-2401D","LCD",0.28,23.708661417322833
"BELGIQUE","CCA-BFHD32TV","LCD",0.32,31.644094488188976
"BELGIQUE","VK-3201D","LCD",0.32,31.644094488188976
"BELGIQUE","CCA-BFHD40TV","LCD",0.5,39.48267716535433
"BELGIQUE","VK-4001D","LCD",0.5,39.48267716535433
"SAMSUNG","UA58U8000HS","LCD (LED)",0.5,57.50708661417323
"SAMSUNG","UA70U8000HS","LCD (LED)",0.5,69.50275590551182
"KOGAN","KAQL55MQ9ZTA","LCD (LED)",0.4,54.63897637795275
"KOGAN","KAQL55MQ9ZTB","LCD (LED)",0.4,54.63897637795275
"KOGAN","KAQL55MQ9ZTC","LCD (LED)",0.4,54.63897637795275
"KOGAN","KAQL55MQ9ZTD","LCD (LED)",0.4,54.63897637795275
"KOGAN","KAQL55MQ9ZTE","LCD (LED)",0.4,54.63897637795275
"KOGAN","KAQL55MQ9ZT*","LCD (LED)",0.4,54.63897637795275
"SAMSUNG","QA55QN80HAW","LCD (LED)",0.5,54.63897637795275
"SAMSUNG","QA55QN80HAS","LCD (LED)",0.5,54.63897637795275
"SAMSUNG","QA55QN80HA*","LCD (LED)",0.5,54.63897637795275
"SAMSUNG","QA65QN80HAW","LCD (LED)",0.5,64.52637795275591
"SAMSUNG","QA65QN80HAS","LCD (LED)",0.5,64.52637795275591
"SAMSUNG","QA65QN80HA*","LCD (LED)",0.5,64.52637795275591
"SAMSUNG","MRA75R95HAW","LCD (LED)",0.5,74.54251968503937
"SAMSUNG","MRA75R95HAS","LCD (LED)",0.5,74.54251968503937
"SAMSUNG","MRA75R95HA*","LCD (LED)",0.5,74.54251968503937
"SAMSUNG","MRA85R95HAW","LCD (LED)",0.5,84.56023622047243
"SAMSUNG","MRA85R95HAS","LCD (LED)",0.5,84.56023622047243
"SAMSUNG","MRA85R95HA*","LCD (LED)",0.5,84.56023622047243
"SAMSUNG","MRA65R95HAW","LCD (LED)",0.5,64.52637795275591
"SAMSUNG","MRA65R95HAS","LCD (LED)",0.5,64.52637795275591
"SAMSUNG","MRA65R95HA*","LCD (LED)",0.5,64.52637795275591
"SAMSUNG","QA83S90HAE","LCD (LED)",0.5,82.51377952755905
"SAMSUNG","QA77S90HAW","LCD (LED)",0.5,76.84133858267717
"SAMSUNG","QA77S90HAS","LCD (LED)",0.5,76.84133858267717
"SAMSUNG","QA77S90HA*","LCD (LED)",0.5,76.84133858267717
"LG","OLED55G66LW","OLED",0.4,54.63897637795275
"LG","OLED65G66LW","OLED",0.4,64.52637795275591
"LG","OLED77G66LW","OLED",0.4,76.66850393700787
"LG","OLED83G66LW","OLED",0.4,82.51377952755905
"SAMSUNG","QA65S90HAW","LCD (LED)",0.5,64.52637795275591
"SAMSUNG","QA65S90HAS","LCD (LED)",0.5,64.52637795275591
"SAMSUNG","QA65S90HA*","LCD (LED)",0.5,64.52637795275591
"SAMSUNG","QA50QN70HAW","LCD (LED)",0.5,49.4988188976378
"SAMSUNG","QA50QN70HAS","LCD (LED)",0.5,49.4988188976378
"SAMSUNG","QA50QN70HA*","LCD (LED)",0.5,49.4988188976378
"SAMSUNG","QA65QN70HAW","LCD (LED)",0.5,64.52637795275591
"SAMSUNG","QA65QN70HAS","LCD (LED)",0.5,64.52637795275591
"SAMSUNG","QA65QN70HA*","LCD (LED)",0.5,64.52637795275591
"BELGIQUE","CCA-BFHD**TV","LCD",0.28,23.708661417322833
"CHIQ","U50QM10","LCD (LED)",0.32,49.5003937007874
"LG","55LX7BPSA","LCD (LED)",0.34,54.63897637795275
"LG","55LX7B6LA","LCD (LED)",0.34,54.63897637795275
"LG","55LX7BPUA","LCD (LED)",0.34,54.63897637795275
"LG","55LX7BKNA","LCD (LED)",0.34,54.63897637795275
"LG","55LX7B###","LCD (LED)",0.34,54.63897637795275
"SAMSUNG","QA100QN80HW","LCD (LED)",0.5,99.52125984251968
"SAMSUNG","QA100QN80HS","LCD (LED)",0.5,99.52125984251968
"SAMSUNG","QA100QN80H*","LCD (LED)",0.5,99.52125984251968
"SAMSUNG","QA55QN70HAW","LCD (LED)",0.5,54.63897637795275
"SAMSUNG","QA55QN70HAS","LCD (LED)",0.5,54.63897637795275
"SAMSUNG","QA55QN70HA*","LCD (LED)",0.5,54.63897637795275
"SAMSUNG","QA43QN70HAW","LCD (LED)",0.5,42.5244094488189
"SAMSUNG","QA43QN70HAS","LCD (LED)",0.5,42.5244094488189
"SAMSUNG","QA43QN70HA*","LCD (LED)",0.5,42.5244094488189
"SAMSUNG","QA77S95HAE","LCD (LED)",0.5,76.66850393700787
"SAMSUNG","QA75LS03HWW","LCD (LED)",0.5,74.54251968503937
"SAMSUNG","QA75LS03HWS","LCD (LED)",0.5,74.54251968503937
"SAMSUNG","QA75LS03HW*","LCD (LED)",0.5,74.54251968503937
"SAMSUNG","UA85M80HAW","LCD (LED)",0.5,84.56023622047243
"SAMSUNG","UA85M80HAS","LCD (LED)",0.5,84.56023622047243
"SAMSUNG","UA85M80HA*","LCD (LED)",0.5,84.56023622047243
"SAMSUNG","UA75M80HAW","LCD (LED)",0.5,74.54251968503937
"SAMSUNG","UA75M80HAS","LCD (LED)",0.5,74.54251968503937
"SAMSUNG","UA75M80HA*","LCD (LED)",0.5,74.54251968503937
"SAMSUNG","UA65M80HAW","LCD (LED)",0.5,64.52637795275591
"SAMSUNG","UA65M80HAS","LCD (LED)",0.5,64.52637795275591
"SAMSUNG","UA65M80HA*","LCD (LED)",0.5,64.52637795275591
"LG","65LX7BPSA","LCD (LED)",0.33,64.5259842519685
"LG","65LX7B6LA","LCD (LED)",0.33,64.5259842519685
"LG","65LX7BPUA","LCD (LED)",0.33,64.5259842519685
"LG","65LX7BKNA","LCD (LED)",0.33,64.5259842519685
"LG","65LX7B###","LCD (LED)",0.33,64.5259842519685
"SONY","K-50XR30M2","LCD (LED)",0.5,49.43543307086614
"BELGIQUE","CCA-BFHD**TV","LCD",0.32,31.644094488188976
"BELGIQUE","CCA-BFHD**TV","LCD",0.5,39.48267716535433
"SONY","K-65XR30M2","LCD (LED)",0.5,64.52637795275591
"SONY","K-75XR30M2","LCD (LED)",0.5,74.54251968503937
"SONY","K-85XR30M2","LCD (LED)",0.5,84.56023622047243
"SONY","K-65XR70M2","LCD (LED)",0.5,64.51889763779526
"SONY","K-55XR70M2","LCD (LED)",0.5,54.64488188976378
"SONY","K-50XR70M2","LCD (LED)",0.5,49.49803149606299
"SONY","K-100XR30M2","LCD (LED)",0.5,99.51535433070866
"KOGAN","KAL65U96VA","LCD (LED)",0.45,64.50826771653543
"KOGAN","KAL65U96VB","LCD (LED)",0.45,64.50826771653543
"KOGAN","KAL65U96VC","LCD (LED)",0.45,64.50826771653543
"KOGAN","KAL65U96VA, KAL65U96VB, KAL65U96VC","LCD (LED)",0.45,64.50826771653543
"LG","OLED97G6PSA","OLED",0.4,96.51377952755905
"LG","OLED97G66LW","OLED",0.4,96.51377952755905
"LG","100MRGB96B6","LCD (LED)",0.4,99.52125984251968
"LG","100MRGB96BS","LCD (LED)",0.4,99.52125984251968
"LG","100QNED86BS","LCD (LED)",0.4,99.52125984251968
"LG","100QNED87B6","LCD (LED)",0.4,99.52125984251968
"SONY","K-65XR90M2","LCD (LED)",0.5,64.51889763779526
"TCL","65P7LS","LCD (LED)",0.37,64.4996062992126
"TCL","65C8L","LCD (LED)",0.413,64.4996062992126
"TCL","85C8L","LCD (LED)",0.377,84.56023622047243
"TCL","98C8L","LCD (LED)",0.362,97.48188976377953
"TCL","85X11L","LCD (LED)",0.328,84.56023622047243
"TCL","98X11L","LCD (LED)",0.316,97.48188976377953
"SAMSUNG","QA65S95HAW","LCD (LED)",0.5,64.52637795275591
"SAMSUNG","QA65S95HAS","LCD (LED)",0.5,64.52637795275591
"SAMSUNG","QA65S95HA*","LCD (LED)",0.5,64.52637795275591
"SAMSUNG","QA75QN70HAW","LCD (LED)",0.5,74.54251968503937
"SAMSUNG","QA75QN70HAS","LCD (LED)",0.5,74.54251968503937
"SAMSUNG","QA75QN70HA*","LCD (LED)",0.5,74.54251968503937
"SAMSUNG","QA77S85HAE","LCD (LED)",0.5,76.66850393700787
"SAMSUNG","QA83S85HAE","LCD (LED)",0.5,82.51377952755905
"SAMSUNG","QA83S95HAE","LCD (LED)",0.5,82.51377952755905
"SAMSUNG","QA85LS03HWW","LCD (LED)",0.5,84.56023622047243
"SAMSUNG","QA85LS03HWS","LCD (LED)",0.5,84.56023622047243
"SAMSUNG","QA85LS03HW*","LCD (LED)",0.5,84.56023622047243
"SAMSUNG","QA50QN80HAW","LCD (LED)",0.5,49.4988188976378
"SAMSUNG","QA50QN80HAS","LCD (LED)",0.5,49.4988188976378
"SAMSUNG","QA50QN80HA*","LCD (LED)",0.5,49.4988188976378
"SAMSUNG","QA48S90HAE","LCD (LED)",0.5,47.52795275590551
"SAMSUNG","MRA65R85HAS","LCD (LED)",0.5,64.52637795275591
"SAMSUNG","MRA65R85HAW","LCD (LED)",0.5,64.52637795275591
"SAMSUNG","MRA65R85HA*","LCD (LED)",0.5,64.52637795275591
"SAMSUNG","MRA85R85HAW","LCD (LED)",0.5,84.56023622047243
"SAMSUNG","MRA85R85HAS","LCD (LED)",0.5,84.56023622047243
"SAMSUNG","MRA85R85HA*","LCD (LED)",0.5,84.56023622047243
"SAMSUNG","QA65LS03HWW","LCD (LED)",0.5,64.52637795275591
"SAMSUNG","QA65LS03HWS","LCD (LED)",0.5,64.52637795275591
"SAMSUNG","QA65LS03HW*","LCD (LED)",0.5,64.52637795275591
"KOGAN","KAL32R98VA","LCD (LED)",0.42,31.48307086614173
"KOGAN","KAL32R98VB","LCD (LED)",0.42,31.48307086614173
"KOGAN","KAL32R98VC","LCD (LED)",0.42,31.48307086614173
"KOGAN","KAL32R98VA, KAL32R98VB,KAL32R98VC","LCD (LED)",0.42,31.48307086614173
"MYVI","UR-LED2406DVD","LCD",0.57,23.76259842519685
"MYVI","UR-LED3206DVD","LCD",0.63,31.70236220472441
"SAMSUNG","QA55QN1EHAW","LCD (LED)",0.5,54.63897637795275
"SAMSUNG","QA55QN1EHAS","LCD (LED)",0.5,54.63897637795275
"SAMSUNG","QA55QN1EHA*","LCD (LED)",0.5,54.63897637795275
"SAMSUNG","QA65QN1EHAW","LCD (LED)",0.5,64.52637795275591
"SAMSUNG","QA65QN1EHAS","LCD (LED)",0.5,64.52637795275591
"SAMSUNG","QA65QN1EHA*","LCD (LED)",0.5,64.52637795275591
"SAMSUNG","MRA75R85HAW","LCD (LED)",0.5,74.54251968503937
"SAMSUNG","MRA75R85HAS","LCD (LED)",0.5,74.54251968503937
"SAMSUNG","MRA75R85HA*","LCD (LED)",0.5,74.54251968503937
"SAMSUNG","QA85QN1EHAW","LCD (LED)",0.5,84.56023622047243
"SAMSUNG","QA75QN1EHAW","LCD (LED)",0.5,74.54251968503937
"SAMSUNG","QA55LS03HWW","LCD (LED)",0.5,54.63897637795275
"SAMSUNG","QA55LS03HWS","LCD (LED)",0.5,54.63897637795275
"SAMSUNG","QA55LS03HW*","LCD (LED)",0.5,54.63897637795275
"SAMSUNG","QA42S90HAE","LCD (LED)",0.5,41.54330708661417
"SAMSUNG","QA48S85HAE","LCD (LED)",0.5,47.5244094488189
"SAMSUNG","QA55S95HAW","LCD (LED)",0.5,54.63897637795275
"SAMSUNG","QA55S95HAS","LCD (LED)",0.5,54.63897637795275
"SAMSUNG","QA55S95HA*","LCD (LED)",0.5,54.63897637795275
"SAMSUNG","QA85QN70HAW","LCD (LED)",0.5,84.56023622047243
"SAMSUNG","QA85QN70HAS","LCD (LED)",0.5,84.56023622047243
"SAMSUNG","QA85QN70HA*","LCD (LED)",0.5,84.56023622047243
"SAMSUNG","QA55LS03HEW","LCD (LED)",0.5,54.63897637795275
"SAMSUNG","UA55M1EHAW","LCD (LED)",0.5,54.63897637795275
"SAMSUNG","UA55M1EHAS","LCD (LED)",0.5,54.63897637795275
"SAMSUNG","UA55M1EHA*","LCD (LED)",0.5,54.63897637795275
"LINSAR","LS50QLDVTV","LCD",0.28,49.5003937007874
"SONY","K-85XR90M2","LCD (LED)",0.5,84.56023622047243
"SONY","K-75XR90M2","LCD (LED)",0.5,74.52992125984252
"SAMSUNG","UA65M1EHAW","LCD (LED)",0.5,64.52637795275591
"SAMSUNG","UA65M1EHAS","LCD (LED)",0.5,64.52637795275591
"SAMSUNG","UA65M1EHA*","LCD (LED)",0.5,64.52637795275591
"SAMSUNG","UA75M1EHAW","LCD (LED)",0.5,74.54251968503937
"SAMSUNG","UA75M1EHAS","LCD (LED)",0.5,74.54251968503937
"SAMSUNG","UA75M1EHA*","LCD (LED)",0.5,74.54251968503937
"SAMSUNG","UA85M1EHAW","LCD (LED)",0.5,84.56023622047243
"LG","32LB650B6LA","LCD (LED)",0.4,31.512992125984255
"KOGAN","KAQL85MQ9TA","LCD (LED)",0.41,84.56023622047243
"KOGAN","KAQL85MQ9TB","LCD (LED)",0.41,84.56023622047243
"KOGAN","KAQL85MQ9TC","LCD (LED)",0.41,84.56023622047243
"KOGAN","KAQL85MQ9TD","LCD (LED)",0.41,84.56023622047243
"KOGAN","KAQL85MQ9TE","LCD (LED)",0.41,84.56023622047243
"KOGAN","KAQL85MQ9T*","LCD (LED)",0.41,84.56023622047243
"AIWA","AWB757DW","LCD",0.32,74.54330708661418
"AIWA","AWB243DH","LCD",0.38,23.55275590551181
"LG","32LB655BPSA","LCD (LED)",0.4,31.512992125984255
"LINSAR","LS55QLDVTV","LCD",0.32,54.63149606299213
"LINSAR","LS65QLDVTV","LCD",0.31,64.5259842519685
"LINSAR","LS75QLDVTV","LCD",0.3,74.54055118110236
"LINSAR","LS85QLDVTV","LCD",0.28,84.56023622047243
"SAMSUNG","QA43LS03HEW","LCD (LED)",0.5,42.514566929133856
"SAMSUNG","QA43LS03HES","LCD (LED)",0.5,42.514566929133856
"SAMSUNG","QA43LS03HE*","LCD (LED)",0.5,42.514566929133856
"SAMSUNG","QA98LS03HEW","LCD (LED)",0.5,96.87913385826772
"SAMSUNG","QA98LS03HES","LCD (LED)",0.5,96.87913385826772
"SAMSUNG","QA98LS03HE*","LCD (LED)",0.5,96.87913385826772
"SAMSUNG","UA98U9000HW","LCD (LED)",0.5,97.51692913385827
"SAMSUNG","UA98U9000HS","LCD (LED)",0.5,97.51692913385827
"SAMSUNG","UA98U9000H*","LCD (LED)",0.5,97.51692913385827
"SAMSUNG","QA85LS03HEW","LCD (LED)",0.5,84.56023622047243
"SAMSUNG","QA65LS03HEW","LCD (LED)",0.5,64.52637795275591
"SAMSUNG","HG32F800FAW","LCD (LED)",0.5,31.499212598425196
"SAMSUNG","MRA55R85HAW","LCD (LED)",0.5,54.63897637795275
"SAMSUNG","MRA55R85HAS","LCD (LED)",0.5,54.63897637795275
"SAMSUNG","MRA55R85HA*","LCD (LED)",0.5,54.63897637795275
"TCL","55C7L","LCD (LED)",0.283,54.61062992125985
"FFALCON","FF65U65A","LCD (LED)",0.362,64.4996062992126
"TCL","75P7LS","LCD (LED)",0.349,74.52992125984252
"TCL","85C7L","LCD (LED)",0.327,84.56023622047243
"TCL","98C7L","LCD (LED)",0.324,97.48188976377953
"TCL","75C8L","LCD (LED)",0.389,74.52992125984252
"TCL","43P7LS","LCD (LED)",0.345,42.5
"TCL","50P7LS","LCD (LED)",0.369,49.463779527559055
"TCL","55P7LS","LCD (LED)",0.373,54.61062992125985
"TCL","85P7LS","LCD (LED)",0.356,84.56023622047243
"FFALCON","FF43U65A","LCD (LED)",0.346,42.5
"FFALCON","FF50U65A","LCD (LED)",0.367,49.463779527559055
"FFALCON","FF55U65A","LCD (LED)",0.344,54.61062992125985
"FFALCON","FF75U65A","LCD (LED)",0.342,74.52992125984252
"TCL","75X11L","LCD (LED)",0.407,74.52992125984252
"LG","75QNED82BSA","LCD (LED)",0.4,74.51771653543307
"LG","85QNED82BSA","LCD (LED)",0.4,84.56023622047243
"LG","55QNED82BSA","LCD (LED)",0.4,54.63897637795275
"LG","65QNED82BSA","LCD (LED)",0.4,64.52637795275591
"SONY","K-75XR70M2","LCD (LED)",0.5,74.52992125984252
"SONY","K-85XR70M2","LCD (LED)",0.5,84.56023622047243
"SONY","K-55XR30M2","LCD (LED)",0.5,54.63897637795275
"SAMSUNG","QA75LS03HEW","LCD (LED)",0.5,74.54251968503937
"TCL","75C7L","LCD (LED)",0.349,74.52992125984252
"TCL","65C7L","LCD (LED)",0.338,64.4996062992126
"BAUHN","ATV55UHDW-0426","LCD",0.47,54.48858267716536
"SAMSUNG","QA40Q5FAAW","LCD (LED)",0.5,39.5011811023622
"SAMSUNG","QA40Q5FAAS","LCD (LED)",0.5,39.5011811023622
"SAMSUNG","QA40Q5FAA*","LCD (LED)",0.5,39.5011811023622
"SAMSUNG","QA43Q5FAAW","LCD (LED)",0.5,42.514566929133856
"SAMSUNG","QA43Q5FAAS","LCD (LED)",0.5,42.514566929133856
"SAMSUNG","QA43Q5FAA*","LCD (LED)",0.5,42.514566929133856
"LG","50QNED86BSA","LCD (LED)",0.4,49.4988188976378
"LG","75MRGB96BSA","LCD (LED)",0.4,74.51771653543307
"LG","86MRGB96BSA","LCD (LED)",0.4,85.60748031496064
"TCL","55C6L","LCD (LED)",0.331,54.61062992125985
"TCL","65C6L","LCD (LED)",0.322,64.4996062992126
"TCL","75C6L","LCD (LED)",0.346,74.52992125984252
"TCL","85C6L","LCD (LED)",0.326,84.56023622047243
"SONY","K-98XR70M2","LCD (LED)",0.5,97.51614173228346
"HISENSE","40A4SAU","LCD (LED)",0.25,39.5007874015748
"HISENSE","40A4SNZ","LCD (LED)",0.25,39.5007874015748
"HISENSE","32A4SAU","LCD (LED)",0.37,31.511417322834646
"HISENSE","32A4SNZ","LCD (LED)",0.37,31.511417322834646
"HISENSE","32A4S","LCD (LED)",0.37,31.511417322834646
"HISENSE","40A4S","LCD (LED)",0.25,39.5007874015748
"LG","43NU85CB6LA","LCD (LED)",0.4,42.514566929133856
"LG","43NU85CBPSA","LCD (LED)",0.4,42.514566929133856
"LG","50NU85CB6LA","LCD (LED)",0.4,49.4988188976378
"LG","50NU85CBPSA","LCD (LED)",0.4,49.4988188976378
"LG","55NU85CB6LA","LCD (LED)",0.4,54.63897637795275
"LG","55NU85CBPSA","LCD (LED)",0.4,54.63897637795275
"LG","65NU85CB6LA","LCD (LED)",0.4,64.52637795275591
"LG","65NU85CBPSA","LCD (LED)",0.4,64.52637795275591
"LG","75NU85CB6LA","LCD (LED)",0.4,74.51771653543307
"LG","75NU85CBPSA","LCD (LED)",0.4,74.51771653543307
"LG","85NU85CB6LA","LCD (LED)",0.4,84.56023622047243
"LG","85NU85CBPSA","LCD (LED)",0.4,84.56023622047243
"HISENSE","40Q6SAU","LCD (LED)",0.24,39.5007874015748
"HISENSE","40Q6SNZ","LCD (LED)",0.24,39.5007874015748
"HISENSE","43Q6SAU","LCD (LED)",0.27,42.5
"HISENSE","43Q6SNZ","LCD (LED)",0.27,42.5
"HISENSE","50Q6SAU","LCD (LED)",0.32,49.5003937007874
"HISENSE","55Q6SAU","LCD (LED)",0.33,54.63897637795275
"HISENSE","55Q6SNZ","LCD (LED)",0.33,54.63897637795275
"HISENSE","65Q6SAU","LCD (LED)",0.32,64.5259842519685
"HISENSE","65Q6SNZ","LCD (LED)",0.32,64.5259842519685
"HISENSE","75Q6SAU","LCD (LED)",0.32,74.54330708661418
"HISENSE","75Q6SNZ","LCD (LED)",0.32,74.54330708661418
"HISENSE","85Q6SAU","LCD (LED)",0.34,84.56023622047243
"HISENSE","85Q6SNZ","LCD (LED)",0.34,84.56023622047243
"HISENSE","40Q6S","LCD (LED)",0.24,39.5007874015748
"HISENSE","43Q6S series","LCD (LED)",0.27,42.5
"HISENSE","50Q6SNZ","LCD (LED)",0.32,49.5003937007874
"HISENSE","50Q6S series","LCD (LED)",0.32,49.5003937007874
"HISENSE","65Q6S series","LCD (LED)",0.32,64.5259842519685
"HISENSE","55Q6S series","LCD (LED)",0.33,54.63897637795275
"HISENSE","75Q6S series","LCD (LED)",0.32,74.54330708661418
"HISENSE","85Q6S series","LCD (LED)",0.34,84.56023622047243
"HISENSE","55U7SAU","LCD (LED)",0.38,54.63897637795275
"HISENSE","55U7SNZ","LCD (LED)",0.38,54.63897637795275
"HISENSE","100U7SAU","LCD (LED)",0.4,99.52125984251968
"HISENSE","100U7SNZ","LCD (LED)",0.4,99.52125984251968
"HISENSE","85U7SAU","LCD (LED)",0.43,84.56023622047243
"HISENSE","85U7SNZ","LCD (LED)",0.43,84.56023622047243
"HISENSE","75U7SAU","LCD (LED)",0.36,74.54330708661418
"HISENSE","75U7SNZ","LCD (LED)",0.36,74.54330708661418
"HISENSE","65U7SAU","LCD (LED)",0.34,64.5259842519685
"HISENSE","65U7SNZ","LCD (LED)",0.34,64.5259842519685
"HISENSE","55U7S series","LCD (LED)",0.38,54.63897637795275
"HISENSE","65U7S series","LCD (LED)",0.34,64.5259842519685
"HISENSE","75U7S series","LCD (LED)",0.36,74.54330708661418
"HISENSE","85U7S series","LCD (LED)",0.43,84.56023622047243
"HISENSE","100U7S series","LCD (LED)",0.4,99.52125984251968
"HISENSE","55S7SAU","LCD (LED)",0.39,54.63897637795275
"HISENSE","65S7SAU","LCD (LED)",0.33,64.5259842519685
"HISENSE","55S7SNZ","LCD (LED)",0.39,54.63897637795275
"HISENSE","55S7S","LCD (LED)",0.39,54.63897637795275
"HISENSE","65S7SNZ","LCD (LED)",0.33,64.5259842519685
"HISENSE","65S7S","LCD (LED)",0.33,64.5259842519685
"HISENSE","65UR9SAU","LCD (LED)",0.33,64.5259842519685
"HISENSE","65UR9SNZ","LCD (LED)",0.33,64.5259842519685
"HISENSE","75UR9SAU","LCD (LED)",0.36,74.54330708661418
"HISENSE","75UR9SNZ","LCD (LED)",0.36,74.54330708661418
"HISENSE","85UR9SAU","LCD (LED)",0.43,84.56023622047243
"HISENSE","85UR9SNZ","LCD (LED)",0.43,84.56023622047243
"HISENSE","75U85AU","LCD (LED)",0.43,74.54330708661418
"HISENSE","75U85NZ","LCD (LED)",0.43,74.54330708661418
"HISENSE","85U85AU","LCD (LED)",0.41,84.56023622047243
"HISENSE","85U85NZ","LCD (LED)",0.41,84.56023622047243
"HISENSE","75U85 Series","LCD (LED)",0.43,74.54330708661418
"HISENSE","85U85","LCD (LED)",0.41,84.56023622047243
"HISENSE","65UR9S Series","LCD (LED)",0.33,64.5259842519685
"HISENSE","75UR9S Series","LCD (LED)",0.36,74.54330708661418
"HISENSE","85UR9S","LCD (LED)",0.43,84.56023622047243
"HISENSE","32Q6SAU","LCD (LED)",0.39,31.54763779527559
"HISENSE","32Q6SNZ","LCD (LED)",0.39,31.54763779527559
"HISENSE","32Q6","LCD (LED)",0.39,31.54763779527559
"HISENSE","32Q6QNZ","LCD (LED)",0.39,31.54763779527559
"HISENSE","32Q6QAU","LCD (LED)",0.39,31.54763779527559
"HISENSE","75S7QAU","LCD (LED)",0.39,74.54330708661418
"HISENSE","75S7QNZ","LCD (LED)",0.39,74.54330708661418
"HISENSE","75S7SAU","LCD (LED)",0.39,74.54330708661418
"HISENSE","75S7SNZ","LCD (LED)",0.39,74.54330708661418
"HISENSE","75S7 Series","LCD (LED)",0.39,74.54330708661418
"TCL","98P8LS","LCD (LED)",0.323,97.48188976377953
"LG","OLED77W6PSA","OLED",0.4,76.66850393700787
"LG","OLED77W66LA","OLED",0.4,76.66850393700787
"LG","OLED83W6PSA","OLED",0.4,82.51377952755905
"LG","OLED83W66LA","OLED",0.4,82.51377952755905
"DGTEC","DG49FHDT-23899","LCD",0.395,49.51732283464567
"TOSHIBA","55Z670SP","LCD (LED)",0.35,54.63897637795275
"TOSHIBA","65Z670SP","LCD (LED)",0.32,64.5259842519685
"TOSHIBA","75Z670SP","LCD (LED)",0.43,74.54330708661418
"TOSHIBA","85Z670SP","LCD (LED)",0.36,84.56023622047243
"TOSHIBA","50C350RP","LCD (LED)",0.3,49.5003937007874
"TOSHIBA","50C350SP","LCD (LED)",0.3,49.5003937007874
"TOSHIBA","50C350","LCD (LED)",0.3,49.5003937007874
"TOSHIBA","65C350RP","LCD (LED)",0.32,64.5259842519685
"TOSHIBA","65C350SP","LCD (LED)",0.32,64.5259842519685
"TOSHIBA","65C350","LCD (LED)",0.32,64.5259842519685
"TOSHIBA","85C350RP","LCD (LED)",0.33,84.56023622047243
"TOSHIBA","85C350SP","LCD (LED)",0.33,84.56023622047243
"TOSHIBA","85C350","LCD (LED)",0.33,84.56023622047243
"TOSHIBA","75Z770RP","LCD (LED)",0.33,74.54330708661418
"TOSHIBA","75Z770SP","LCD (LED)",0.33,74.54330708661418
"TOSHIBA","75Z770","LCD (LED)",0.33,74.54330708661418
"TOSHIBA","43C350SP","LCD (LED)",0.23,42.51417322834646
"TOSHIBA","43C350RP","LCD (LED)",0.23,42.51417322834646
"TOSHIBA","43C350","LCD (LED)",0.23,42.51417322834646
"TOSHIBA","55C350RP","LCD (LED)",0.31,54.63897637795275
"TOSHIBA","55C350SP","LCD (LED)",0.31,54.63897637795275
"TOSHIBA","55C350","LCD (LED)",0.31,54.63897637795275
"TOSHIBA","75C350RP","LCD (LED)",0.29,74.54330708661418
"TOSHIBA","75C350SP","LCD (LED)",0.29,74.54330708661418
"TOSHIBA","75C350","LCD (LED)",0.29,74.54330708661418
"TOSHIBA","65Z770RP","LCD (LED)",0.36,64.5259842519685
"TOSHIBA","65Z770SP","LCD (LED)",0.36,64.5259842519685
"TOSHIBA","65Z770","LCD (LED)",0.36,64.5259842519685
"TOSHIBA","85Z770RP","LCD (LED)",0.35,84.56023622047243
"TOSHIBA","85Z770SP","LCD (LED)",0.35,84.56023622047243
"TOSHIBA","85Z770","LCD (LED)",0.35,84.56023622047243
"SONY","K-115XR90M2","LCD (LED)",0.5,114.47559055118109
"LG","43UJ660H5LD","LCD (LED)",0.4,42.514566929133856
"LG","55UJ660H5LD","LCD (LED)",0.4,54.63897637795275
"LG","65UJ660H5LD","LCD (LED)",0.4,64.52637795275591
"LG","43NU830B6LA","LCD (LED)",0.4,42.514566929133856
"LG","50NU830B6LA","LCD (LED)",0.4,49.4988188976378
"LG","55NU830B6LA","LCD (LED)",0.4,54.63897637795275
"LG","65NU830B6LA","LCD (LED)",0.4,64.52637795275591
"LG","75NU830B6LA","LCD (LED)",0.4,74.51771653543307
"LG","32LK660H0LD","LCD (LED)",0.4,31.512992125984255
"SAMSUNG","QA85QN990HW","LCD (LED)",0.5,84.56023622047243
"SAMSUNG","QA85QN990HS","LCD (LED)",0.5,84.56023622047243
"SAMSUNG","QA85QN990H*","LCD (LED)",0.5,84.56023622047243
"SAMSUNG","UA100M90HW","LCD (LED)",0.5,99.52125984251968
"SAMSUNG","UA100M90HS","LCD (LED)",0.5,99.52125984251968
"SAMSUNG","UA100M90H*","LCD (LED)",0.5,99.52125984251968
"HISENSE","55U6SAU","LCD (LED)",0.33,54.63897637795275
"HISENSE","55U6SNZ","LCD (LED)",0.33,54.63897637795275
"HISENSE","65U6SAU","LCD (LED)",0.37,64.5259842519685
"HISENSE","65U6SNZ","LCD (LED)",0.37,64.5259842519685
"HISENSE","75U6SAU","LCD (LED)",0.33,74.54330708661418
"HISENSE","75U6SNZ","LCD (LED)",0.33,74.54330708661418
"HISENSE","85U6SAU","LCD (LED)",0.33,84.56023622047243
"HISENSE","85U6SNZ","LCD (LED)",0.33,84.56023622047243
"AIWA","AWB323DWC","LCD",0.44,31.511417322834646
"TECO","LED58BQUSRC","LCD (LED)",0.4,57.50708661417323
"AIWA","AWB557QW","LCD (LED)",0.45,54.63897637795275
"KOGAN","KAQL32Q9VA","LCD (LED)",0.42,31.48307086614173
"KOGAN","KAQL32Q9VB","LCD (LED)",0.42,31.48307086614173
"KOGAN","KAQL32Q9VC","LCD (LED)",0.42,31.48307086614173
"KOGAN","*********32*********","LCD (LED)",0.42,31.48307086614173
"SYLVOX","RT40G3KOFA","LCD",0.36,39.50905511811023
"SYLVOX","RT40G3KOCA","LCD",0.36,39.50905511811023
"SYLVOX","RQ40G3KOCA","LCD",0.36,39.50905511811023
"SYLVOX","R*40G3KO**","LCD",0.36,39.50905511811023
"LG","50UJ660H5LD","LCD (LED)",0.4,49.4988188976378
"CHIQ","U75QM10","LCD (LED)",0.32,74.54330708661418
"HISENSE","55U6S series","LCD (LED)",0.33,54.63897637795275
"HISENSE","65U6S series","LCD (LED)",0.37,64.5259842519685
"HISENSE","75U6S series","LCD (LED)",0.33,74.54330708661418
"HISENSE","85U6S series","LCD (LED)",0.33,84.56023622047243
"LG","115QNED90BS","LCD (LED)",0.46,114.48188976377952
"LG","115QNED93B6","LCD (LED)",0.46,114.48188976377952
"LG","115QNED92BU","LCD (LED)",0.46,114.48188976377952
"LG","115QNED90BK","LCD (LED)",0.46,114.48188976377952
"LG","115QNED93B1","LCD (LED)",0.46,114.48188976377952
"LG","115QNED93B2","LCD (LED)",0.46,114.48188976377952
"LG","115QNED93B3","LCD (LED)",0.46,114.48188976377952
"LG","115QNED93B4","LCD (LED)",0.46,114.48188976377952
"LG","115QNED93B5","LCD (LED)",0.46,114.48188976377952
"LG","115QNED93B7","LCD (LED)",0.46,114.48188976377952
"LG","115QNED9###","LCD (LED)",0.46,114.48188976377952
"KOGAN","KAQL55Q9VA","LCD (LED)",0.45,54.64488188976378
"KOGAN","KAQL55Q9VB","LCD (LED)",0.45,54.64488188976378
"KOGAN","KAQL55Q9VC","LCD (LED)",0.45,54.64488188976378
"KOGAN","*********55*********","LCD (LED)",0.45,54.64488188976378
"KOGAN","KAQL65Q9VA","LCD (LED)",0.45,64.51889763779526
"KOGAN","KAQL65Q9VB","LCD (LED)",0.45,64.51889763779526
"KOGAN","KAQL65Q9VC","LCD (LED)",0.45,64.51889763779526
"KOGAN","*********65*********","LCD (LED)",0.45,64.51889763779526
"KOGAN","KAQL50Q9VA","LCD (LED)",0.45,49.49803149606299
"KOGAN","KAQL50Q9VB","LCD (LED)",0.45,49.49803149606299
"KOGAN","KAQL50Q9VC","LCD (LED)",0.45,49.49803149606299
"KOGAN","*********50*********","LCD (LED)",0.45,49.49803149606299
"KOGAN","KAQL43Q9VA","LCD (LED)",0.39,42.5
"KOGAN","KAQL43Q9VB","LCD (LED)",0.39,42.5
"KOGAN","KAQL43Q9VC","LCD (LED)",0.39,42.5
"KOGAN","*********43*********","LCD (LED)",0.39,42.5
"KOGAN","KAQL40Q9VA","LCD (LED)",0.45,39.49015748031496
"KOGAN","KAQL40Q9VB","LCD (LED)",0.45,39.49015748031496
"KOGAN","KAQL40Q9VC","LCD (LED)",0.45,39.49015748031496
"KOGAN","*********40*********","LCD (LED)",0.45,39.49015748031496
"KOGAN","KAQL75Q9VA","LCD (LED)",0.43,74.52992125984252
"KOGAN","KAQL75Q9VB","LCD (LED)",0.43,74.52992125984252
"KOGAN","*********75*********","LCD (LED)",0.43,74.52992125984252
"KOGAN","KAQL85Q9VA","LCD (LED)",0.45,84.56023622047243
"TECO","LED65BQUSRC","LCD (LED)",0.3,64.5259842519685
"SAMSUNG","MRA100R85HW","LCD (LED)",0.5,99.52125984251968
"SAMSUNG","MRA100R85HS","LCD (LED)",0.5,99.52125984251968
"SAMSUNG","MRA100R85H*","LCD (LED)",0.5,99.52125984251968
"HISENSE","50U6QAU PRO","LCD (LED)",0.3,49.5003937007874
"HISENSE","50U6QNZ PRO","LCD (LED)",0.3,49.5003937007874
"HISENSE","50U6SAU","LCD (LED)",0.3,49.5003937007874
"HISENSE","50U6SNZ","LCD (LED)",0.3,49.5003937007874
"HISENSE","50U6 Series","LCD (LED)",0.3,49.5003937007874
"LG","55QNED90BSA","LCD (LED)",0.39,54.63897637795275
"LG","65QNED90BSA","LCD (LED)",0.38,64.5259842519685
"LG","75QNED90BSA","LCD (LED)",0.38,74.54330708661418
"LG","85QNED90BSA","LCD (LED)",0.38,84.56023622047243
"KOGAN","KAQL75Q9VAC","LCD (LED)",0.43,74.52992125984252
"KOGAN","KAL75U96VA","LCD (LED)",0.43,74.52992125984252
"KOGAN","KAL75U96VB","LCD (LED)",0.43,74.52992125984252
"KOGAN","KAL75U96VC","LCD (LED)",0.43,74.52992125984252
"KOGAN","KAL40F98VB","LCD (LED)",0.45,39.49015748031496
"HISENSE","55UR8SAU","LCD (LED)",0.36,54.63897637795275
"HISENSE","55UR8SNZ","LCD (LED)",0.36,54.63897637795275
"HISENSE","65UR8SAU","LCD (LED)",0.36,64.5259842519685
"HISENSE","65UR8SNZ","LCD (LED)",0.36,64.5259842519685
"HISENSE","75UR8SAU","LCD (LED)",0.36,74.54330708661418
"HISENSE","75UR8SNZ","LCD (LED)",0.36,74.54330708661418
"HISENSE","85UR8SAU","LCD (LED)",0.36,84.56023622047243
"HISENSE","85UR8SNZ","LCD (LED)",0.36,84.56023622047243
"HISENSE","100UR8SAU","LCD (LED)",0.36,99.52125984251968
"HISENSE","100UR8SNZ","LCD (LED)",0.36,99.52125984251968
"HISENSE","55UR8S series","LCD (LED)",0.36,54.63897637795275
"HISENSE","65UR8S series","LCD (LED)",0.36,64.5259842519685
"HISENSE","75UR8S series","LCD (LED)",0.36,74.54330708661418
"HISENSE","85UR8S series","LCD (LED)",0.36,84.56023622047243
"HISENSE","100UR8S series","LCD (LED)",0.36,99.52125984251968
"AIWA","AWB243DWC","LCD",0.0271,23.55275590551181
"LG","75UK762H0LB","LCD (LED)",0.4,74.51771653543307
"SAMSUNG","UA50M60HAW","LCD (LED)",0.5,49.4988188976378
"SAMSUNG","UA50M60HAS","LCD (LED)",0.5,49.4988188976378
"SAMSUNG","UA50M60HA*","LCD (LED)",0.5,49.4988188976378
"SONY","K-48A60","OLED",0.5,47.5248031496063
"CHIQ","55M810N","LCD (LED)",0.35,54.63897637795275
"CHIQ","65M810N","LCD (LED)",0.36,64.5259842519685
"CHIQ","75M810N","LCD (LED)",0.4,74.54330708661418
"HISENSE","75Q6Q series","LCD (LED)",0.26,74.54330708661418
"BAUHN","ATV75QLEDW-0826","LCD (LED)",0.38,74.54330708661418
"SONY","K-55A60","OLED",0.5,54.64488188976378
"SONY","K-65A60","OLED",0.5,64.51889763779526
"SONY","K-77A60","OLED",0.5,76.66377952755906
"VDT","LEW22BA16","LCD (LED)",0.45,21.53031496062992
"TCL","43G60K-IU","LCD (LED)",0.347,42.5
"TCL","50G60K-IU","LCD (LED)",0.367,49.463779527559055
"TCL","55G60K-IU","LCD (LED)",0.379,54.61062992125985
"VDT","LEW24BA16","LCD (LED)",0.45,23.807086614173226
"VDT","LEW32EA16","LCD (LED)",0.46,31.54763779527559
"CHIQ","32S510M","LCD (LED)",0.45,31.511417322834646
"CHIQ","L24D6CH","LCD (LED)",0.23,23.55275590551181
"AOA","LTD19FT","LCD (LED)",0.28,18.509055118110236
"AOA","LTD19FTD","LCD (LED)",0.35,18.509055118110236
"HISENSE","100Q7SAU","LCD (LED)",0.35,99.52125984251968
"HISENSE","100Q7SNZ","LCD (LED)",0.35,99.52125984251968
"HISENSE","100Q7S series","LCD (LED)",0.35,99.52125984251968
"HISENSE","100U6SAU","LCD (LED)",0.35,99.52125984251968
"HISENSE","100U6SNZ","LCD (LED)",0.35,99.52125984251968
"HISENSE","100U6S series","LCD (LED)",0.35,99.52125984251968
"LG","43UK762H5LB","LCD (LED)",0.4,42.514566929133856
"LG","50UK762H5LB","LCD (LED)",0.4,49.4988188976378
"LG","55UK762H5LB","LCD (LED)",0.4,54.63897637795275
"LG","65UK762H5LB","LCD (LED)",0.4,64.52637795275591
"FFALCON","FF40S55A","LCD (LED)",0.337,39.49015748031496
"FFALCON","FF32S55A","LCD (LED)",0.416,31.48307086614173
"TENET","T-185J201-MB2","LCD (LED)",0.2,18.509055118110236
"MONSTER","MT50QLDZEN","LCD (LED)",0.432,49.49803149606299
"MONSTER","MT55QLDZEN","LCD",0.41,54.673228346456696
"FPD","****32**********","LCD (LED)",0.3,31.511417322834646
"FPD","OG32-P1","LCD (LED)",0.3,31.511417322834646
"FPD","OG32-P2","LCD (LED)",0.3,31.511417322834646
"FPD","CG32-P3","LCD (LED)",0.3,31.511417322834646
"LG","43UK767H5LB","LCD (LED)",0.4,42.514566929133856
"LG","50UK767H5LB","LCD (LED)",0.4,49.4988188976378
"LG","55UK767H5LB","LCD (LED)",0.4,54.63897637795275
"LG","65UK767H5LB","LCD (LED)",0.4,64.52637795275591
"LG","75UK767H5LB","LCD (LED)",0.4,74.51771653543307
"CHIQ","85M810M","LCD (LED)",0.41,84.56023622047243
"CHIQ","100M810M","LCD (LED)",0.38,99.52125984251968
"SKYWORTH","55X66H","LCD (LED)",0.456,54.50354330708661
"SKYWORTH","55X6600H","LCD (LED)",0.456,54.50354330708661
"SKYWORTH","55V75","LCD (LED)",0.456,54.50354330708661
"MONSTER","MT65QLDZEN","LCD",0.42,64.52637795275591
"MONSTER","MT75QLDZEN","LCD",0.42,74.54330708661418
"MONSTER","MT85QLDZEN","LCD (LED)",0.41,84.56023622047243
"SAMSUNG","BE43HX-H","LCD (LED)",0.5,42.514566929133856
"SAMSUNG","BE50HX-H","LCD (LED)",0.5,49.4988188976378
"SAMSUNG","BE55HX-H","LCD (LED)",0.5,54.63897637795275
"SAMSUNG","BE65HX-H","LCD (LED)",0.5,64.52637795275591
"SAMSUNG","BE75HX-H","LCD (LED)",0.5,74.54251968503937
"SAMSUNG","BE85HX-H","LCD (LED)",0.5,84.56023622047243
"SONY","K-83A60","OLED",0.5,82.53385826771654
"HISENSE","116U7SAU","LCD (LED)",0.45,115.5003937007874
"HISENSE","116U7SNZ","LCD (LED)",0.45,115.5003937007874
"HISENSE","116U7S series","LCD (LED)",0.45,115.5003937007874
"FPD","CG40-P1","LCD (LED)",0.43,39.5007874015748
"FPD","CG40-P2","LCD (LED)",0.43,39.5007874015748
"FPD","CG40-P3","LCD (LED)",0.43,39.5007874015748
"FPD","OG40-P3","LCD (LED)",0.43,39.5007874015748
"FPD","AU40-P3","LCD (LED)",0.43,39.5007874015748
"FPD","****40*****","LCD (LED)",0.43,39.5007874015748
"FPD","AU24-P1","LCD (LED)",0.45,23.55275590551181
"FPD","CG24-P1","LCD (LED)",0.45,23.55275590551181
"FPD","CG24-P2","LCD (LED)",0.45,23.55275590551181
"FPD","CG24-P3","LCD (LED)",0.45,23.55275590551181
"FPD","OG24-P1","LCD (LED)",0.45,23.55275590551181
"FPD","****24*****","LCD (LED)",0.45,23.55275590551181
"FPD","AU43-C3","LCD (LED)",0.37,42.51417322834646
"FPD","CG43-C1","LCD (LED)",0.37,42.51417322834646
"FPD","CG43-C2","LCD (LED)",0.37,42.51417322834646
"FPD","CG43-C3","LCD (LED)",0.37,42.51417322834646
"FPD","OG43-C3","LCD (LED)",0.37,42.51417322834646
"FPD","****43*****","LCD (LED)",0.37,42.51417322834646
"DGTEC","DG24HDTB-23859","LCD",0.4237,23.546850393700787
"KOGAN","KAQL85Q9VB","LCD (LED)",0.45,84.56023622047243
"KOGAN","KAQL85Q9VC","LCD (LED)",0.45,84.56023622047243
"KOGAN","*********85*********","LCD (LED)",0.45,84.56023622047243
"KOGAN","KAQL43MQ9VA","LCD (LED)",0.39,42.5
"KOGAN","KAQL43MQ9VB","LCD (LED)",0.39,42.5
"KOGAN","KAQL43MQ9VC","LCD (LED)",0.39,42.5
"KOGAN","*********43*********","LCD (LED)",0.39,42.5
"SAMSUNG","HG43HL03HAW","LCD (LED)",0.5,42.514566929133856
"SAMSUNG","HG75HL03HAW","LCD (LED)",0.5,74.54251968503937
"SAMSUNG","HG65HL03HAW","LCD (LED)",0.5,64.52637795275591
"SAMSUNG","HG55HL03HAW","LCD (LED)",0.5,54.63897637795275
"BLAUPUNKT","BP700UTS","LCD",0.472,69.50314960629922
"QBELL","QTU70T","LCD",0.472,69.50314960629922
"EKO","K70USTW","LCD",0.472,69.50314960629922
"BAUHN","ATV50QLEDW-0826","LCD",0.42,49.50236220472441
"AOA","LTW24FHD","LCD (LED)",0.3,23.807086614173226
"SAMSUNG","UA43M60HAW","LCD (LED)",0.5,42.514566929133856
"SAMSUNG","UA43M60HAS","LCD (LED)",0.5,42.514566929133856
"SAMSUNG","UA43M60HA*","LCD (LED)",0.5,42.514566929133856
"AIWA","AWB323DH","LCD",0.48,31.511417322834646
"AIWA","AWB405DHH","LCD",0.36,39.5007874015748
"AIWA","AWB505DH","LCD",0.32,49.5003937007874
"AIWA","AWB557DH","LCD",0.41,54.63897637795275
"AIWA","AWB657DH","LCD",0.5,64.5259842519685
"AIWA","AWB757DH","LCD",0.49,74.54330708661418
"JVC","LT-32NQ3175A","LCD",0.45,31.511417322834646
"JVC","LT-40NQ5175A","LCD",0.36,39.5007874015748
"JVC","LT-50NQ5175A","LCD",0.4,49.5003937007874
"JVC","LT-65N7175A","LCD",0.5,64.5259842519685
"JVC","LT-55N7175A","LCD",0.41,54.63897637795275
"EKO","K55USTWQ","LCD",0.4,54.63897637795275
"EKO","K55USTW","LCD",0.4,54.63897637795275
"LG","65UJ760H5SD","LCD (LED)",0.4,64.52637795275591
"TOSHIBA","98Z670SP","LCD (LED)",0.33,97.51771653543307
"KOGAN","KAQL65MQ9VA","LCD (LED)",0.4,64.51889763779526
"KOGAN","KAQL65MQ9VB","LCD (LED)",0.4,64.51889763779526
"KOGAN","KAQL65MQ9VC","LCD (LED)",0.4,64.51889763779526
"KOGAN","*********65*********","LCD (LED)",0.4,64.51889763779526
"KOGAN","KAQL50MQ9VA","LCD (LED)",0.45,49.49803149606299
"KOGAN","KAQL50MQ9VB","LCD (LED)",0.45,49.49803149606299
"KOGAN","KAQL50MQ9VC","LCD (LED)",0.45,49.49803149606299
"KOGAN","*********50*********","LCD (LED)",0.45,49.49803149606299
"KOGAN","KAQL55MQ9VA","LCD (LED)",0.45,54.64488188976378
"KOGAN","KAQL55MQ9VB","LCD (LED)",0.45,54.64488188976378
"KOGAN","KAQL55MQ9VC","LCD (LED)",0.45,54.64488188976378
"KOGAN","*********55*********","LCD (LED)",0.45,54.64488188976378
"KOGAN","KAQL55XQ98GSVA","LCD (LED)",0.45,54.64488188976378
"KOGAN","KAQL55XQ98GSVB","LCD (LED)",0.45,54.64488188976378
"KOGAN","KAQL55XQ98GSVC","LCD (LED)",0.45,54.64488188976378
"KOGAN","*********55*********","LCD (LED)",0.45,54.64488188976378
"KOGAN","KAQL65XQ98GSVA","LCD (LED)",0.4,64.51889763779526
"KOGAN","KAQL65XQ98GSVB","LCD (LED)",0.4,64.51889763779526
"KOGAN","KAQL65XQ98GSVC","LCD (LED)",0.4,64.51889763779526
"KOGAN","*********65*********","LCD (LED)",0.4,64.51889763779526
"TCL","65G60K-IU","LCD (LED)",0.344,64.4996062992126
"BAUHN","ATV58UHDW-0926","LCD",0.412,57.46614173228346
"EKO","K32HST","LCD",0.25,31.511417322834646
"PHILIPS","55MLED601/79","LCD (LED)",0.39,54.576377952755905
"PHILIPS","65MLED601/79","LCD (LED)",0.38,64.51889763779526
"PHILIPS","75MLED601/79","LCD (LED)",0.26,74.54251968503937
"BAUHN","ATV58UHDW-0926","LCD",0.412,57.46614173228346
"HISENSE","58Q6SAU","LCD (LED)",0.29,57.50708661417323
"HISENSE","58Q6SNZ","LCD (LED)",0.29,57.50708661417323
"HISENSE","58Q6S","LCD (LED)",0.29,57.50708661417323
"BAUHN","ATV50UHDW-1026","LCD",0.418,49.50236220472441
"DGTEC","DG75QUHDW-25251","LCD (LED)",0.38,74.54330708661418
"SONIQ","G55UZ26A-AU","LCD",0.86,54.649212598425194
"SYLVOX","OQHTA3KOHK","LCD",0.47124,110.05866141732282
"SYLVOX","OQHTA4K8RK","LCD",0.47124,110.05866141732282
"SYLVOX","OTHTA3KOHK","LCD",0.47124,110.05866141732282
"SYLVOX","OTHTA4K8RK","LCD",0.47124,110.05866141732282
"SYLVOX","OQHTA3KHHK","LCD",0.47124,110.05866141732282
"SYLVOX","OTHTA3KHHK","LCD",0.47124,110.05866141732282
"SONIQ","G65UZ26A-AU","LCD",0.5,64.4996062992126
"SONIQ","G75UZ26A-AU","LCD",0.54,74.3992125984252
"SONY","KD-32W830K","LCD (LED)",0.5,31.517322834645668
